"","ID","benthic_class","geomorphic_class","dist_to_benth","dist_to_geo","infill_benth","infill_geo"
"1",1,"Rubble","Reef Slope",0,0,NA,NA
"2",2,"Rubble","Reef Slope",0,0,NA,NA
"3",3,"Rubble","Reef Slope",0,0,NA,NA
"4",4,"Rubble","Reef Slope",0,0,NA,NA
"5",5,"Rubble","Reef Slope",0,0,NA,NA
"6",6,"Rubble","Reef Slope",0,0,NA,NA
"7",7,"Sand","Sheltered Reef Slope",0,0,NA,NA
"8",8,"Rock","Reef Slope",68.4446200104366,33.7151916634691,"Rock","Reef Slope"
"9",9,"Rock","Reef Slope",68.4446200104366,33.7151916634691,"Rock","Reef Slope"
"10",10,"Rock","Reef Slope",68.4446200104366,33.7151916634691,"Rock","Reef Slope"
"11",11,"Rock","Sheltered Reef Slope",0,0,NA,NA
"12",12,"Rock","Sheltered Reef Slope",0,0,NA,NA
"13",13,"Rock","Sheltered Reef Slope",0,0,NA,NA
"14",14,"Rock","Back Reef Slope",29.9612572388361,0,"Rock",NA
"15",15,"Rock","Back Reef Slope",29.9612572388361,0,"Rock",NA
"16",16,"Rock","Back Reef Slope",29.9612572388361,0,"Rock",NA
"17",17,"Rock","Back Reef Slope",29.9612572388361,0,"Rock",NA
"18",18,"Rock","Back Reef Slope",62.7706331413793,0,"Rock",NA
"19",19,"Rock","Back Reef Slope",62.7706331413793,0,"Rock",NA
"20",20,"Rock","Back Reef Slope",62.7706331413793,0,"Rock",NA
"21",21,"Rock","Back Reef Slope",62.7706331413793,0,"Rock",NA
"22",22,"Sand","Deep Lagoon",0,0,NA,NA
"23",23,"Sand","Deep Lagoon",0,0,NA,NA
"24",24,"Sand","Deep Lagoon",0,0,NA,NA
"25",25,"Sand","Deep Lagoon",0,0,NA,NA
"26",26,"Sand","Sheltered Reef Slope",0,0,NA,NA
"27",27,"Sand","Sheltered Reef Slope",0,0,NA,NA
"28",28,"Sand","Sheltered Reef Slope",45.3921687061102,0,"Sand",NA
"29",29,"Sand","Sheltered Reef Slope",45.3921687061102,0,"Sand",NA
"30",30,"Sand","Sheltered Reef Slope",45.3921687061102,0,"Sand",NA
"31",31,"Sand","Sheltered Reef Slope",45.3921687061102,0,"Sand",NA
"32",32,"Rock","Reef Slope",0,0,NA,NA
"33",33,"Rock","Reef Slope",0,0,NA,NA
"34",34,"Rock","Reef Slope",0,0,NA,NA
"35",35,"Sand","Back Reef Slope",33.0765525548826,0,"Sand",NA
"36",36,"Sand","Back Reef Slope",33.0765525548826,0,"Sand",NA
"37",37,"Sand","Back Reef Slope",33.0765525548826,0,"Sand",NA
"38",38,"Sand","Back Reef Slope",33.0765525548826,0,"Sand",NA
"39",39,"Sand","Reef Slope",0,0,NA,NA
"40",40,"Sand","Reef Slope",0,0,NA,NA
"41",41,"Sand","Reef Slope",0,0,NA,NA
"42",42,"Sand","Reef Slope",0,0,NA,NA
"43",43,"Rubble","Back Reef Slope",33.092187957528,33.092187957528,"Rubble","Back Reef Slope"
"44",44,"Rubble","Back Reef Slope",33.092187957528,33.092187957528,"Rubble","Back Reef Slope"
"45",45,"Rubble","Back Reef Slope",33.092187957528,33.092187957528,"Rubble","Back Reef Slope"
"46",46,"Rock","Reef Slope",55.2096568697562,0,"Rock",NA
"47",47,"Rock","Reef Slope",55.2096568697562,0,"Rock",NA
"48",48,"Rock","Reef Slope",55.2096568697562,0,"Rock",NA
"49",49,"Rock","Reef Slope",46.936594574422,0,"Rock",NA
"50",50,"Rock","Reef Slope",46.936594574422,0,"Rock",NA
"51",51,"Rock","Reef Slope",46.936594574422,0,"Rock",NA
"52",52,"Sand","Sheltered Reef Slope",59.9452101520636,0,"Sand",NA
"53",53,"Sand","Sheltered Reef Slope",59.9452101520636,0,"Sand",NA
"54",54,"Sand","Sheltered Reef Slope",59.9452101520636,0,"Sand",NA
"55",55,"Sand","Sheltered Reef Slope",0,0,NA,NA
"56",56,"Sand","Sheltered Reef Slope",0,0,NA,NA
"57",57,"Sand","Sheltered Reef Slope",0,0,NA,NA
"58",58,"Sand","Sheltered Reef Slope",0,0,NA,NA
"59",59,"Sand","Sheltered Reef Slope",0,0,NA,NA
"60",60,"Sand","Back Reef Slope",0,0,NA,NA
"61",61,"Sand","Back Reef Slope",0,0,NA,NA
"62",62,"Rock","Patch Reef",0,0,NA,NA
"63",63,"Rock","Patch Reef",0,0,NA,NA
"64",64,"Sand","Deep Lagoon",0,0,NA,NA
"65",65,"Sand","Deep Lagoon",0,0,NA,NA
"66",66,"Coral/Algae","Sheltered Reef Slope",0,0,NA,NA
"67",67,"Coral/Algae","Deep Lagoon",0,0,NA,NA
"68",68,"Coral/Algae","Deep Lagoon",0,0,NA,NA
"69",69,"Rubble","Sheltered Reef Slope",38.8487762183446,0,"Rubble",NA
"70",70,NA,"Plateau",109.700998475727,0,NA,NA
"71",71,"Rubble","Sheltered Reef Slope",52.2716571648236,0,"Rubble",NA
"72",72,"Rubble","Back Reef Slope",87.4855502945077,0,"Rubble",NA
"73",73,"Rock","Outer Reef Flat",0,0,NA,NA
"74",74,NA,"Back Reef Slope",186.051361809511,0,NA,NA
"75",75,NA,"Back Reef Slope",186.051361809511,0,NA,NA
"76",76,"Rubble","Back Reef Slope",96.8581610776511,0,"Rubble",NA
"77",77,"Rubble","Back Reef Slope",96.8581610776511,0,"Rubble",NA
"78",78,"Rubble","Back Reef Slope",96.8581610776511,0,"Rubble",NA
"79",79,"Rubble","Reef Slope",83.9622894590084,35.8169945506903,"Rubble","Reef Slope"
"80",80,"Rock","Back Reef Slope",57.0439307818891,0,"Rock",NA
"81",81,"Rock","Back Reef Slope",57.0439307818891,0,"Rock",NA
"82",82,"Rock","Back Reef Slope",57.0439307818891,0,"Rock",NA
"83",83,"Rock","Back Reef Slope",57.0439307818891,0,"Rock",NA
"84",84,"Rock","Sheltered Reef Slope",50.1216510831654,0,"Rock",NA
"85",85,"Rock","Sheltered Reef Slope",50.1216510831654,0,"Rock",NA
"86",86,"Rock","Sheltered Reef Slope",50.1216510831654,0,"Rock",NA
"87",87,"Rock","Sheltered Reef Slope",50.1216510831654,0,"Rock",NA
"88",88,"Coral/Algae","Back Reef Slope",0,0,NA,NA
"89",89,"Coral/Algae","Back Reef Slope",0,0,NA,NA
"90",90,"Coral/Algae","Back Reef Slope",0,0,NA,NA
"91",91,"Coral/Algae","Back Reef Slope",0,0,NA,NA
"92",92,"Rock","Sheltered Reef Slope",88.3659956092217,0,"Rock",NA
"93",93,"Rock","Sheltered Reef Slope",88.3659956092217,0,"Rock",NA
"94",94,"Coral/Algae","Sheltered Reef Slope",89.2260344124976,69.6829896308881,"Coral/Algae","Sheltered Reef Slope"
"95",95,"Coral/Algae","Sheltered Reef Slope",89.2260344124976,69.6829896308881,"Coral/Algae","Sheltered Reef Slope"
"96",96,"Rock","Back Reef Slope",50.9543701224854,41.3995822555868,"Rock","Back Reef Slope"
"97",97,"Rock","Back Reef Slope",50.9543701224854,41.3995822555868,"Rock","Back Reef Slope"
"98",98,"Rock","Back Reef Slope",50.9543701224854,41.3995822555868,"Rock","Back Reef Slope"
"99",99,"Sand","Inner Reef Flat",0,0,NA,NA
"100",100,"Sand","Inner Reef Flat",0,0,NA,NA
"101",101,"Sand","Inner Reef Flat",0,0,NA,NA
"102",102,"Sand","Back Reef Slope",52.5430513721939,52.5430513721939,"Sand","Back Reef Slope"
"103",103,"Sand","Back Reef Slope",52.5430513721939,52.5430513721939,"Sand","Back Reef Slope"
"104",104,"Sand","Back Reef Slope",52.5430513721939,52.5430513721939,"Sand","Back Reef Slope"
"105",105,"Sand","Back Reef Slope",52.5430513721939,52.5430513721939,"Sand","Back Reef Slope"
"106",106,"Rock","Reef Slope",80.8729249245434,80.8729249245434,"Rock","Reef Slope"
"107",107,"Rock","Reef Slope",80.8729249245434,80.8729249245434,"Rock","Reef Slope"
"108",108,"Rock","Reef Slope",80.8729249245434,80.8729249245434,"Rock","Reef Slope"
"109",109,"Rock","Reef Slope",80.8729249245434,80.8729249245434,"Rock","Reef Slope"
"110",110,"Rock","Reef Slope",80.8729249245434,80.8729249245434,"Rock","Reef Slope"
"111",111,"Rock","Reef Slope",80.8729249245434,80.8729249245434,"Rock","Reef Slope"
"112",112,"Sand","Sheltered Reef Slope",91.4783652477464,0,"Sand",NA
"113",113,"Rock","Back Reef Slope",53.253468929275,53.253468929275,"Rock","Back Reef Slope"
"114",114,"Rock","Back Reef Slope",53.253468929275,53.253468929275,"Rock","Back Reef Slope"
"115",115,"Rock","Back Reef Slope",53.253468929275,53.253468929275,"Rock","Back Reef Slope"
"116",116,"Rock","Back Reef Slope",53.253468929275,53.253468929275,"Rock","Back Reef Slope"
"117",117,"Rock","Back Reef Slope",53.253468929275,53.253468929275,"Rock","Back Reef Slope"
"118",118,"Rock","Back Reef Slope",53.253468929275,53.253468929275,"Rock","Back Reef Slope"
"119",119,"Rubble","Back Reef Slope",56.3193984960039,43.888676212192,"Rubble","Back Reef Slope"
"120",120,"Rubble","Back Reef Slope",56.3193984960039,43.888676212192,"Rubble","Back Reef Slope"
"121",121,"Rubble","Back Reef Slope",56.3193984960039,43.888676212192,"Rubble","Back Reef Slope"
"122",122,"Rubble","Back Reef Slope",56.3193984960039,43.888676212192,"Rubble","Back Reef Slope"
"123",123,"Rubble","Back Reef Slope",56.3193984960039,43.888676212192,"Rubble","Back Reef Slope"
"124",124,"Rubble","Back Reef Slope",56.3193984960039,43.888676212192,"Rubble","Back Reef Slope"
"125",125,"Sand","Sheltered Reef Slope",0,0,NA,NA
"126",126,"Sand","Sheltered Reef Slope",0,0,NA,NA
"127",127,"Sand","Sheltered Reef Slope",0,0,NA,NA
"128",128,"Sand","Sheltered Reef Slope",0,0,NA,NA
"129",129,"Sand","Sheltered Reef Slope",0,0,NA,NA
"130",130,"Sand","Sheltered Reef Slope",0,0,NA,NA
"131",131,"Sand","Sheltered Reef Slope",50.3433023605849,0,"Sand",NA
"132",132,"Sand","Sheltered Reef Slope",50.3433023605849,0,"Sand",NA
"133",133,"Sand","Sheltered Reef Slope",50.3433023605849,0,"Sand",NA
"134",134,"Sand","Sheltered Reef Slope",50.3433023605849,0,"Sand",NA
"135",135,"Rock","Outer Reef Flat",0,0,NA,NA
"136",136,"Rock","Outer Reef Flat",0,0,NA,NA
"137",137,"Rock","Outer Reef Flat",0,0,NA,NA
"138",138,"Rock","Reef Slope",0,0,NA,NA
"139",139,"Rock","Reef Slope",0,0,NA,NA
"140",140,"Rock","Reef Slope",0,0,NA,NA
"141",141,"Rock","Reef Slope",0,0,NA,NA
"142",142,"Rock","Outer Reef Flat",0,0,NA,NA
"143",143,"Rock","Reef Crest",0,0,NA,NA
"144",144,"Rock","Reef Crest",0,0,NA,NA
"145",145,"Rock","Reef Slope",0,0,NA,NA
"146",146,"Rock","Outer Reef Flat",0,0,NA,NA
"147",147,"Rock","Outer Reef Flat",0,0,NA,NA
"148",148,"Rock","Outer Reef Flat",0,0,NA,NA
"149",149,"Rock","Outer Reef Flat",0,0,NA,NA
"150",150,"Coral/Algae","Outer Reef Flat",0,0,NA,NA
"151",151,"Rock","Outer Reef Flat",0,0,NA,NA
"152",152,"Rock","Reef Slope",79.1285200916496,0,"Rock",NA
"153",153,"Rock","Reef Slope",79.1285200916496,0,"Rock",NA
"154",154,"Rock","Outer Reef Flat",0,0,NA,NA
"155",155,"Rubble","Sheltered Reef Slope",0,0,NA,NA
"156",156,"Rubble","Sheltered Reef Slope",0,0,NA,NA
"157",157,"Rubble","Sheltered Reef Slope",0,0,NA,NA
"158",158,"Rubble","Sheltered Reef Slope",0,0,NA,NA
"159",159,"Rock","Outer Reef Flat",0,0,NA,NA
"160",160,"Coral/Algae","Outer Reef Flat",0,0,NA,NA
"161",161,"Coral/Algae","Outer Reef Flat",0,0,NA,NA
"162",162,"Sand","Sheltered Reef Slope",38.5594632202518,0,"Sand",NA
"163",163,"Sand","Sheltered Reef Slope",38.5594632202518,0,"Sand",NA
"164",164,"Sand","Sheltered Reef Slope",38.5594632202518,0,"Sand",NA
"165",165,"Sand","Sheltered Reef Slope",38.5594632202518,0,"Sand",NA
"166",166,"Coral/Algae","Back Reef Slope",63.9873112374973,0,"Coral/Algae",NA
"167",167,"Coral/Algae","Back Reef Slope",63.9873112374973,0,"Coral/Algae",NA
"168",168,NA,"Back Reef Slope",133.181714446903,0,NA,NA
"169",169,NA,"Back Reef Slope",133.181714446903,0,NA,NA
"170",170,"Sand","Back Reef Slope",58.9358814121816,0,"Sand",NA
"171",171,"Sand","Back Reef Slope",58.9358814121816,0,"Sand",NA
"172",172,"Coral/Algae","Reef Slope",37.4981969349898,0,"Coral/Algae",NA
"173",173,"Rock","Reef Crest",0,0,NA,NA
"174",174,"Rock","Outer Reef Flat",0,0,NA,NA
"175",175,NA,"Sheltered Reef Slope",116.510454018602,0,NA,NA
"176",176,NA,"Sheltered Reef Slope",116.510454018602,0,NA,NA
"177",177,NA,"Sheltered Reef Slope",116.510454018602,0,NA,NA
"178",178,"Rock","Back Reef Slope",0,0,NA,NA
"179",179,"Sand","Sheltered Reef Slope",93.1053980379296,0,"Sand",NA
"180",180,"Rock","Back Reef Slope",50.565572317323,0,"Rock",NA
"181",181,"Rock","Back Reef Slope",50.565572317323,0,"Rock",NA
"182",182,"Rock","Back Reef Slope",50.565572317323,0,"Rock",NA
"183",183,"Coral/Algae","Reef Slope",0,0,NA,NA
"184",184,"Coral/Algae","Reef Slope",0,0,NA,NA
"185",185,"Coral/Algae","Reef Slope",0,0,NA,NA
"186",186,"Coral/Algae","Outer Reef Flat",0,0,NA,NA
"187",187,"Coral/Algae","Outer Reef Flat",0,0,NA,NA
"188",188,"Coral/Algae","Outer Reef Flat",0,0,NA,NA
"189",189,"Coral/Algae","Outer Reef Flat",0,0,NA,NA
"190",190,"Rock","Sheltered Reef Slope",0,0,NA,NA
"191",191,"Rock","Outer Reef Flat",0,0,NA,NA
"192",192,"Rock","Outer Reef Flat",0,0,NA,NA
"193",193,"Rock","Outer Reef Flat",0,0,NA,NA
"194",194,"Rock","Back Reef Slope",0,0,NA,NA
"195",195,"Rock","Back Reef Slope",0,0,NA,NA
"196",196,"Rock","Back Reef Slope",0,0,NA,NA
"197",197,"Rock","Back Reef Slope",0,0,NA,NA
"198",198,"Rock","Back Reef Slope",0,0,NA,NA
"199",199,"Rock","Sheltered Reef Slope",0,0,NA,NA
"200",200,"Rock","Sheltered Reef Slope",0,0,NA,NA
"201",201,"Rock","Sheltered Reef Slope",0,0,NA,NA
"202",202,"Coral/Algae","Outer Reef Flat",0,0,NA,NA
"203",203,"Coral/Algae","Outer Reef Flat",0,0,NA,NA
"204",204,"Coral/Algae","Outer Reef Flat",0,0,NA,NA
"205",205,"Coral/Algae","Outer Reef Flat",0,0,NA,NA
"206",206,"Coral/Algae","Outer Reef Flat",0,0,NA,NA
"207",207,"Rubble","Back Reef Slope",0,0,NA,NA
"208",208,"Rubble","Back Reef Slope",0,0,NA,NA
"209",209,"Rubble","Back Reef Slope",0,0,NA,NA
"210",210,"Rubble","Back Reef Slope",0,0,NA,NA
"211",211,"Rubble","Back Reef Slope",0,0,NA,NA
"212",212,"Rock","Outer Reef Flat",0,0,NA,NA
"213",213,"Rock","Outer Reef Flat",0,0,NA,NA
"214",214,"Rock","Outer Reef Flat",0,0,NA,NA
"215",215,"Rock","Sheltered Reef Slope",52.3915802968147,0,"Rock",NA
"216",216,"Rock","Sheltered Reef Slope",52.3915802968147,0,"Rock",NA
"217",217,"Rock","Sheltered Reef Slope",52.3915802968147,0,"Rock",NA
"218",218,"Rock","Sheltered Reef Slope",52.3915802968147,0,"Rock",NA
"219",219,"Rock","Sheltered Reef Slope",52.3915802968147,0,"Rock",NA
"220",220,"Coral/Algae","Reef Slope",74.4597272230927,0,"Coral/Algae",NA
"221",221,"Sand","Sheltered Reef Slope",52.8586178096604,0,"Sand",NA
"222",222,"Coral/Algae","Outer Reef Flat",0,0,NA,NA
"223",223,"Coral/Algae","Outer Reef Flat",0,0,NA,NA
"224",224,"Coral/Algae","Outer Reef Flat",0,0,NA,NA
"225",225,"Coral/Algae","Outer Reef Flat",0,0,NA,NA
"226",226,"Coral/Algae","Outer Reef Flat",0,0,NA,NA
"227",227,"Sand","Sheltered Reef Slope",0,0,NA,NA
"228",228,"Sand","Sheltered Reef Slope",0,0,NA,NA
"229",229,"Sand","Sheltered Reef Slope",0,0,NA,NA
"230",230,"Sand","Sheltered Reef Slope",59.8136794781048,0,"Sand",NA
"231",231,"Sand","Sheltered Reef Slope",59.8136794781048,0,"Sand",NA
"232",232,"Sand","Sheltered Reef Slope",59.8136794781048,0,"Sand",NA
"233",233,NA,"Sheltered Reef Slope",107.044078925834,57.0808667717591,NA,"Sheltered Reef Slope"
"234",234,NA,"Sheltered Reef Slope",107.044078925834,57.0808667717591,NA,"Sheltered Reef Slope"
"235",235,NA,"Sheltered Reef Slope",107.044078925834,57.0808667717591,NA,"Sheltered Reef Slope"
"236",236,"Sand","Reef Slope",69.1168049837533,0,"Sand",NA
"237",237,"Sand","Reef Slope",69.1168049837533,0,"Sand",NA
"238",238,"Sand","Reef Slope",69.1168049837533,0,"Sand",NA
"239",239,"Rock","Outer Reef Flat",0,0,NA,NA
"240",240,"Rock","Outer Reef Flat",0,0,NA,NA
"241",241,"Rock","Outer Reef Flat",0,0,NA,NA
"242",242,"Sand","Deep Lagoon",89.4931089477143,0,"Sand",NA
"243",243,"Sand","Deep Lagoon",89.4931089477143,0,"Sand",NA
"244",244,"Sand","Deep Lagoon",89.4931089477143,0,"Sand",NA
"245",245,"Sand","Inner Reef Flat",0,0,NA,NA
"246",246,"Sand","Inner Reef Flat",0,0,NA,NA
"247",247,"Sand","Inner Reef Flat",0,0,NA,NA
"248",248,"Sand","Inner Reef Flat",0,0,NA,NA
"249",249,"Sand","Inner Reef Flat",0,0,NA,NA
"250",250,"Coral/Algae","Sheltered Reef Slope",86.256964100969,0,"Coral/Algae",NA
"251",251,"Coral/Algae","Sheltered Reef Slope",86.256964100969,0,"Coral/Algae",NA
"252",252,"Coral/Algae","Sheltered Reef Slope",86.256964100969,0,"Coral/Algae",NA
"253",253,"Coral/Algae","Sheltered Reef Slope",86.256964100969,0,"Coral/Algae",NA
"254",254,"Coral/Algae","Sheltered Reef Slope",86.256964100969,0,"Coral/Algae",NA
"255",255,"Rock","Reef Crest",0,0,NA,NA
"256",256,"Sand","Sheltered Reef Slope",0,0,NA,NA
"257",257,"Sand","Sheltered Reef Slope",0,0,NA,NA
"258",258,"Sand","Sheltered Reef Slope",0,0,NA,NA
"259",259,"Sand","Sheltered Reef Slope",0,0,NA,NA
"260",260,"Sand","Sheltered Reef Slope",0,0,NA,NA
"261",261,NA,"Sheltered Reef Slope",120.295813095338,86.3819022342091,NA,"Sheltered Reef Slope"
"262",262,NA,"Sheltered Reef Slope",120.295813095338,86.3819022342091,NA,"Sheltered Reef Slope"
"263",263,NA,"Sheltered Reef Slope",120.295813095338,86.3819022342091,NA,"Sheltered Reef Slope"
"264",264,NA,"Sheltered Reef Slope",120.295813095338,86.3819022342091,NA,"Sheltered Reef Slope"
"265",265,"Sand","Sheltered Reef Slope",39.2826652082443,0,"Sand",NA
"266",266,"Sand","Sheltered Reef Slope",39.2826652082443,0,"Sand",NA
"267",267,"Sand","Sheltered Reef Slope",39.2826652082443,0,"Sand",NA
"268",268,"Sand","Sheltered Reef Slope",39.2826652082443,0,"Sand",NA
"269",269,"Sand","Sheltered Reef Slope",39.2826652082443,0,"Sand",NA
"270",270,NA,"Sheltered Reef Slope",108.010745310644,58.0695197836209,NA,"Sheltered Reef Slope"
"271",271,NA,"Sheltered Reef Slope",108.010745310644,58.0695197836209,NA,"Sheltered Reef Slope"
"272",272,NA,"Sheltered Reef Slope",108.010745310644,58.0695197836209,NA,"Sheltered Reef Slope"
"273",273,NA,"Sheltered Reef Slope",108.010745310644,58.0695197836209,NA,"Sheltered Reef Slope"
"274",274,NA,"Sheltered Reef Slope",100.223929337329,29.871353723955,NA,"Sheltered Reef Slope"
"275",275,NA,"Sheltered Reef Slope",100.223929337329,29.871353723955,NA,"Sheltered Reef Slope"
"276",276,NA,"Sheltered Reef Slope",100.223929337329,29.871353723955,NA,"Sheltered Reef Slope"
"277",277,"Sand","Inner Reef Flat",0,0,NA,NA
"278",278,"Sand","Inner Reef Flat",0,0,NA,NA
"279",279,"Sand","Inner Reef Flat",0,0,NA,NA
"280",280,"Rock","Sheltered Reef Slope",78.8847627771795,0,"Rock",NA
"281",281,"Rock","Sheltered Reef Slope",78.8847627771795,0,"Rock",NA
"282",282,"Rock","Sheltered Reef Slope",78.8847627771795,0,"Rock",NA
"283",283,"Rock","Sheltered Reef Slope",78.8847627771795,0,"Rock",NA
"284",284,"Sand","Sheltered Reef Slope",42.3447671749821,0,"Sand",NA
"285",285,"Sand","Sheltered Reef Slope",42.3447671749821,0,"Sand",NA
"286",286,"Sand","Sheltered Reef Slope",45.7228819951141,0,"Sand",NA
"287",287,"Sand","Sheltered Reef Slope",45.7228819951141,0,"Sand",NA
"288",288,"Sand","Sheltered Reef Slope",45.7228819951141,0,"Sand",NA
"289",289,"Sand","Sheltered Reef Slope",45.7228819951141,0,"Sand",NA
"290",290,"Sand","Inner Reef Flat",0,0,NA,NA
"291",291,"Sand","Inner Reef Flat",0,0,NA,NA
"292",292,"Sand","Inner Reef Flat",0,0,NA,NA
"293",293,"Sand","Inner Reef Flat",0,0,NA,NA
"294",294,"Sand","Inner Reef Flat",0,0,NA,NA
"295",295,"Rock","Reef Slope",0,0,NA,NA
"296",296,"Rubble","Sheltered Reef Slope",0,0,NA,NA
"297",297,"Rubble","Sheltered Reef Slope",0,0,NA,NA
"298",298,"Rubble","Sheltered Reef Slope",0,0,NA,NA
"299",299,"Rubble","Sheltered Reef Slope",0,0,NA,NA
"300",300,"Sand","Back Reef Slope",0,0,NA,NA
"301",301,"Sand","Back Reef Slope",0,0,NA,NA
"302",302,"Sand","Back Reef Slope",0,0,NA,NA
"303",303,"Sand","Sheltered Reef Slope",0,0,NA,NA
"304",304,"Sand","Sheltered Reef Slope",0,0,NA,NA
"305",305,"Rock","Sheltered Reef Slope",0,0,NA,NA
"306",306,"Rock","Sheltered Reef Slope",0,0,NA,NA
"307",307,"Rock","Sheltered Reef Slope",0,0,NA,NA
"308",308,"Rock","Sheltered Reef Slope",0,0,NA,NA
"309",309,"Rock","Sheltered Reef Slope",0,0,NA,NA
"310",310,"Rock","Sheltered Reef Slope",0,0,NA,NA
"311",311,"Sand","Deep Lagoon",40.9069413940712,0,"Sand",NA
"312",312,"Sand","Deep Lagoon",40.9069413940712,0,"Sand",NA
"313",313,"Coral/Algae","Sheltered Reef Slope",0,0,NA,NA
"314",314,"Coral/Algae","Sheltered Reef Slope",0,0,NA,NA
"315",315,"Coral/Algae","Sheltered Reef Slope",0,0,NA,NA
"316",316,"Coral/Algae","Sheltered Reef Slope",0,0,NA,NA
"317",317,"Coral/Algae","Sheltered Reef Slope",0,0,NA,NA
"318",318,"Coral/Algae","Sheltered Reef Slope",0,0,NA,NA
"319",319,"Rock","Outer Reef Flat",0,0,NA,NA
"320",320,"Rock","Outer Reef Flat",0,0,NA,NA
"321",321,"Rock","Outer Reef Flat",0,0,NA,NA
"322",322,"Rock","Outer Reef Flat",0,0,NA,NA
"323",323,"Rock","Outer Reef Flat",0,0,NA,NA
"324",324,"Sand","Deep Lagoon",0,0,NA,NA
"325",325,"Sand","Deep Lagoon",0,0,NA,NA
"326",326,"Rock","Sheltered Reef Slope",41.6469069962614,0,"Rock",NA
"327",327,"Rock","Sheltered Reef Slope",41.6469069962614,0,"Rock",NA
"328",328,"Sand","Sheltered Reef Slope",0,0,NA,NA
"329",329,"Sand","Sheltered Reef Slope",0,0,NA,NA
"330",330,"Sand","Sheltered Reef Slope",0,0,NA,NA
"331",331,"Coral/Algae","Sheltered Reef Slope",50.877651414092,0,"Coral/Algae",NA
"332",332,"Rock","Reef Slope",39.3102626016209,0,"Rock",NA
"333",333,"Rock","Reef Slope",39.3102626016209,0,"Rock",NA
"334",334,"Rock","Reef Slope",83.0519716839197,0,"Rock",NA
"335",335,"Rock","Reef Slope",83.0519716839197,0,"Rock",NA
"336",336,"Rock","Reef Slope",83.0519716839197,0,"Rock",NA
"337",337,"Rock","Reef Slope",83.0519716839197,0,"Rock",NA
"338",338,"Rock","Reef Slope",83.0519716839197,0,"Rock",NA
"339",339,"Sand","Sheltered Reef Slope",0,0,NA,NA
"340",340,"Sand","Sheltered Reef Slope",0,0,NA,NA
"341",341,"Coral/Algae","Outer Reef Flat",0,0,NA,NA
"342",342,"Coral/Algae","Outer Reef Flat",0,0,NA,NA
"343",343,"Coral/Algae","Outer Reef Flat",0,0,NA,NA
"344",344,"Coral/Algae","Outer Reef Flat",0,0,NA,NA
"345",345,"Sand","Deep Lagoon",34.0786606883295,0,"Sand",NA
"346",346,"Rubble","Reef Slope",81.4817907860519,0,"Rubble",NA
"347",347,"Rubble","Reef Slope",81.4817907860519,0,"Rubble",NA
"348",348,"Rubble","Reef Slope",81.4817907860519,0,"Rubble",NA
"349",349,"Rubble","Sheltered Reef Slope",0,0,NA,NA
"350",350,NA,NA,104.748690414471,103.709613697727,NA,NA
"351",351,NA,NA,104.748690414471,103.709613697727,NA,NA
"352",352,NA,NA,104.748690414471,103.709613697727,NA,NA
"353",353,NA,NA,104.748690414471,103.709613697727,NA,NA
"354",354,NA,"Plateau",341.331268916022,27.2608371655437,NA,"Plateau"
"355",355,NA,"Plateau",341.331268916022,27.2608371655437,NA,"Plateau"
"356",356,NA,"Plateau",341.331268916022,27.2608371655437,NA,"Plateau"
"357",357,NA,"Plateau",341.331268916022,27.2608371655437,NA,"Plateau"
"358",358,"Rubble","Reef Slope",0,0,NA,NA
"359",359,"Rubble","Reef Slope",0,0,NA,NA
"360",360,"Sand","Back Reef Slope",0,0,NA,NA
"361",361,"Sand","Back Reef Slope",0,0,NA,NA
"362",362,"Sand","Back Reef Slope",99.6473344932712,0,"Sand",NA
"363",363,"Rock","Outer Reef Flat",0,0,NA,NA
"364",364,"Rubble","Sheltered Reef Slope",73.2503369897262,0,"Rubble",NA
"365",365,"Rock","Back Reef Slope",31.9282940494575,31.9282940494575,"Rock","Back Reef Slope"
"366",366,"Rock","Back Reef Slope",31.9282940494575,31.9282940494575,"Rock","Back Reef Slope"
"367",367,"Rock","Back Reef Slope",31.9282940494575,31.9282940494575,"Rock","Back Reef Slope"
"368",368,"Rock","Outer Reef Flat",0,0,NA,NA
"369",369,"Rock","Outer Reef Flat",0,0,NA,NA
"370",370,"Rock","Outer Reef Flat",0,0,NA,NA
"371",371,"Rock","Outer Reef Flat",0,0,NA,NA
"372",372,"Rock","Reef Slope",0,0,NA,NA
"373",373,"Rock","Reef Slope",0,0,NA,NA
"374",374,"Rock","Reef Slope",39.2386502863839,0,"Rock",NA
"375",375,"Rock","Reef Slope",39.2386502863839,0,"Rock",NA
"376",376,"Rock","Reef Slope",0,0,NA,NA
"377",377,"Rock","Reef Slope",0,0,NA,NA
"378",378,"Rock","Reef Slope",47.8111453555627,0,"Rock",NA
"379",379,"Rock","Reef Slope",47.8111453555627,0,"Rock",NA
"380",380,"Rock","Reef Slope",47.8111453555627,0,"Rock",NA
"381",381,"Rock","Reef Slope",0,0,NA,NA
"382",382,"Rock","Reef Slope",0,0,NA,NA
"383",383,"Rock","Reef Slope",0,0,NA,NA
"384",384,"Rock","Reef Slope",0,0,NA,NA
"385",385,"Rock","Reef Slope",0,0,NA,NA
"386",386,"Rock","Reef Slope",0,0,NA,NA
"387",387,"Rock","Reef Slope",53.7209064446785,0,"Rock",NA
"388",388,"Rock","Reef Slope",53.7209064446785,0,"Rock",NA
"389",389,"Rock","Reef Slope",53.7209064446785,0,"Rock",NA
"390",390,"Coral/Algae","Reef Slope",0,0,NA,NA
"391",391,"Coral/Algae","Reef Slope",0,0,NA,NA
"392",392,"Coral/Algae","Reef Slope",0,0,NA,NA
"393",393,"Rock","Reef Slope",0,0,NA,NA
"394",394,"Rock","Reef Slope",0,0,NA,NA
"395",395,"Rock","Reef Slope",0,0,NA,NA
"396",396,"Rubble","Reef Slope",44.1297259203016,0,"Rubble",NA
"397",397,"Rubble","Reef Slope",44.1297259203016,0,"Rubble",NA
"398",398,"Rubble","Reef Slope",44.1297259203016,0,"Rubble",NA
"399",399,"Rubble","Reef Slope",44.1297259203016,0,"Rubble",NA
"400",400,"Rock","Reef Slope",0,0,NA,NA
"401",401,"Rock","Reef Slope",0,0,NA,NA
"402",402,"Rock","Reef Slope",0,0,NA,NA
"403",403,"Rock","Reef Slope",0,0,NA,NA
"404",404,"Rock","Reef Slope",0,0,NA,NA
"405",405,"Rock","Reef Slope",0,0,NA,NA
"406",406,"Rock","Reef Slope",0,0,NA,NA
"407",407,"Rock","Reef Slope",33.3247060303451,0,"Rock",NA
"408",408,"Rock","Reef Slope",33.3247060303451,0,"Rock",NA
"409",409,"Rock","Reef Slope",33.3247060303451,0,"Rock",NA
"410",410,"Rock","Reef Slope",0,0,NA,NA
"411",411,"Rock","Reef Slope",0,0,NA,NA
"412",412,"Rock","Reef Slope",0,0,NA,NA
"413",413,"Rock","Outer Reef Flat",0,0,NA,NA
"414",414,"Rock","Outer Reef Flat",0,0,NA,NA
"415",415,"Rock","Outer Reef Flat",0,0,NA,NA
"416",416,"Rock","Outer Reef Flat",0,0,NA,NA
"417",417,"Rock","Outer Reef Flat",0,0,NA,NA
"418",418,"Coral/Algae","Outer Reef Flat",0,0,NA,NA
"419",419,"Rock","Reef Slope",39.1377223773451,0,"Rock",NA
"420",420,"Rock","Reef Slope",39.1377223773451,0,"Rock",NA
"421",421,"Rock","Outer Reef Flat",0,0,NA,NA
"422",422,"Rubble","Sheltered Reef Slope",64.8360500997001,0,"Rubble",NA
"423",423,"Rubble","Sheltered Reef Slope",64.8360500997001,0,"Rubble",NA
"424",424,"Sand","Sheltered Reef Slope",0,0,NA,NA
"425",425,"Sand","Back Reef Slope",0,0,NA,NA
"426",426,"Sand","Back Reef Slope",0,0,NA,NA
"427",427,"Rock","Back Reef Slope",0,0,NA,NA
"428",428,"Rubble","Back Reef Slope",0,0,NA,NA
"429",429,NA,"Plateau",296.286823625667,0,NA,NA
"430",430,NA,"Plateau",296.286823625667,0,NA,NA
"431",431,"Coral/Algae","Deep Lagoon",0,0,NA,NA
"432",432,"Sand","Deep Lagoon",42.4300608053784,0,"Sand",NA
"433",433,"Rubble","Back Reef Slope",35.1480174423973,0,"Rubble",NA
"434",434,"Coral/Algae","Reef Slope",31.2595724194648,0,"Coral/Algae",NA
"435",435,"Sand","Deep Lagoon",0,0,NA,NA
"436",436,"Coral/Algae","Deep Lagoon",66.8064243928856,66.8064243928856,"Coral/Algae","Deep Lagoon"
"437",437,"Sand","Deep Lagoon",0,0,NA,NA
"438",438,"Sand","Deep Lagoon",0,0,NA,NA
"439",439,"Rock","Sheltered Reef Slope",40.8375486340995,0,"Rock",NA
"440",440,"Sand","Back Reef Slope",0,0,NA,NA
"441",441,"Sand","Back Reef Slope",0,0,NA,NA
"442",442,"Rock","Back Reef Slope",49.7138630719956,0,"Rock",NA
"443",443,"Rock","Back Reef Slope",57.0556544998944,0,"Rock",NA
"444",444,"Rock","Reef Slope",0,0,NA,NA
"445",445,"Rock","Back Reef Slope",44.4011110342063,0,"Rock",NA
"446",446,"Rock","Back Reef Slope",53.5579730668321,26.7825260148763,"Rock","Back Reef Slope"
"447",447,"Rock","Outer Reef Flat",90.0537695862141,63.8545725654808,"Rock","Outer Reef Flat"
"448",448,"Rock","Outer Reef Flat",90.0537695862141,63.8545725654808,"Rock","Outer Reef Flat"
"449",449,"Rock","Back Reef Slope",81.4803782338694,39.0752194841863,"Rock","Back Reef Slope"
"450",450,"Rock","Back Reef Slope",81.4803782338694,39.0752194841863,"Rock","Back Reef Slope"
"451",451,"Rubble","Sheltered Reef Slope",46.5274665372773,0,"Rubble",NA
"452",452,"Rock","Reef Slope",0,0,NA,NA
"453",453,"Rubble","Sheltered Reef Slope",0,0,NA,NA
"454",454,"Rubble","Sheltered Reef Slope",0,0,NA,NA
"455",455,"Rubble","Sheltered Reef Slope",0,0,NA,NA
"456",456,"Rock","Sheltered Reef Slope",74.1853430263751,0,"Rock",NA
"457",457,"Rock","Sheltered Reef Slope",74.1853430263751,0,"Rock",NA
"458",458,"Rock","Sheltered Reef Slope",74.1853430263751,0,"Rock",NA
"459",459,"Rock","Sheltered Reef Slope",0,0,NA,NA
"460",460,"Rock","Sheltered Reef Slope",0,0,NA,NA
"461",461,"Rock","Sheltered Reef Slope",0,0,NA,NA
"462",462,"Rubble","Sheltered Reef Slope",0,0,NA,NA
"463",463,"Rubble","Sheltered Reef Slope",0,0,NA,NA
"464",464,"Rubble","Sheltered Reef Slope",0,0,NA,NA
"465",465,"Coral/Algae","Reef Slope",0,0,NA,NA
"466",466,"Coral/Algae","Reef Slope",48.4113158970178,36.2875789017834,"Coral/Algae","Reef Slope"
"467",467,"Rock","Reef Slope",35.2286341503506,0,"Rock",NA
"468",468,"Coral/Algae","Sheltered Reef Slope",84.6907148662945,62.8425112435841,"Coral/Algae","Sheltered Reef Slope"
"469",469,"Rock","Reef Slope",39.1722261159769,0,"Rock",NA
"470",470,"Rock","Back Reef Slope",0,0,NA,NA
"471",471,"Rock","Reef Crest",34.0191907083513,0,"Rock",NA
"472",472,"Rock","Back Reef Slope",59.9754781028881,0,"Rock",NA
"473",473,"Rock","Back Reef Slope",59.9754781028881,0,"Rock",NA
"474",474,"Rock","Back Reef Slope",32.3441191618301,0,"Rock",NA
"475",475,"Coral/Algae","Sheltered Reef Slope",63.8074481811057,0,"Coral/Algae",NA
"476",476,"Sand","Sheltered Reef Slope",0,0,NA,NA
"477",477,"Rubble","Sheltered Reef Slope",53.3318187414003,0,"Rubble",NA
"478",478,"Rubble","Sheltered Reef Slope",36.9567198324227,0,"Rubble",NA
"479",479,"Coral/Algae","Sheltered Reef Slope",30.1240645778514,0,"Coral/Algae",NA
"480",480,"Coral/Algae","Sheltered Reef Slope",30.1240645778514,0,"Coral/Algae",NA
"481",481,"Coral/Algae","Sheltered Reef Slope",30.1240645778514,0,"Coral/Algae",NA
"482",482,"Coral/Algae","Sheltered Reef Slope",30.1240645778514,0,"Coral/Algae",NA
"483",483,NA,"Back Reef Slope",203.677512250813,49.2640063298585,NA,"Back Reef Slope"
"484",484,"Rubble","Sheltered Reef Slope",56.6844782682709,56.6844782682709,"Rubble","Sheltered Reef Slope"
"485",485,"Coral/Algae","Sheltered Reef Slope",0,0,NA,NA
"486",486,"Coral/Algae","Sheltered Reef Slope",0,0,NA,NA
"487",487,"Coral/Algae","Sheltered Reef Slope",0,0,NA,NA
"488",488,"Rock","Sheltered Reef Slope",96.946933734295,96.946933734295,"Rock","Sheltered Reef Slope"
"489",489,NA,"Sheltered Reef Slope",110.698576164243,62.7627140345796,NA,"Sheltered Reef Slope"
"490",490,NA,"Back Reef Slope",100.396338831985,62.7424565274076,NA,"Back Reef Slope"
"491",491,NA,"Back Reef Slope",100.396338831985,62.7424565274076,NA,"Back Reef Slope"
"492",492,"Rock","Sheltered Reef Slope",65.7384744171719,39.0561533380415,"Rock","Sheltered Reef Slope"
"493",493,"Rock","Sheltered Reef Slope",0,0,NA,NA
"494",494,"Rock","Reef Slope",72.622717490431,0,"Rock",NA
"495",495,"Rock","Outer Reef Flat",0,0,NA,NA
"496",496,"Rock","Outer Reef Flat",0,0,NA,NA
"497",497,"Rock","Outer Reef Flat",0,0,NA,NA
"498",498,"Coral/Algae","Back Reef Slope",34.5605493098796,0,"Coral/Algae",NA
"499",499,"Rock","Reef Slope",0,0,NA,NA
"500",500,"Rock","Reef Slope",39.9598696081209,39.9598696081209,"Rock","Reef Slope"
"501",501,"Coral/Algae","Sheltered Reef Slope",0,0,NA,NA
"502",502,"Coral/Algae","Sheltered Reef Slope",0,0,NA,NA
"503",503,"Rock","Sheltered Reef Slope",36.8521154730024,36.8521154730024,"Rock","Sheltered Reef Slope"
"504",504,"Coral/Algae","Back Reef Slope",31.4628311076355,0,"Coral/Algae",NA
"505",505,"Rock","Back Reef Slope",0,0,NA,NA
"506",506,"Rock","Sheltered Reef Slope",31.5011383991667,31.5011383991667,"Rock","Sheltered Reef Slope"
"507",507,"Rock","Reef Slope",0,0,NA,NA
"508",508,"Rock","Reef Crest",53.5378693312355,53.5378693312355,"Rock","Reef Crest"
"509",509,"Rock","Sheltered Reef Slope",0,0,NA,NA
"510",510,"Rock","Deep Lagoon",78.4210426083482,0,"Rock",NA
"511",511,"Rock","Sheltered Reef Slope",0,0,NA,NA
"512",512,"Rock","Sheltered Reef Slope",0,0,NA,NA
"513",513,"Rock","Sheltered Reef Slope",0,0,NA,NA
"514",514,"Coral/Algae","Outer Reef Flat",0,0,NA,NA
"515",515,"Coral/Algae","Outer Reef Flat",0,0,NA,NA
"516",516,"Coral/Algae","Outer Reef Flat",0,0,NA,NA
"517",517,"Rock","Sheltered Reef Slope",50.1550702726948,0,"Rock",NA
"518",518,"Rock","Sheltered Reef Slope",50.1550702726948,0,"Rock",NA
"519",519,NA,"Deep Lagoon",115.02425391832,44.3479340092504,NA,"Deep Lagoon"
"520",520,NA,"Deep Lagoon",102.927208759869,41.4835374539373,NA,"Deep Lagoon"
"521",521,"Rock","Sheltered Reef Slope",55.0723839121488,0,"Rock",NA
"522",522,"Rock","Reef Slope",0,0,NA,NA
"523",523,NA,"Back Reef Slope",111.318961761955,0,NA,NA
"524",524,"Rock","Outer Reef Flat",0,0,NA,NA
"525",525,"Coral/Algae","Reef Crest",0,0,NA,NA
"526",526,"Rock","Reef Slope",26.4535371357491,0,"Rock",NA
"527",527,"Rock","Reef Slope",0,0,NA,NA
"528",528,"Coral/Algae","Reef Slope",0,0,NA,NA
"529",529,"Rubble","Back Reef Slope",0,0,NA,NA
"530",530,"Rubble","Back Reef Slope",0,0,NA,NA
"531",531,"Rubble","Back Reef Slope",0,0,NA,NA
"532",532,"Rubble","Deep Lagoon",0,0,NA,NA
"533",533,"Rubble","Deep Lagoon",0,0,NA,NA
"534",534,"Rubble","Deep Lagoon",0,0,NA,NA
"535",535,"Rubble","Deep Lagoon",0,0,NA,NA
"536",536,"Rubble","Deep Lagoon",0,0,NA,NA
"537",537,"Rubble","Deep Lagoon",0,0,NA,NA
"538",538,"Sand","Deep Lagoon",0,0,NA,NA
"539",539,"Rock","Back Reef Slope",0,0,NA,NA
"540",540,"Rock","Reef Slope",0,0,NA,NA
"541",541,"Rock","Reef Slope",0,0,NA,NA
"542",542,"Rock","Reef Slope",0,0,NA,NA
"543",543,"Rock","Reef Slope",0,0,NA,NA
"544",544,"Rock","Reef Slope",0,0,NA,NA
"545",545,"Rock","Reef Slope",0,0,NA,NA
"546",546,"Rock","Reef Slope",33.1384433538079,0,"Rock",NA
"547",547,"Rock","Reef Slope",33.1384433538079,0,"Rock",NA
"548",548,"Rock","Reef Slope",0,0,NA,NA
"549",549,"Coral/Algae","Reef Slope",32.2262828127058,0,"Coral/Algae",NA
"550",550,"Rock","Reef Slope",0,0,NA,NA
"551",551,"Rock","Reef Slope",0,0,NA,NA
"552",552,"Rock","Reef Slope",0,0,NA,NA
"553",553,"Rock","Reef Slope",53.195805316261,0,"Rock",NA
"554",554,"Rock","Reef Slope",26.8622633379085,0,"Rock",NA
"555",555,"Coral/Algae","Reef Slope",0,0,NA,NA
"556",556,"Sand","Reef Slope",36.1606520265729,0,"Sand",NA
"557",557,"Rock","Reef Slope",0,0,NA,NA
"558",558,"Rock","Reef Slope",0,0,NA,NA
"559",559,"Rubble","Reef Slope",0,0,NA,NA
"560",560,"Rubble","Reef Slope",0,0,NA,NA
"561",561,"Coral/Algae","Reef Slope",0,0,NA,NA
"562",562,"Rock","Back Reef Slope",0,0,NA,NA
"563",563,"Coral/Algae","Reef Slope",0,0,NA,NA
"564",564,"Sand","Sheltered Reef Slope",0,0,NA,NA
"565",565,"Rock","Sheltered Reef Slope",39.1602307646536,0,"Rock",NA
"566",566,"Coral/Algae","Reef Slope",0,0,NA,NA
"567",567,"Sand","Outer Reef Flat",0,0,NA,NA
"568",568,"Rubble","Back Reef Slope",0,0,NA,NA
"569",569,"Rubble","Back Reef Slope",0,0,NA,NA
"570",570,"Coral/Algae","Sheltered Reef Slope",0,0,NA,NA
"571",571,"Coral/Algae","Sheltered Reef Slope",0,0,NA,NA
"572",572,"Coral/Algae","Sheltered Reef Slope",0,0,NA,NA
"573",573,"Sand","Sheltered Reef Slope",0,0,NA,NA
"574",574,"Coral/Algae","Deep Lagoon",0,0,NA,NA
"575",575,"Coral/Algae","Deep Lagoon",0,0,NA,NA
"576",576,"Coral/Algae","Deep Lagoon",0,0,NA,NA
"577",577,"Rock","Reef Slope",0,0,NA,NA
"578",578,"Rock","Reef Slope",0,0,NA,NA
"579",579,"Rock","Reef Slope",0,0,NA,NA
"580",580,"Rock","Reef Slope",0,0,NA,NA
"581",581,"Rock","Reef Slope",0,0,NA,NA
"582",582,"Coral/Algae","Reef Slope",0,0,NA,NA
"583",583,"Coral/Algae","Reef Slope",0,0,NA,NA
"584",584,"Coral/Algae","Reef Slope",0,0,NA,NA
"585",585,"Rubble","Sheltered Reef Slope",0,0,NA,NA
"586",586,"Rubble","Sheltered Reef Slope",0,0,NA,NA
"587",587,"Rubble","Sheltered Reef Slope",0,0,NA,NA
"588",588,"Rubble","Sheltered Reef Slope",0,0,NA,NA
"589",589,"Rubble","Sheltered Reef Slope",0,0,NA,NA
"590",590,"Rock","Reef Slope",0,0,NA,NA
"591",591,"Rock","Reef Slope",0,0,NA,NA
"592",592,"Rock","Reef Slope",34.6435384331018,0,"Rock",NA
"593",593,"Rock","Reef Slope",34.6435384331018,0,"Rock",NA
"594",594,"Rock","Reef Slope",34.6435384331018,0,"Rock",NA
"595",595,"Rock","Reef Slope",34.6435384331018,0,"Rock",NA
"596",596,"Rock","Reef Slope",34.6435384331018,0,"Rock",NA
"597",597,"Rock","Back Reef Slope",0,0,NA,NA
"598",598,"Rock","Back Reef Slope",0,0,NA,NA
"599",599,"Rock","Back Reef Slope",0,0,NA,NA
"600",600,"Rock","Back Reef Slope",0,0,NA,NA
"601",601,"Rock","Back Reef Slope",0,0,NA,NA
"602",602,"Rock","Back Reef Slope",0,0,NA,NA
"603",603,"Coral/Algae","Reef Slope",47.9943325904378,0,"Coral/Algae",NA
"604",604,"Coral/Algae","Reef Slope",47.9943325904378,0,"Coral/Algae",NA
"605",605,"Coral/Algae","Reef Slope",47.9943325904378,0,"Coral/Algae",NA
"606",606,"Coral/Algae","Reef Slope",47.9943325904378,0,"Coral/Algae",NA
"607",607,"Rock","Reef Slope",0,0,NA,NA
"608",608,"Rock","Reef Slope",0,0,NA,NA
"609",609,"Rock","Reef Slope",0,0,NA,NA
"610",610,"Rock","Reef Slope",0,0,NA,NA
"611",611,"Rock","Reef Slope",0,0,NA,NA
"612",612,NA,"Back Reef Slope",188.975745099736,0,NA,NA
"613",613,NA,"Back Reef Slope",188.975745099736,0,NA,NA
"614",614,NA,"Back Reef Slope",188.975745099736,0,NA,NA
"615",615,NA,"Back Reef Slope",188.975745099736,0,NA,NA
"616",616,NA,"Back Reef Slope",188.975745099736,0,NA,NA
"617",617,NA,"Back Reef Slope",188.975745099736,0,NA,NA
"618",618,"Coral/Algae","Back Reef Slope",0,0,NA,NA
"619",619,"Coral/Algae","Back Reef Slope",0,0,NA,NA
"620",620,"Coral/Algae","Back Reef Slope",0,0,NA,NA
"621",621,"Coral/Algae","Reef Slope",0,0,NA,NA
"622",622,"Coral/Algae","Reef Slope",0,0,NA,NA
"623",623,"Coral/Algae","Deep Lagoon",46.7364353028053,0,"Coral/Algae",NA
"624",624,"Coral/Algae","Deep Lagoon",46.7364353028053,0,"Coral/Algae",NA
"625",625,"Coral/Algae","Deep Lagoon",46.7364353028053,0,"Coral/Algae",NA
"626",626,"Coral/Algae","Deep Lagoon",46.7364353028053,0,"Coral/Algae",NA
"627",627,"Coral/Algae","Deep Lagoon",0,0,NA,NA
"628",628,"Coral/Algae","Deep Lagoon",0,0,NA,NA
"629",629,"Rock","Reef Crest",0,0,NA,NA
"630",630,"Rock","Reef Crest",0,0,NA,NA
"631",631,"Rock","Reef Crest",0,0,NA,NA
"632",632,"Rock","Reef Crest",0,0,NA,NA
"633",633,"Rock","Reef Crest",0,0,NA,NA
"634",634,"Rock","Reef Slope",0,0,NA,NA
"635",635,"Rock","Reef Slope",0,0,NA,NA
"636",636,"Rock","Reef Slope",0,0,NA,NA
"637",637,"Rubble","Reef Slope",0,0,NA,NA
"638",638,"Rubble","Reef Slope",0,0,NA,NA
"639",639,"Rubble","Reef Slope",0,0,NA,NA
"640",640,"Rubble","Reef Slope",0,0,NA,NA
"641",641,"Sand","Back Reef Slope",0,0,NA,NA
"642",642,"Sand","Back Reef Slope",0,0,NA,NA
"643",643,"Sand","Back Reef Slope",0,0,NA,NA
"644",644,"Sand","Back Reef Slope",0,0,NA,NA
"645",645,"Sand","Back Reef Slope",0,0,NA,NA
"646",646,"Sand","Back Reef Slope",0,0,NA,NA
"647",647,"Sand","Deep Lagoon",0,0,NA,NA
"648",648,"Sand","Deep Lagoon",0,0,NA,NA
"649",649,"Sand","Deep Lagoon",0,0,NA,NA
"650",650,"Sand","Deep Lagoon",0,0,NA,NA
"651",651,"Sand","Deep Lagoon",0,0,NA,NA
"652",652,"Sand","Deep Lagoon",0,0,NA,NA
"653",653,"Sand","Deep Lagoon",0,0,NA,NA
"654",654,"Sand","Deep Lagoon",0,0,NA,NA
"655",655,"Sand","Deep Lagoon",0,0,NA,NA
"656",656,"Sand","Deep Lagoon",0,0,NA,NA
"657",657,"Sand","Deep Lagoon",0,0,NA,NA
"658",658,"Sand","Deep Lagoon",0,0,NA,NA
"659",659,"Coral/Algae","Inner Reef Flat",0,0,NA,NA
"660",660,"Coral/Algae","Inner Reef Flat",0,0,NA,NA
"661",661,"Coral/Algae","Inner Reef Flat",0,0,NA,NA
"662",662,"Coral/Algae","Inner Reef Flat",0,0,NA,NA
"663",663,"Coral/Algae","Inner Reef Flat",0,0,NA,NA
"664",664,"Rock","Deep Lagoon",28.8358632725941,0,"Rock",NA
"665",665,"Rubble","Reef Slope",96.6515735972827,0,"Rubble",NA
"666",666,"Rubble","Back Reef Slope",63.4386915550632,0,"Rubble",NA
"667",667,"Coral/Algae","Reef Slope",0,0,NA,NA
"668",668,"Rock","Back Reef Slope",30.3894197878534,0,"Rock",NA
"669",669,"Rock","Back Reef Slope",30.3894197878534,0,"Rock",NA
"670",670,"Sand","Reef Slope",78.7211361445416,0,"Sand",NA
"671",671,"Sand","Reef Slope",78.7211361445416,0,"Sand",NA
"672",672,"Sand","Back Reef Slope",0,0,NA,NA
"673",673,"Coral/Algae","Reef Slope",68.9966622528878,0,"Coral/Algae",NA
"674",674,"Coral/Algae","Reef Slope",68.9966622528878,0,"Coral/Algae",NA
"675",675,"Rock","Reef Slope",34.4453865113807,0,"Rock",NA
"676",676,"Rock","Reef Slope",34.4453865113807,0,"Rock",NA
"677",677,"Rock","Reef Slope",34.4453865113807,0,"Rock",NA
"678",678,"Coral/Algae","Reef Slope",0,0,NA,NA
"679",679,"Coral/Algae","Reef Slope",0,0,NA,NA
"680",680,"Coral/Algae","Reef Slope",0,0,NA,NA
"681",681,"Rock","Reef Slope",55.1925591471059,0,"Rock",NA
"682",682,"Rock","Reef Slope",55.1925591471059,0,"Rock",NA
"683",683,"Rock","Reef Slope",55.1925591471059,0,"Rock",NA
"684",684,"Rock","Reef Slope",55.1925591471059,0,"Rock",NA
"685",685,"Rock","Outer Reef Flat",0,0,NA,NA
"686",686,"Rock","Outer Reef Flat",0,0,NA,NA
"687",687,"Rock","Outer Reef Flat",0,0,NA,NA
"688",688,"Sand","Reef Slope",0,0,NA,NA
"689",689,"Sand","Reef Slope",0,0,NA,NA
"690",690,"Sand","Reef Slope",0,0,NA,NA
"691",691,"Sand","Sheltered Reef Slope",0,0,NA,NA
"692",692,"Sand","Reef Slope",68.7336010357866,0,"Sand",NA
"693",693,"Sand","Back Reef Slope",0,0,NA,NA
"694",694,"Sand","Back Reef Slope",0,0,NA,NA
"695",695,"Sand","Sheltered Reef Slope",0,0,NA,NA
"696",696,"Sand","Sheltered Reef Slope",0,0,NA,NA
"697",697,"Sand","Back Reef Slope",0,0,NA,NA
"698",698,"Sand","Back Reef Slope",0,0,NA,NA
"699",699,"Sand","Back Reef Slope",0,0,NA,NA
"700",700,"Rubble","Back Reef Slope",0,0,NA,NA
"701",701,"Rubble","Back Reef Slope",0,0,NA,NA
"702",702,"Rock","Reef Slope",0,0,NA,NA
"703",703,"Rock","Reef Slope",0,0,NA,NA
"704",704,"Sand","Reef Slope",0,0,NA,NA
"705",705,"Sand","Reef Slope",0,0,NA,NA
"706",706,"Sand","Reef Slope",0,0,NA,NA
"707",707,"Sand","Reef Slope",0,0,NA,NA
"708",708,"Sand","Reef Slope",0,0,NA,NA
"709",709,"Sand","Reef Slope",0,0,NA,NA
"710",710,"Sand","Back Reef Slope",0,0,NA,NA
"711",711,"Sand","Back Reef Slope",0,0,NA,NA
"712",712,"Sand","Back Reef Slope",0,0,NA,NA
"713",713,"Sand","Back Reef Slope",0,0,NA,NA
"714",714,"Rock","Reef Slope",30.7807431181614,0,"Rock",NA
"715",715,"Rock","Reef Crest",0,0,NA,NA
"716",716,"Rock","Reef Crest",0,0,NA,NA
"717",717,"Coral/Algae","Reef Slope",0,0,NA,NA
"718",718,"Rock","Patch Reef",0,0,NA,NA
"719",719,"Rock","Patch Reef",0,0,NA,NA
"720",720,"Rock","Reef Slope",0,0,NA,NA
"721",721,"Rock","Reef Slope",0,0,NA,NA
"722",722,"Sand","Back Reef Slope",0,0,NA,NA
"723",723,"Sand","Back Reef Slope",0,0,NA,NA
"724",724,"Coral/Algae","Outer Reef Flat",0,0,NA,NA
"725",725,"Coral/Algae","Reef Slope",0,0,NA,NA
"726",726,"Coral/Algae","Reef Slope",0,0,NA,NA
"727",727,"Rock","Reef Slope",0,0,NA,NA
"728",728,"Rock","Reef Slope",0,0,NA,NA
"729",729,"Rubble","Sheltered Reef Slope",0,0,NA,NA
"730",730,"Rubble","Sheltered Reef Slope",0,0,NA,NA
"731",731,"Rock","Sheltered Reef Slope",0,0,NA,NA
"732",732,"Sand","Inner Reef Flat",0,0,NA,NA
"733",733,"Coral/Algae","Outer Reef Flat",0,0,NA,NA
"734",734,"Coral/Algae","Back Reef Slope",0,0,NA,NA
"735",735,"Rock","Reef Crest",0,0,NA,NA
"736",736,"Coral/Algae","Reef Crest",0,0,NA,NA
"737",737,"Coral/Algae","Reef Crest",0,0,NA,NA
"738",738,"Rock","Reef Crest",0,0,NA,NA
"739",739,"Rock","Reef Crest",0,0,NA,NA
"740",740,"Rock","Reef Crest",0,0,NA,NA
"741",741,"Rock","Outer Reef Flat",0,0,NA,NA
"742",742,NA,"Sheltered Reef Slope",102.789223900891,0,NA,NA
"743",743,NA,"Sheltered Reef Slope",102.789223900891,0,NA,NA
"744",744,NA,"Sheltered Reef Slope",102.789223900891,0,NA,NA
"745",745,NA,"Sheltered Reef Slope",102.789223900891,0,NA,NA
"746",746,NA,"Sheltered Reef Slope",102.789223900891,0,NA,NA
"747",747,"Rubble","Sheltered Reef Slope",42.9503240942764,0,"Rubble",NA
"748",748,"Rubble","Sheltered Reef Slope",42.9503240942764,0,"Rubble",NA
"749",749,"Rubble","Sheltered Reef Slope",42.9503240942764,0,"Rubble",NA
"750",750,"Rubble","Sheltered Reef Slope",42.9503240942764,0,"Rubble",NA
"751",751,"Rubble","Sheltered Reef Slope",42.9503240942764,0,"Rubble",NA
"752",752,"Rubble","Sheltered Reef Slope",42.9503240942764,0,"Rubble",NA
"753",753,"Rock","Back Reef Slope",0,0,NA,NA
"754",754,"Rock","Back Reef Slope",0,0,NA,NA
"755",755,"Rock","Back Reef Slope",0,0,NA,NA
"756",756,"Rock","Back Reef Slope",0,0,NA,NA
"757",757,"Rock","Back Reef Slope",0,0,NA,NA
"758",758,"Coral/Algae","Sheltered Reef Slope",62.2104738811072,0,"Coral/Algae",NA
"759",759,"Coral/Algae","Sheltered Reef Slope",62.2104738811072,0,"Coral/Algae",NA
"760",760,"Coral/Algae","Sheltered Reef Slope",62.2104738811072,0,"Coral/Algae",NA
"761",761,"Coral/Algae","Sheltered Reef Slope",62.2104738811072,0,"Coral/Algae",NA
"762",762,"Coral/Algae","Sheltered Reef Slope",62.2104738811072,0,"Coral/Algae",NA
"763",763,"Coral/Algae","Sheltered Reef Slope",62.2104738811072,0,"Coral/Algae",NA
"764",764,"Rock","Sheltered Reef Slope",73.2238148516656,0,"Rock",NA
"765",765,"Rock","Sheltered Reef Slope",73.2238148516656,0,"Rock",NA
"766",766,"Rock","Sheltered Reef Slope",73.2238148516656,0,"Rock",NA
"767",767,"Rock","Sheltered Reef Slope",73.2238148516656,0,"Rock",NA
"768",768,"Rock","Sheltered Reef Slope",73.2238148516656,0,"Rock",NA
"769",769,"Rock","Sheltered Reef Slope",73.2238148516656,0,"Rock",NA
"770",770,"Rock","Reef Slope",0,0,NA,NA
"771",771,"Rock","Reef Slope",0,0,NA,NA
"772",772,"Rock","Reef Slope",0,0,NA,NA
"773",773,"Rock","Reef Slope",0,0,NA,NA
"774",774,"Rock","Reef Slope",0,0,NA,NA
"775",775,"Rock","Reef Slope",0,0,NA,NA
"776",776,"Rock","Reef Slope",0,0,NA,NA
"777",777,"Rock","Reef Slope",0,0,NA,NA
"778",778,"Rock","Reef Slope",0,0,NA,NA
"779",779,"Rock","Reef Slope",0,0,NA,NA
"780",780,"Rock","Reef Slope",0,0,NA,NA
"781",781,"Rubble","Sheltered Reef Slope",28.1264918234257,0,"Rubble",NA
"782",782,"Rubble","Sheltered Reef Slope",28.1264918234257,0,"Rubble",NA
"783",783,"Rubble","Sheltered Reef Slope",28.1264918234257,0,"Rubble",NA
"784",784,"Rubble","Sheltered Reef Slope",28.1264918234257,0,"Rubble",NA
"785",785,"Rock","Reef Slope",36.5373439869757,0,"Rock",NA
"786",786,"Rock","Outer Reef Flat",42.7279984885177,42.7279984885177,"Rock","Outer Reef Flat"
"787",787,"Sand","Back Reef Slope",0,0,NA,NA
"788",788,"Sand","Back Reef Slope",0,0,NA,NA
"789",789,"Rock","Sheltered Reef Slope",56.1074341441047,0,"Rock",NA
"790",790,"Rock","Sheltered Reef Slope",56.1074341441047,0,"Rock",NA
"791",791,"Coral/Algae","Inner Reef Flat",0,0,NA,NA
"792",792,"Coral/Algae","Sheltered Reef Slope",40.4945212495176,0,"Coral/Algae",NA
"793",793,"Coral/Algae","Sheltered Reef Slope",40.4945212495176,0,"Coral/Algae",NA
"794",794,"Rock","Sheltered Reef Slope",31.6892097800324,0,"Rock",NA
"795",795,"Rock","Reef Slope",29.5918740264938,0,"Rock",NA
"796",796,"Rock","Reef Slope",29.5918740264938,0,"Rock",NA
"797",797,"Rock","Reef Slope",29.5918740264938,0,"Rock",NA
"798",798,"Rock","Reef Slope",29.5918740264938,0,"Rock",NA
"799",799,"Rock","Reef Slope",33.2002633170126,0,"Rock",NA
"800",800,"Rock","Reef Slope",33.2002633170126,0,"Rock",NA
"801",801,"Rock","Reef Slope",33.2002633170126,0,"Rock",NA
"802",802,NA,"Reef Slope",103.145111849582,0,NA,NA
"803",803,NA,"Reef Slope",103.145111849582,0,NA,NA
"804",804,"Rock","Reef Slope",0,0,NA,NA
"805",805,"Rock","Reef Slope",0,0,NA,NA
"806",806,"Rock","Reef Slope",0,0,NA,NA
"807",807,"Sand","Reef Slope",0,0,NA,NA
"808",808,"Sand","Reef Slope",0,0,NA,NA
"809",809,"Sand","Reef Slope",0,0,NA,NA
"810",810,"Sand","Reef Slope",0,0,NA,NA
"811",811,"Rock","Reef Slope",30.1972696327275,0,"Rock",NA
"812",812,"Rock","Reef Slope",30.1972696327275,0,"Rock",NA
"813",813,"Rock","Reef Slope",30.1972696327275,0,"Rock",NA
"814",814,"Rock","Reef Slope",30.1972696327275,0,"Rock",NA
"815",815,"Rock","Outer Reef Flat",0,0,NA,NA
"816",816,"Rock","Outer Reef Flat",0,0,NA,NA
"817",817,"Rock","Outer Reef Flat",0,0,NA,NA
"818",818,"Rock","Outer Reef Flat",0,0,NA,NA
"819",819,"Rock","Reef Slope",0,0,NA,NA
"820",820,"Rock","Reef Slope",0,0,NA,NA
"821",821,"Rock","Reef Slope",0,0,NA,NA
"822",822,"Rock","Reef Slope",0,0,NA,NA
"823",823,"Rock","Reef Slope",65.7930413403643,0,"Rock",NA
"824",824,"Rock","Reef Slope",65.7930413403643,0,"Rock",NA
"825",825,"Rock","Reef Slope",65.7930413403643,0,"Rock",NA
"826",826,"Rock","Reef Slope",65.7930413403643,0,"Rock",NA
"827",827,"Sand","Sheltered Reef Slope",0,0,NA,NA
"828",828,"Sand","Sheltered Reef Slope",0,0,NA,NA
"829",829,"Sand","Sheltered Reef Slope",0,0,NA,NA
"830",830,"Sand","Sheltered Reef Slope",0,0,NA,NA
"831",831,"Rock","Reef Slope",46.0064453041239,0,"Rock",NA
"832",832,"Rock","Reef Slope",46.0064453041239,0,"Rock",NA
"833",833,"Rock","Reef Slope",46.0064453041239,0,"Rock",NA
"834",834,"Rock","Reef Slope",28.2206914248801,0,"Rock",NA
"835",835,"Rock","Reef Slope",28.2206914248801,0,"Rock",NA
"836",836,"Rock","Reef Slope",32.2341249062172,0,"Rock",NA
"837",837,"Rock","Reef Slope",40.6431448635483,0,"Rock",NA
"838",838,"Rock","Reef Slope",38.3900374083584,34.3862739544842,"Rock","Reef Slope"
"839",839,"Rock","Reef Slope",31.9400519721687,0,"Rock",NA
"840",840,"Rock","Reef Slope",31.9400519721687,0,"Rock",NA
"841",841,NA,"Reef Slope",132.069164911748,0,NA,NA
"842",842,NA,"Reef Slope",132.069164911748,0,NA,NA
"843",843,"Rock","Sheltered Reef Slope",93.2868727785683,0,"Rock",NA
"844",844,"Rock","Sheltered Reef Slope",93.2868727785683,0,"Rock",NA
"845",845,"Rock","Outer Reef Flat",0,0,NA,NA
"846",846,"Rock","Outer Reef Flat",0,0,NA,NA
"847",847,"Rock","Outer Reef Flat",0,0,NA,NA
"848",848,"Rock","Outer Reef Flat",0,0,NA,NA
"849",849,"Rock","Reef Slope",0,0,NA,NA
"850",850,"Rock","Reef Slope",0,0,NA,NA
"851",851,"Coral/Algae","Reef Slope",47.8911325919466,0,"Coral/Algae",NA
"852",852,"Coral/Algae","Reef Slope",47.8911325919466,0,"Coral/Algae",NA
"853",853,"Coral/Algae","Reef Slope",47.8911325919466,0,"Coral/Algae",NA
"854",854,"Coral/Algae","Reef Slope",47.8911325919466,0,"Coral/Algae",NA
"855",855,"Rock","Reef Slope",0,0,NA,NA
"856",856,"Rock","Reef Slope",0,0,NA,NA
"857",857,"Rock","Reef Slope",0,0,NA,NA
"858",858,"Rock","Reef Slope",0,0,NA,NA
"859",859,"Rock","Reef Slope",0,0,NA,NA
"860",860,"Rock","Reef Slope",0,0,NA,NA
"861",861,"Rock","Reef Slope",0,0,NA,NA
"862",862,"Sand","Back Reef Slope",0,0,NA,NA
"863",863,"Coral/Algae","Sheltered Reef Slope",55.0165223011089,0,"Coral/Algae",NA
"864",864,"Coral/Algae","Sheltered Reef Slope",55.0165223011089,0,"Coral/Algae",NA
"865",865,"Coral/Algae","Sheltered Reef Slope",55.0165223011089,0,"Coral/Algae",NA
"866",866,"Rock","Reef Slope",0,0,NA,NA
"867",867,"Rock","Reef Slope",0,0,NA,NA
"868",868,"Coral/Algae","Reef Slope",33.3832681873358,0,"Coral/Algae",NA
"869",869,"Rock","Reef Slope",0,0,NA,NA
"870",870,"Rock","Reef Slope",0,0,NA,NA
"871",871,NA,"Back Reef Slope",118.084442577016,81.6334194722565,NA,"Back Reef Slope"
"872",872,"Rock","Reef Slope",98.8738298774678,57.889458002388,"Rock","Reef Slope"
"873",873,"Rock","Reef Slope",0,0,NA,NA
"874",874,"Coral/Algae","Plateau",0,0,NA,NA
"875",875,"Coral/Algae","Plateau",0,0,NA,NA
"876",876,"Coral/Algae","Plateau",0,0,NA,NA
"877",877,"Coral/Algae","Plateau",0,0,NA,NA
"878",878,NA,"Plateau",113.106999745104,71.5011202216799,NA,"Plateau"
"879",879,NA,"Plateau",113.106999745104,71.5011202216799,NA,"Plateau"
"880",880,"Coral/Algae","Reef Slope",32.6253367000299,0,"Coral/Algae",NA
"881",881,"Coral/Algae","Reef Slope",32.6253367000299,0,"Coral/Algae",NA
"882",882,NA,"Plateau",181.505412818557,37.7823030623549,NA,"Plateau"
"883",883,"Rock","Reef Slope",0,0,NA,NA
"884",884,"Rock","Reef Slope",66.941528176095,0,"Rock",NA
"885",885,"Rock","Reef Slope",0,0,NA,NA
"886",886,"Rock","Reef Slope",0,0,NA,NA
"887",887,"Coral/Algae","Reef Slope",0,0,NA,NA
"888",888,"Coral/Algae","Reef Slope",0,0,NA,NA
"889",889,"Coral/Algae","Reef Slope",27.6931726410817,0,"Coral/Algae",NA
"890",890,"Coral/Algae","Reef Slope",27.6931726410817,0,"Coral/Algae",NA
"891",891,"Coral/Algae","Reef Slope",27.6931726410817,0,"Coral/Algae",NA
"892",892,"Rock","Reef Slope",0,0,NA,NA
"893",893,"Rock","Reef Slope",0,0,NA,NA
"894",894,"Rock","Reef Slope",0,0,NA,NA
"895",895,"Rock","Reef Slope",49.6785650317113,0,"Rock",NA
"896",896,"Coral/Algae","Reef Slope",0,0,NA,NA
"897",897,"Coral/Algae","Reef Slope",0,0,NA,NA
"898",898,NA,"Back Reef Slope",146.808492786869,76.1255169150153,NA,"Back Reef Slope"
"899",899,NA,"Reef Slope",120.51440356771,57.8725304716199,NA,"Reef Slope"
"900",900,"Rock","Reef Slope",0,0,NA,NA
"901",901,"Rock","Reef Slope",0,0,NA,NA
"902",902,"Rock","Reef Slope",58.3227511343617,0,"Rock",NA
"903",903,"Rock","Reef Slope",0,0,NA,NA
"904",904,"Rock","Reef Slope",49.2004524107956,0,"Rock",NA
"905",905,"Rock","Reef Slope",49.2004524107956,0,"Rock",NA
"906",906,"Rock","Sheltered Reef Slope",97.827238379287,0,"Rock",NA
"907",907,"Rock","Sheltered Reef Slope",97.827238379287,0,"Rock",NA
"908",908,"Rock","Sheltered Reef Slope",97.827238379287,0,"Rock",NA
"909",909,"Rock","Sheltered Reef Slope",97.827238379287,0,"Rock",NA
"910",910,"Rock","Sheltered Reef Slope",51.522349662668,0,"Rock",NA
"911",911,"Rock","Sheltered Reef Slope",51.522349662668,0,"Rock",NA
"912",912,"Rock","Sheltered Reef Slope",51.522349662668,0,"Rock",NA
"913",913,"Rock","Sheltered Reef Slope",51.9967598549358,30.1921232135746,"Rock","Sheltered Reef Slope"
"914",914,"Rock","Sheltered Reef Slope",51.9967598549358,30.1921232135746,"Rock","Sheltered Reef Slope"
"915",915,"Rock","Outer Reef Flat",0,0,NA,NA
"916",916,"Sand","Sheltered Reef Slope",86.6253245678227,0,"Sand",NA
"917",917,"Sand","Sheltered Reef Slope",86.6253245678227,0,"Sand",NA
"918",918,"Coral/Algae","Outer Reef Flat",0,0,NA,NA
"919",919,"Coral/Algae","Outer Reef Flat",0,0,NA,NA
"920",920,"Rock","Back Reef Slope",39.0154972979542,0,"Rock",NA
"921",921,"Rubble","Back Reef Slope",0,0,NA,NA
"922",922,"Rock","Back Reef Slope",0,0,NA,NA
"923",923,"Rock","Outer Reef Flat",0,0,NA,NA
"924",924,"Rock","Back Reef Slope",0,0,NA,NA
"925",925,"Rock","Outer Reef Flat",0,0,NA,NA
"926",926,"Rock","Outer Reef Flat",0,0,NA,NA
"927",927,"Rock","Outer Reef Flat",0,0,NA,NA
"928",928,"Rock","Reef Slope",33.7165587417946,0,"Rock",NA
"929",929,"Rock","Reef Slope",33.7165587417946,0,"Rock",NA
"930",930,"Rock","Outer Reef Flat",0,0,NA,NA
"931",931,"Rock","Back Reef Slope",0,0,NA,NA
"932",932,"Rock","Back Reef Slope",0,0,NA,NA
"933",933,"Rock","Back Reef Slope",0,0,NA,NA
"934",934,"Rock","Back Reef Slope",0,0,NA,NA
"935",935,"Rock","Outer Reef Flat",0,0,NA,NA
"936",936,NA,NA,232.246779543876,205.814876253285,NA,NA
"937",937,NA,NA,232.246779543876,205.814876253285,NA,NA
"938",938,"Sand","Inner Reef Flat",0,0,NA,NA
"939",939,"Sand","Inner Reef Flat",0,0,NA,NA
"940",940,"Rubble","Back Reef Slope",0,0,NA,NA
"941",941,"Rubble","Back Reef Slope",0,0,NA,NA
"942",942,"Sand","Back Reef Slope",0,0,NA,NA
"943",943,"Sand","Back Reef Slope",0,0,NA,NA
"944",944,"Sand","Back Reef Slope",0,0,NA,NA
"945",945,"Sand","Back Reef Slope",0,0,NA,NA
"946",946,"Sand","Back Reef Slope",0,0,NA,NA
"947",947,"Sand","Sheltered Reef Slope",0,0,NA,NA
"948",948,"Sand","Sheltered Reef Slope",0,0,NA,NA
"949",949,"Rubble","Sheltered Reef Slope",0,0,NA,NA
"950",950,"Rubble","Sheltered Reef Slope",0,0,NA,NA
"951",951,"Rock","Reef Slope",32.9190525888425,0,"Rock",NA
"952",952,"Rubble","Reef Slope",38.7996588947154,0,"Rubble",NA
"953",953,"Rubble","Reef Slope",63.678405976582,63.678405976582,"Rubble","Reef Slope"
"954",954,"Rubble","Reef Slope",63.678405976582,63.678405976582,"Rubble","Reef Slope"
"955",955,"Rock","Outer Reef Flat",0,0,NA,NA
"956",956,"Rock","Reef Crest",0,0,NA,NA
"957",957,"Rock","Reef Crest",0,0,NA,NA
"958",958,"Rock","Reef Slope",0,0,NA,NA
"959",959,"Rock","Reef Slope",0,0,NA,NA
"960",960,"Coral/Algae","Reef Slope",0,0,NA,NA
"961",961,"Coral/Algae","Reef Slope",0,0,NA,NA
"962",962,"Coral/Algae","Reef Slope",0,0,NA,NA
"963",963,"Rubble","Reef Slope",0,0,NA,NA
"964",964,"Rubble","Reef Slope",0,0,NA,NA
"965",965,"Rubble","Reef Slope",0,0,NA,NA
"966",966,"Rubble","Reef Slope",54.1990162345974,0,"Rubble",NA
"967",967,"Rubble","Reef Slope",54.1990162345974,0,"Rubble",NA
"968",968,"Coral/Algae","Reef Slope",0,0,NA,NA
"969",969,"Rock","Reef Slope",0,0,NA,NA
"970",970,"Rock","Reef Slope",0,0,NA,NA
"971",971,"Rock","Reef Slope",0,0,NA,NA
"972",972,"Rock","Reef Slope",31.5453270978042,0,"Rock",NA
"973",973,"Coral/Algae","Reef Slope",0,0,NA,NA
"974",974,"Rock","Reef Slope",60.0938953625905,0,"Rock",NA
"975",975,"Rock","Reef Slope",61.0778717855925,0,"Rock",NA
"976",976,"Rock","Reef Slope",39.6106993196542,0,"Rock",NA
"977",977,"Rock","Reef Slope",39.6106993196542,0,"Rock",NA
"978",978,"Rock","Reef Slope",0,0,NA,NA
"979",979,"Rock","Reef Slope",0,0,NA,NA
"980",980,"Rock","Reef Slope",0,0,NA,NA
"981",981,"Coral/Algae","Reef Slope",0,0,NA,NA
"982",982,"Coral/Algae","Reef Slope",0,0,NA,NA
"983",983,"Coral/Algae","Reef Slope",0,0,NA,NA
"984",984,"Rock","Outer Reef Flat",0,0,NA,NA
"985",985,"Rock","Outer Reef Flat",0,0,NA,NA
"986",986,"Rock","Outer Reef Flat",0,0,NA,NA
"987",987,"Rock","Outer Reef Flat",0,0,NA,NA
"988",988,"Rock","Outer Reef Flat",0,0,NA,NA
"989",989,"Rock","Reef Slope",0,0,NA,NA
"990",990,"Rock","Reef Slope",0,0,NA,NA
"991",991,"Rock","Reef Slope",0,0,NA,NA
"992",992,"Rock","Reef Slope",0,0,NA,NA
"993",993,"Rock","Reef Slope",0,0,NA,NA
"994",994,"Rock","Reef Slope",0,0,NA,NA
"995",995,"Rock","Reef Slope",0,0,NA,NA
"996",996,"Coral/Algae","Reef Slope",0,0,NA,NA
"997",997,"Coral/Algae","Reef Slope",0,0,NA,NA
"998",998,"Coral/Algae","Reef Slope",0,0,NA,NA
"999",999,"Coral/Algae","Reef Slope",0,0,NA,NA
"1000",1000,"Coral/Algae","Reef Slope",0,0,NA,NA
"1001",1001,"Coral/Algae","Reef Slope",0,0,NA,NA
"1002",1002,"Rock","Reef Slope",40.1454526326633,0,"Rock",NA
"1003",1003,"Rock","Reef Slope",40.1454526326633,0,"Rock",NA
"1004",1004,"Rock","Reef Slope",40.1454526326633,0,"Rock",NA
"1005",1005,"Rock","Reef Slope",40.1454526326633,0,"Rock",NA
"1006",1006,"Rock","Reef Slope",40.1454526326633,0,"Rock",NA
"1007",1007,"Rock","Reef Slope",0,0,NA,NA
"1008",1008,"Rock","Reef Slope",0,0,NA,NA
"1009",1009,"Rock","Reef Slope",0,0,NA,NA
"1010",1010,"Rock","Reef Slope",0,0,NA,NA
"1011",1011,"Rock","Reef Slope",0,0,NA,NA
"1012",1012,"Rock","Reef Slope",0,0,NA,NA
"1013",1013,"Rock","Reef Slope",0,0,NA,NA
"1014",1014,"Rock","Reef Slope",0,0,NA,NA
"1015",1015,"Rock","Reef Slope",0,0,NA,NA
"1016",1016,"Rock","Reef Slope",0,0,NA,NA
"1017",1017,"Rock","Reef Slope",0,0,NA,NA
"1018",1018,"Rock","Reef Slope",0,0,NA,NA
"1019",1019,"Rock","Reef Slope",0,0,NA,NA
"1020",1020,"Rock","Reef Slope",0,0,NA,NA
"1021",1021,"Coral/Algae","Reef Slope",0,0,NA,NA
"1022",1022,"Coral/Algae","Reef Slope",0,0,NA,NA
"1023",1023,"Coral/Algae","Reef Slope",0,0,NA,NA
"1024",1024,"Coral/Algae","Reef Slope",0,0,NA,NA
"1025",1025,"Coral/Algae","Reef Slope",0,0,NA,NA
"1026",1026,"Rock","Reef Slope",0,0,NA,NA
"1027",1027,"Rock","Reef Slope",0,0,NA,NA
"1028",1028,"Rock","Reef Slope",0,0,NA,NA
"1029",1029,"Rock","Reef Slope",0,0,NA,NA
"1030",1030,"Rock","Reef Slope",0,0,NA,NA
"1031",1031,"Rock","Reef Slope",0,0,NA,NA
"1032",1032,"Rock","Reef Slope",0,0,NA,NA
"1033",1033,"Rock","Reef Slope",0,0,NA,NA
"1034",1034,"Rock","Reef Slope",0,0,NA,NA
"1035",1035,"Rock","Reef Slope",0,0,NA,NA
"1036",1036,"Rock","Reef Slope",0,0,NA,NA
"1037",1037,"Rock","Reef Slope",0,0,NA,NA
"1038",1038,"Rock","Reef Slope",0,0,NA,NA
"1039",1039,"Rock","Reef Slope",0,0,NA,NA
"1040",1040,"Rock","Reef Slope",0,0,NA,NA
"1041",1041,"Rock","Reef Slope",0,0,NA,NA
"1042",1042,"Rock","Reef Slope",0,0,NA,NA
"1043",1043,"Rock","Reef Slope",0,0,NA,NA
"1044",1044,"Rock","Reef Slope",0,0,NA,NA
"1045",1045,"Rock","Reef Slope",0,0,NA,NA
"1046",1046,"Rock","Reef Slope",0,0,NA,NA
"1047",1047,"Rock","Reef Slope",0,0,NA,NA
"1048",1048,"Rock","Reef Slope",0,0,NA,NA
"1049",1049,"Rock","Reef Slope",0,0,NA,NA
"1050",1050,"Rock","Reef Slope",0,0,NA,NA
"1051",1051,"Rock","Reef Slope",0,0,NA,NA
"1052",1052,"Rock","Reef Slope",0,0,NA,NA
"1053",1053,"Rock","Reef Slope",0,0,NA,NA
"1054",1054,"Rock","Reef Slope",0,0,NA,NA
"1055",1055,"Coral/Algae","Reef Slope",0,0,NA,NA
"1056",1056,"Coral/Algae","Reef Slope",0,0,NA,NA
"1057",1057,"Coral/Algae","Reef Slope",0,0,NA,NA
"1058",1058,"Coral/Algae","Reef Slope",0,0,NA,NA
"1059",1059,"Coral/Algae","Reef Slope",0,0,NA,NA
"1060",1060,"Rock","Reef Slope",0,0,NA,NA
"1061",1061,"Rock","Reef Slope",0,0,NA,NA
"1062",1062,"Rock","Reef Slope",0,0,NA,NA
"1063",1063,"Rock","Reef Slope",0,0,NA,NA
"1064",1064,"Rock","Reef Slope",0,0,NA,NA
"1065",1065,"Rubble","Reef Slope",0,0,NA,NA
"1066",1066,"Rubble","Reef Slope",0,0,NA,NA
"1067",1067,"Rubble","Reef Slope",0,0,NA,NA
"1068",1068,"Rubble","Reef Slope",0,0,NA,NA
"1069",1069,"Rubble","Reef Slope",0,0,NA,NA
"1070",1070,"Rock","Reef Slope",0,0,NA,NA
"1071",1071,"Rock","Reef Slope",0,0,NA,NA
"1072",1072,"Rock","Reef Slope",0,0,NA,NA
"1073",1073,"Rock","Reef Slope",0,0,NA,NA
"1074",1074,"Rock","Reef Slope",0,0,NA,NA
"1075",1075,"Rock","Reef Slope",0,0,NA,NA
"1076",1076,"Rock","Reef Slope",0,0,NA,NA
"1077",1077,"Rock","Reef Slope",0,0,NA,NA
"1078",1078,"Rock","Reef Slope",0,0,NA,NA
"1079",1079,"Rock","Reef Slope",0,0,NA,NA
"1080",1080,"Rubble","Reef Slope",0,0,NA,NA
"1081",1081,"Rubble","Reef Slope",0,0,NA,NA
"1082",1082,"Rubble","Reef Slope",0,0,NA,NA
"1083",1083,"Rubble","Reef Slope",0,0,NA,NA
"1084",1084,"Rubble","Reef Slope",0,0,NA,NA
"1085",1085,"Rock","Reef Slope",0,0,NA,NA
"1086",1086,"Rock","Reef Slope",0,0,NA,NA
"1087",1087,"Rock","Reef Slope",0,0,NA,NA
"1088",1088,"Rock","Reef Slope",0,0,NA,NA
"1089",1089,"Rock","Reef Slope",0,0,NA,NA
"1090",1090,"Rock","Reef Slope",0,0,NA,NA
"1091",1091,"Rock","Reef Slope",0,0,NA,NA
"1092",1092,"Rock","Reef Slope",0,0,NA,NA
"1093",1093,"Rock","Reef Slope",0,0,NA,NA
"1094",1094,"Rock","Reef Slope",0,0,NA,NA
"1095",1095,"Rock","Reef Slope",0,0,NA,NA
"1096",1096,"Rock","Reef Slope",0,0,NA,NA
"1097",1097,"Rubble","Sheltered Reef Slope",0,0,NA,NA
"1098",1098,"Rubble","Sheltered Reef Slope",0,0,NA,NA
"1099",1099,"Rubble","Sheltered Reef Slope",0,0,NA,NA
"1100",1100,"Rubble","Sheltered Reef Slope",0,0,NA,NA
"1101",1101,"Rubble","Sheltered Reef Slope",0,0,NA,NA
"1102",1102,"Rock","Reef Slope",36.0795616389529,34.9511934221126,"Rock","Reef Slope"
"1103",1103,"Rock","Reef Slope",36.0795616389529,34.9511934221126,"Rock","Reef Slope"
"1104",1104,"Rock","Reef Slope",36.0795616389529,34.9511934221126,"Rock","Reef Slope"
"1105",1105,"Rock","Reef Slope",36.0795616389529,34.9511934221126,"Rock","Reef Slope"
"1106",1106,"Rubble","Back Reef Slope",0,0,NA,NA
"1107",1107,"Rubble","Sheltered Reef Slope",27.3240738871,27.3240738871,"Rubble","Sheltered Reef Slope"
"1108",1108,"Rubble","Sheltered Reef Slope",27.3240738871,27.3240738871,"Rubble","Sheltered Reef Slope"
"1109",1109,"Rubble","Sheltered Reef Slope",27.3240738871,27.3240738871,"Rubble","Sheltered Reef Slope"
"1110",1110,"Rubble","Sheltered Reef Slope",27.3240738871,27.3240738871,"Rubble","Sheltered Reef Slope"
"1111",1111,"Rubble","Sheltered Reef Slope",27.3240738871,27.3240738871,"Rubble","Sheltered Reef Slope"
"1112",1112,"Rubble","Sheltered Reef Slope",0,0,NA,NA
"1113",1113,"Rubble","Sheltered Reef Slope",0,0,NA,NA
"1114",1114,"Rubble","Sheltered Reef Slope",0,0,NA,NA
"1115",1115,"Rubble","Sheltered Reef Slope",0,0,NA,NA
"1116",1116,"Rubble","Sheltered Reef Slope",0,0,NA,NA
"1117",1117,"Rubble","Sheltered Reef Slope",0,0,NA,NA
"1118",1118,"Rock","Sheltered Reef Slope",0,0,NA,NA
"1119",1119,"Rock","Sheltered Reef Slope",0,0,NA,NA
"1120",1120,"Rock","Sheltered Reef Slope",0,0,NA,NA
"1121",1121,"Rock","Sheltered Reef Slope",0,0,NA,NA
"1122",1122,"Rock","Sheltered Reef Slope",0,0,NA,NA
"1123",1123,"Rock","Sheltered Reef Slope",0,0,NA,NA
"1124",1124,"Rubble","Reef Slope",0,0,NA,NA
"1125",1125,"Rubble","Reef Slope",0,0,NA,NA
"1126",1126,"Rubble","Reef Slope",0,0,NA,NA
"1127",1127,"Rubble","Reef Slope",0,0,NA,NA
"1128",1128,"Rubble","Reef Slope",0,0,NA,NA
"1129",1129,"Rock","Outer Reef Flat",0,0,NA,NA
"1130",1130,"Rock","Outer Reef Flat",0,0,NA,NA
"1131",1131,"Rock","Outer Reef Flat",0,0,NA,NA
"1132",1132,"Rock","Outer Reef Flat",0,0,NA,NA
"1133",1133,"Rock","Outer Reef Flat",0,0,NA,NA
"1134",1134,"Rock","Outer Reef Flat",0,0,NA,NA
"1135",1135,"Rubble","Sheltered Reef Slope",0,0,NA,NA
"1136",1136,"Rubble","Sheltered Reef Slope",0,0,NA,NA
"1137",1137,"Rubble","Sheltered Reef Slope",0,0,NA,NA
"1138",1138,"Coral/Algae","Sheltered Reef Slope",0,0,NA,NA
"1139",1139,"Coral/Algae","Sheltered Reef Slope",0,0,NA,NA
"1140",1140,"Rock","Back Reef Slope",0,0,NA,NA
"1141",1141,"Coral/Algae","Back Reef Slope",0,0,NA,NA
"1142",1142,"Rubble","Sheltered Reef Slope",0,0,NA,NA
"1143",1143,"Rock","Back Reef Slope",0,0,NA,NA
"1144",1144,"Rock","Back Reef Slope",45.622935564809,27.9378363191295,"Rock","Back Reef Slope"
"1145",1145,"Rock","Inner Reef Flat",0,0,NA,NA
"1146",1146,"Rock","Inner Reef Flat",0,0,NA,NA
"1147",1147,"Rock","Inner Reef Flat",0,0,NA,NA
"1148",1148,"Rock","Inner Reef Flat",0,0,NA,NA
"1149",1149,"Rock","Inner Reef Flat",0,0,NA,NA
"1150",1150,"Rubble","Sheltered Reef Slope",0,0,NA,NA
"1151",1151,"Rubble","Sheltered Reef Slope",0,0,NA,NA
"1152",1152,"Rubble","Sheltered Reef Slope",0,0,NA,NA
"1153",1153,"Rubble","Sheltered Reef Slope",0,0,NA,NA
"1154",1154,"Rubble","Sheltered Reef Slope",0,0,NA,NA
"1155",1155,"Rubble","Sheltered Reef Slope",0,0,NA,NA
"1156",1156,"Coral/Algae","Outer Reef Flat",0,0,NA,NA
"1157",1157,"Coral/Algae","Outer Reef Flat",0,0,NA,NA
"1158",1158,"Coral/Algae","Outer Reef Flat",0,0,NA,NA
"1159",1159,"Coral/Algae","Outer Reef Flat",0,0,NA,NA
"1160",1160,"Coral/Algae","Outer Reef Flat",0,0,NA,NA
"1161",1161,"Coral/Algae","Outer Reef Flat",0,0,NA,NA
"1162",1162,"Coral/Algae","Outer Reef Flat",0,0,NA,NA
"1163",1163,"Coral/Algae","Outer Reef Flat",0,0,NA,NA
"1164",1164,"Coral/Algae","Back Reef Slope",39.4438161139041,0,"Coral/Algae",NA
"1165",1165,"Coral/Algae","Back Reef Slope",39.4438161139041,0,"Coral/Algae",NA
"1166",1166,"Coral/Algae","Back Reef Slope",39.4438161139041,0,"Coral/Algae",NA
"1167",1167,"Coral/Algae","Back Reef Slope",39.4438161139041,0,"Coral/Algae",NA
"1168",1168,"Coral/Algae","Back Reef Slope",39.4438161139041,0,"Coral/Algae",NA
"1169",1169,"Coral/Algae","Back Reef Slope",39.4438161139041,0,"Coral/Algae",NA
"1170",1170,"Coral/Algae","Outer Reef Flat",0,0,NA,NA
"1171",1171,"Coral/Algae","Outer Reef Flat",0,0,NA,NA
"1172",1172,"Coral/Algae","Outer Reef Flat",0,0,NA,NA
"1173",1173,"Coral/Algae","Outer Reef Flat",0,0,NA,NA
"1174",1174,"Coral/Algae","Outer Reef Flat",0,0,NA,NA
"1175",1175,"Coral/Algae","Outer Reef Flat",0,0,NA,NA
"1176",1176,"Coral/Algae","Reef Crest",0,0,NA,NA
"1177",1177,"Coral/Algae","Reef Crest",0,0,NA,NA
"1178",1178,"Coral/Algae","Reef Crest",0,0,NA,NA
"1179",1179,"Coral/Algae","Reef Crest",0,0,NA,NA
"1180",1180,"Sand","Inner Reef Flat",0,0,NA,NA
"1181",1181,"Sand","Inner Reef Flat",0,0,NA,NA
"1182",1182,"Sand","Inner Reef Flat",0,0,NA,NA
"1183",1183,"Sand","Inner Reef Flat",0,0,NA,NA
"1184",1184,"Sand","Inner Reef Flat",0,0,NA,NA
"1185",1185,"Rock","Reef Crest",0,0,NA,NA
"1186",1186,"Rock","Reef Crest",0,0,NA,NA
"1187",1187,"Rock","Reef Crest",0,0,NA,NA
"1188",1188,"Rock","Reef Crest",0,0,NA,NA
"1189",1189,"Sand","Sheltered Reef Slope",0,0,NA,NA
"1190",1190,"Sand","Sheltered Reef Slope",0,0,NA,NA
"1191",1191,"Rock","Outer Reef Flat",0,0,NA,NA
"1192",1192,"Rock","Outer Reef Flat",0,0,NA,NA
"1193",1193,"Rock","Outer Reef Flat",0,0,NA,NA
"1194",1194,"Rubble","Reef Slope",0,0,NA,NA
"1195",1195,"Rubble","Reef Slope",0,0,NA,NA
"1196",1196,"Rubble","Sheltered Reef Slope",0,0,NA,NA
"1197",1197,"Sand","Deep Lagoon",0,0,NA,NA
"1198",1198,"Sand","Sheltered Reef Slope",0,0,NA,NA
"1199",1199,"Sand","Sheltered Reef Slope",0,0,NA,NA
"1200",1200,"Rock","Reef Slope",34.5880497342667,0,"Rock",NA
"1201",1201,"Coral/Algae","Inner Reef Flat",0,0,NA,NA
"1202",1202,"Coral/Algae","Inner Reef Flat",0,0,NA,NA
"1203",1203,"Coral/Algae","Sheltered Reef Slope",38.1150239220802,0,"Coral/Algae",NA
"1204",1204,"Coral/Algae","Sheltered Reef Slope",38.1150239220802,0,"Coral/Algae",NA
"1205",1205,"Sand","Sheltered Reef Slope",64.818817064394,0,"Sand",NA
"1206",1206,"Rubble","Deep Lagoon",0,0,NA,NA
"1207",1207,"Sand","Deep Lagoon",0,0,NA,NA
"1208",1208,"Sand","Deep Lagoon",0,0,NA,NA
"1209",1209,"Sand","Reef Slope",31.8612677031448,0,"Sand",NA
"1210",1210,"Coral/Algae","Outer Reef Flat",0,0,NA,NA
"1211",1211,"Sand","Sheltered Reef Slope",0,0,NA,NA
"1212",1212,"Sand","Sheltered Reef Slope",68.5254199824351,0,"Sand",NA
"1213",1213,NA,NA,33961.9637854934,33934.2567383834,NA,NA
"1214",1214,NA,NA,33961.9637854934,33934.2567383834,NA,NA
"1215",1215,NA,NA,33961.9637854934,33934.2567383834,NA,NA
"1216",1216,NA,NA,33961.9637854934,33934.2567383834,NA,NA
"1217",1217,NA,NA,34517.3298962413,34489.8925611459,NA,NA
"1218",1218,NA,NA,34517.3298962413,34489.8925611459,NA,NA
"1219",1219,NA,NA,34517.3298962413,34489.8925611459,NA,NA
"1220",1220,NA,NA,34517.3298962413,34489.8925611459,NA,NA
"1221",1221,NA,NA,34517.3298962413,34489.8925611459,NA,NA
"1222",1222,NA,NA,34738.3112522386,34711.3285211355,NA,NA
"1223",1223,NA,NA,34738.3112522386,34711.3285211355,NA,NA
"1224",1224,NA,NA,34738.3112522386,34711.3285211355,NA,NA
"1225",1225,NA,NA,34226.3110634875,34199.3595215874,NA,NA
"1226",1226,NA,NA,34226.3110634875,34199.3595215874,NA,NA
"1227",1227,NA,NA,34226.3110634875,34199.3595215874,NA,NA
"1228",1228,NA,NA,34226.3110634875,34199.3595215874,NA,NA
"1229",1229,NA,NA,33812.3517030079,33785.0320534022,NA,NA
"1230",1230,NA,NA,33812.3517030079,33785.0320534022,NA,NA
"1231",1231,NA,NA,33812.3517030079,33785.0320534022,NA,NA
"1232",1232,NA,NA,33812.3517030079,33785.0320534022,NA,NA
"1233",1233,"Coral/Algae","Reef Crest",0,0,NA,NA
"1234",1234,"Coral/Algae","Reef Crest",0,0,NA,NA
"1235",1235,"Coral/Algae","Reef Crest",0,0,NA,NA
"1236",1236,"Coral/Algae","Outer Reef Flat",0,0,NA,NA
"1237",1237,"Coral/Algae","Outer Reef Flat",0,0,NA,NA
"1238",1238,"Coral/Algae","Back Reef Slope",0,0,NA,NA
"1239",1239,"Coral/Algae","Sheltered Reef Slope",0,0,NA,NA
"1240",1240,"Coral/Algae","Back Reef Slope",0,0,NA,NA
"1241",1241,"Coral/Algae","Back Reef Slope",0,0,NA,NA
"1242",1242,"Coral/Algae","Outer Reef Flat",0,0,NA,NA
"1243",1243,"Coral/Algae","Outer Reef Flat",0,0,NA,NA
"1244",1244,"Rock","Outer Reef Flat",0,0,NA,NA
"1245",1245,"Rock","Outer Reef Flat",0,0,NA,NA
"1246",1246,"Coral/Algae","Outer Reef Flat",0,0,NA,NA
"1247",1247,"Coral/Algae","Outer Reef Flat",0,0,NA,NA
"1248",1248,"Sand","Outer Reef Flat",0,0,NA,NA
"1249",1249,"Sand","Outer Reef Flat",0,0,NA,NA
"1250",1250,"Sand","Outer Reef Flat",0,0,NA,NA
"1251",1251,"Sand","Outer Reef Flat",0,0,NA,NA
"1252",1252,"Rock","Outer Reef Flat",0,0,NA,NA
"1253",1253,"Rock","Outer Reef Flat",0,0,NA,NA
"1254",1254,"Rock","Outer Reef Flat",0,0,NA,NA
"1255",1255,"Sand","Outer Reef Flat",0,0,NA,NA
"1256",1256,"Sand","Outer Reef Flat",0,0,NA,NA
"1257",1257,"Rock","Outer Reef Flat",0,0,NA,NA
"1258",1258,"Rock","Outer Reef Flat",0,0,NA,NA
"1259",1259,"Rock","Outer Reef Flat",0,0,NA,NA
"1260",1260,"Rock","Reef Crest",0,0,NA,NA
"1261",1261,"Rock","Outer Reef Flat",0,0,NA,NA
"1262",1262,"Rock","Outer Reef Flat",0,0,NA,NA
"1263",1263,"Rock","Outer Reef Flat",0,0,NA,NA
"1264",1264,"Rock","Outer Reef Flat",0,0,NA,NA
"1265",1265,"Rock","Outer Reef Flat",0,0,NA,NA
"1266",1266,"Rock","Outer Reef Flat",0,0,NA,NA
"1267",1267,"Sand","Inner Reef Flat",0,0,NA,NA
"1268",1268,"Sand","Inner Reef Flat",0,0,NA,NA
"1269",1269,"Sand","Inner Reef Flat",0,0,NA,NA
"1270",1270,"Rock","Reef Crest",0,0,NA,NA
"1271",1271,"Rock","Reef Crest",0,0,NA,NA
"1272",1272,"Rock","Reef Crest",0,0,NA,NA
"1273",1273,"Rock","Reef Crest",0,0,NA,NA
"1274",1274,"Rock","Outer Reef Flat",0,0,NA,NA
"1275",1275,"Rock","Outer Reef Flat",0,0,NA,NA
"1276",1276,"Rock","Reef Crest",0,0,NA,NA
"1277",1277,"Rock","Sheltered Reef Slope",0,0,NA,NA
"1278",1278,"Rock","Sheltered Reef Slope",0,0,NA,NA
"1279",1279,"Rock","Reef Crest",0,0,NA,NA
"1280",1280,"Rock","Reef Crest",0,0,NA,NA
"1281",1281,NA,NA,37349.6400674773,37322.8415686385,NA,NA
"1282",1282,NA,NA,37806.2917770107,37780.1001716884,NA,NA
"1283",1283,NA,NA,38295.3150579167,38268.7075141709,NA,NA
"1284",1284,NA,NA,38521.0528040507,38492.8232571569,NA,NA
"1285",1285,NA,NA,38830.6372964492,38800.0961089616,NA,NA
"1286",1286,NA,NA,39183.794306665,39151.0540997184,NA,NA
"1287",1287,NA,NA,39621.9247571175,39587.9869007793,NA,NA
"1288",1288,NA,NA,40196.5265164131,40161.4556423997,NA,NA
"1289",1289,NA,NA,37074.8728421046,37042.3661374696,NA,NA
"1290",1290,NA,NA,37074.8728421046,37042.3661374696,NA,NA
"1291",1291,NA,NA,37393.6983725259,37361.9266483107,NA,NA
"1292",1292,NA,NA,37393.6983725259,37361.9266483107,NA,NA
"1293",1293,NA,NA,37243.6603260929,37214.5436830395,NA,NA
"1294",1294,NA,NA,4982.65877052784,4916.5681923563,NA,NA
"1295",1295,NA,NA,4691.69208941278,4641.69208941716,NA,NA
"1296",1296,NA,NA,5256.02737786898,5192.41138026064,NA,NA
"1297",1297,NA,NA,5256.02737786898,5192.41138026064,NA,NA
"1298",1298,NA,NA,5256.02737786898,5192.41138026064,NA,NA
"1299",1299,NA,NA,4360.32765221333,4310.32821057274,NA,NA
"1300",1300,NA,NA,3477.74286257661,3451.53708841768,NA,NA
"1301",1301,"Coral/Algae","Reef Slope",65.5318198749032,0,"Coral/Algae",NA
"1302",1302,"Coral/Algae","Reef Slope",65.5318198749032,0,"Coral/Algae",NA
"1303",1303,"Coral/Algae","Reef Slope",65.5318198749032,0,"Coral/Algae",NA
"1304",1304,"Rock","Reef Slope",0,0,NA,NA
"1305",1305,"Rock","Reef Slope",0,0,NA,NA
"1306",1306,"Rock","Reef Slope",0,0,NA,NA
"1307",1307,"Rock","Reef Slope",0,0,NA,NA
"1308",1308,"Rock","Reef Slope",0,0,NA,NA
"1309",1309,"Rubble","Reef Slope",0,0,NA,NA
"1310",1310,"Rubble","Reef Slope",0,0,NA,NA
"1311",1311,"Rubble","Reef Slope",0,0,NA,NA
"1312",1312,"Rubble","Reef Slope",0,0,NA,NA
"1313",1313,"Sand","Back Reef Slope",0,0,NA,NA
"1314",1314,"Sand","Back Reef Slope",0,0,NA,NA
"1315",1315,"Sand","Back Reef Slope",0,0,NA,NA
"1316",1316,"Sand","Back Reef Slope",0,0,NA,NA
"1317",1317,"Sand","Back Reef Slope",0,0,NA,NA
"1318",1318,"Sand","Back Reef Slope",0,0,NA,NA
"1319",1319,"Sand","Back Reef Slope",0,0,NA,NA
"1320",1320,"Sand","Back Reef Slope",0,0,NA,NA
"1321",1321,"Sand","Back Reef Slope",0,0,NA,NA
"1322",1322,"Sand","Back Reef Slope",0,0,NA,NA
"1323",1323,"Coral/Algae","Sheltered Reef Slope",37.8783081443813,0,"Coral/Algae",NA
"1324",1324,"Coral/Algae","Sheltered Reef Slope",37.8783081443813,0,"Coral/Algae",NA
"1325",1325,"Coral/Algae","Sheltered Reef Slope",37.8783081443813,0,"Coral/Algae",NA
"1326",1326,"Coral/Algae","Sheltered Reef Slope",37.8783081443813,0,"Coral/Algae",NA
"1327",1327,"Coral/Algae","Sheltered Reef Slope",37.8783081443813,0,"Coral/Algae",NA
"1328",1328,"Coral/Algae","Sheltered Reef Slope",37.8783081443813,0,"Coral/Algae",NA
"1329",1329,"Rock","Back Reef Slope",37.1755295002785,0,"Rock",NA
"1330",1330,"Rock","Back Reef Slope",37.1755295002785,0,"Rock",NA
"1331",1331,"Rock","Back Reef Slope",37.1755295002785,0,"Rock",NA
"1332",1332,"Rock","Back Reef Slope",37.1755295002785,0,"Rock",NA
"1333",1333,"Rock","Back Reef Slope",37.1755295002785,0,"Rock",NA
"1334",1334,"Rock","Back Reef Slope",37.1755295002785,0,"Rock",NA
"1335",1335,"Rock","Reef Slope",47.8872581613247,0,"Rock",NA
"1336",1336,"Rock","Reef Slope",47.8872581613247,0,"Rock",NA
"1337",1337,"Rock","Reef Slope",47.8872581613247,0,"Rock",NA
"1338",1338,"Rock","Reef Slope",47.8872581613247,0,"Rock",NA
"1339",1339,"Rock","Reef Slope",47.8872581613247,0,"Rock",NA
"1340",1340,"Rock","Reef Slope",47.8872581613247,0,"Rock",NA
"1341",1341,"Rock","Deep Lagoon",0,0,NA,NA
"1342",1342,"Rock","Deep Lagoon",0,0,NA,NA
"1343",1343,"Rock","Deep Lagoon",0,0,NA,NA
"1344",1344,"Rock","Reef Slope",68.3219760505507,0,"Rock",NA
"1345",1345,"Rock","Reef Slope",68.3219760505507,0,"Rock",NA
"1346",1346,"Rock","Reef Slope",68.3219760505507,0,"Rock",NA
"1347",1347,"Rock","Reef Slope",0,0,NA,NA
"1348",1348,NA,NA,177.434255894711,116.956139333308,NA,NA
"1349",1349,NA,NA,177.434255894711,116.956139333308,NA,NA
"1350",1350,NA,"Back Reef Slope",336.508779861381,0,NA,NA
"1351",1351,NA,"Back Reef Slope",336.508779861381,0,NA,NA
"1352",1352,NA,"Back Reef Slope",336.508779861381,0,NA,NA
"1353",1353,"Sand","Deep Lagoon",0,0,NA,NA
"1354",1354,"Sand","Deep Lagoon",0,0,NA,NA
"1355",1355,"Sand","Deep Lagoon",0,0,NA,NA
"1356",1356,"Sand","Deep Lagoon",0,0,NA,NA
"1357",1357,"Sand","Deep Lagoon",0,0,NA,NA
"1358",1358,"Sand","Outer Reef Flat",0,0,NA,NA
"1359",1359,"Sand","Shallow Lagoon",0,0,NA,NA
"1360",1360,"Sand","Shallow Lagoon",0,0,NA,NA
"1361",1361,"Sand","Shallow Lagoon",0,0,NA,NA
"1362",1362,"Coral/Algae","Shallow Lagoon",0,0,NA,NA
"1363",1363,"Sand","Shallow Lagoon",0,0,NA,NA
"1364",1364,"Sand","Shallow Lagoon",0,0,NA,NA
"1365",1365,"Coral/Algae","Reef Slope",31.8797767653461,0,"Coral/Algae",NA
"1366",1366,"Rock","Reef Slope",44.5152625613042,0,"Rock",NA
"1367",1367,"Rock","Reef Slope",0,0,NA,NA
"1368",1368,"Rock","Reef Slope",0,0,NA,NA
"1369",1369,"Rock","Reef Slope",0,0,NA,NA
"1370",1370,"Coral/Algae","Reef Slope",30.9459083203993,0,"Coral/Algae",NA
"1371",1371,"Coral/Algae","Reef Slope",0,0,NA,NA
"1372",1372,"Coral/Algae","Reef Slope",0,0,NA,NA
"1373",1373,"Coral/Algae","Reef Slope",0,0,NA,NA
"1374",1374,"Coral/Algae","Reef Slope",75.8184456344806,0,"Coral/Algae",NA
"1375",1375,"Coral/Algae","Reef Slope",75.8184456344806,0,"Coral/Algae",NA
"1376",1376,"Coral/Algae","Reef Slope",75.8184456344806,0,"Coral/Algae",NA
"1377",1377,NA,"Plateau",152.236790333753,59.1000341100898,NA,"Plateau"
"1378",1378,NA,"Plateau",152.236790333753,59.1000341100898,NA,"Plateau"
"1379",1379,"Coral/Algae","Sheltered Reef Slope",78.0297645446626,0,"Coral/Algae",NA
"1380",1380,"Coral/Algae","Sheltered Reef Slope",78.0297645446626,0,"Coral/Algae",NA
"1381",1381,"Coral/Algae","Sheltered Reef Slope",78.0297645446626,0,"Coral/Algae",NA
"1382",1382,"Coral/Algae","Sheltered Reef Slope",78.0297645446626,0,"Coral/Algae",NA
"1383",1383,"Coral/Algae","Sheltered Reef Slope",78.0297645446626,0,"Coral/Algae",NA
"1384",1384,"Rock","Back Reef Slope",71.8196845507222,0,"Rock",NA
"1385",1385,"Rock","Back Reef Slope",71.8196845507222,0,"Rock",NA
"1386",1386,"Rock","Back Reef Slope",71.8196845507222,0,"Rock",NA
"1387",1387,"Rock","Back Reef Slope",71.8196845507222,0,"Rock",NA
"1388",1388,"Rock","Back Reef Slope",71.8196845507222,0,"Rock",NA
"1389",1389,"Sand","Outer Reef Flat",0,0,NA,NA
"1390",1390,"Sand","Outer Reef Flat",0,0,NA,NA
"1391",1391,"Sand","Outer Reef Flat",0,0,NA,NA
"1392",1392,"Sand","Outer Reef Flat",0,0,NA,NA
"1393",1393,"Coral/Algae","Deep Lagoon",31.0446043229998,0,"Coral/Algae",NA
"1394",1394,"Coral/Algae","Outer Reef Flat",0,0,NA,NA
"1395",1395,"Coral/Algae","Outer Reef Flat",0,0,NA,NA
"1396",1396,"Sand","Deep Lagoon",0,0,NA,NA
"1397",1397,"Sand","Sheltered Reef Slope",0,0,NA,NA
"1398",1398,"Sand","Sheltered Reef Slope",0,0,NA,NA
"1399",1399,"Sand","Sheltered Reef Slope",0,0,NA,NA
"1400",1400,"Sand","Sheltered Reef Slope",0,0,NA,NA
"1401",1401,"Sand","Sheltered Reef Slope",35.6313883281884,0,"Sand",NA
"1402",1402,"Sand","Sheltered Reef Slope",35.6313883281884,0,"Sand",NA
"1403",1403,"Sand","Sheltered Reef Slope",35.6313883281884,0,"Sand",NA
"1404",1404,"Rock","Reef Slope",0,0,NA,NA
"1405",1405,"Rock","Reef Slope",0,0,NA,NA
"1406",1406,"Coral/Algae","Sheltered Reef Slope",26.3608364969198,0,"Coral/Algae",NA
"1407",1407,"Coral/Algae","Sheltered Reef Slope",26.3608364969198,0,"Coral/Algae",NA
"1408",1408,"Coral/Algae","Sheltered Reef Slope",26.3608364969198,0,"Coral/Algae",NA
"1409",1409,"Sand","Reef Slope",0,0,NA,NA
"1410",1410,"Sand","Reef Slope",0,0,NA,NA
"1411",1411,"Sand","Reef Slope",0,0,NA,NA
"1412",1412,"Rock","Reef Slope",41.7028402948098,0,"Rock",NA
"1413",1413,"Rock","Reef Slope",41.7028402948098,0,"Rock",NA
"1414",1414,"Rock","Reef Slope",38.976870239508,0,"Rock",NA
"1415",1415,"Rock","Reef Slope",85.906125308224,0,"Rock",NA
"1416",1416,"Rock","Deep Lagoon",36.9817094062688,0,"Rock",NA
"1417",1417,"Sand","Deep Lagoon",96.933850626823,0,"Sand",NA
"1418",1418,"Sand","Back Reef Slope",0,0,NA,NA
"1419",1419,"Sand","Deep Lagoon",33.1975655238144,0,"Sand",NA
"1420",1420,"Rock","Deep Lagoon",0,0,NA,NA
"1421",1421,"Sand","Back Reef Slope",0,0,NA,NA
"1422",1422,"Sand","Back Reef Slope",0,0,NA,NA
"1423",1423,"Sand","Sheltered Reef Slope",0,0,NA,NA
"1424",1424,"Sand","Sheltered Reef Slope",0,0,NA,NA
"1425",1425,"Sand","Sheltered Reef Slope",0,0,NA,NA
"1426",1426,"Sand","Sheltered Reef Slope",0,0,NA,NA
"1427",1427,"Rock","Back Reef Slope",67.7281081059748,0,"Rock",NA
"1428",1428,"Rock","Back Reef Slope",67.7281081059748,0,"Rock",NA
"1429",1429,"Coral/Algae","Deep Lagoon",49.3141488053638,0,"Coral/Algae",NA
"1430",1430,"Coral/Algae","Back Reef Slope",97.0897766314412,0,"Coral/Algae",NA
"1431",1431,"Coral/Algae","Back Reef Slope",97.0897766314412,0,"Coral/Algae",NA
"1432",1432,NA,"Back Reef Slope",342.518329284347,69.3822422185756,NA,"Back Reef Slope"
"1433",1433,NA,NA,214.132939955822,210.928792280971,NA,NA
"1434",1434,"Rock","Back Reef Slope",42.9205589467117,0,"Rock",NA
"1435",1435,"Rock","Back Reef Slope",42.9205589467117,0,"Rock",NA
"1436",1436,"Rock","Back Reef Slope",42.9205589467117,0,"Rock",NA
"1437",1437,"Rock","Plateau",67.3903571659303,0,"Rock",NA
"1438",1438,"Rock","Plateau",67.3903571659303,0,"Rock",NA
"1439",1439,"Rubble","Back Reef Slope",58.4328500833684,0,"Rubble",NA
"1440",1440,"Rubble","Back Reef Slope",58.4328500833684,0,"Rubble",NA
"1441",1441,"Rubble","Back Reef Slope",58.4328500833684,0,"Rubble",NA
"1442",1442,NA,"Deep Lagoon",103.496114241592,0,NA,NA
"1443",1443,"Sand","Back Reef Slope",0,0,NA,NA
"1444",1444,"Rubble","Sheltered Reef Slope",52.2393846300161,0,"Rubble",NA
"1445",1445,"Rubble","Sheltered Reef Slope",52.2393846300161,0,"Rubble",NA
"1446",1446,"Sand","Back Reef Slope",0,0,NA,NA
"1447",1447,"Sand","Back Reef Slope",0,0,NA,NA
"1448",1448,"Sand","Deep Lagoon",0,0,NA,NA
"1449",1449,"Coral/Algae","Reef Slope",0,0,NA,NA
"1450",1450,"Coral/Algae","Reef Slope",0,0,NA,NA
"1451",1451,"Sand","Back Reef Slope",0,0,NA,NA
"1452",1452,"Sand","Back Reef Slope",0,0,NA,NA
"1453",1453,"Coral/Algae","Deep Lagoon",0,0,NA,NA
"1454",1454,"Sand","Back Reef Slope",0,0,NA,NA
"1455",1455,"Sand","Back Reef Slope",0,0,NA,NA
"1456",1456,"Rock","Deep",41.4125550238323,0,"Rock",NA
"1457",1457,"Sand","Back Reef Slope",75.0894266319925,0,"Sand",NA
"1458",1458,"Coral/Algae","Reef Slope",80.5449829932775,0,"Coral/Algae",NA
"1459",1459,NA,NA,179.343549340187,113.031511473991,NA,NA
"1460",1460,"Rock","Deep Lagoon",27.4135591240139,0,"Rock",NA
"1461",1461,"Rock","Sheltered Reef Slope",66.7817246013782,0,"Rock",NA
"1462",1462,"Rock","Sheltered Reef Slope",66.7817246013782,0,"Rock",NA
"1463",1463,NA,"Back Reef Slope",169.965950646486,0,NA,NA
"1464",1464,"Sand","Deep Lagoon",44.3629869901669,0,"Sand",NA
"1465",1465,"Sand","Deep Lagoon",44.3629869901669,0,"Sand",NA
"1466",1466,NA,"Reef Slope",159.1782184054,0,NA,NA
"1467",1467,NA,"Reef Slope",159.1782184054,0,NA,NA
"1468",1468,"Sand","Deep Lagoon",0,0,NA,NA
"1469",1469,"Sand","Deep Lagoon",0,0,NA,NA
"1470",1470,NA,"Back Reef Slope",256.206556928174,0,NA,NA
"1471",1471,"Rubble","Deep Lagoon",0,0,NA,NA
"1472",1472,"Rubble","Deep Lagoon",0,0,NA,NA
"1473",1473,"Rock","Reef Slope",0,0,NA,NA
"1474",1474,"Coral/Algae","Reef Slope",0,0,NA,NA
"1475",1475,NA,"Deep",113.90141674802,65.9717871848551,NA,"Deep"
"1476",1476,"Rock","Reef Slope",41.2868953187571,0,"Rock",NA
"1477",1477,NA,"Deep",190.149550297506,83.9379544356173,NA,"Deep"
"1478",1478,"Sand","Reef Slope",0,0,NA,NA
"1479",1479,"Rock","Back Reef Slope",0,0,NA,NA
"1480",1480,"Rock","Reef Slope",0,0,NA,NA
"1481",1481,"Sand","Back Reef Slope",76.3844955594952,0,"Sand",NA
"1482",1482,"Sand","Back Reef Slope",0,0,NA,NA
"1483",1483,"Sand","Back Reef Slope",0,0,NA,NA
"1484",1484,"Sand","Deep Lagoon",0,0,NA,NA
"1485",1485,"Sand","Deep Lagoon",0,0,NA,NA
"1486",1486,"Sand","Back Reef Slope",0,0,NA,NA
"1487",1487,"Sand","Back Reef Slope",0,0,NA,NA
"1488",1488,"Coral/Algae","Deep Lagoon",0,0,NA,NA
"1489",1489,"Sand","Back Reef Slope",0,0,NA,NA
"1490",1490,"Rubble","Reef Slope",0,0,NA,NA
"1491",1491,"Sand","Back Reef Slope",0,0,NA,NA
"1492",1492,"Coral/Algae","Back Reef Slope",0,0,NA,NA
"1493",1493,"Sand","Back Reef Slope",0,0,NA,NA
"1494",1494,"Coral/Algae","Back Reef Slope",28.7867067555346,0,"Coral/Algae",NA
"1495",1495,"Sand","Deep Lagoon",0,0,NA,NA
"1496",1496,"Sand","Back Reef Slope",0,0,NA,NA
"1497",1497,"Sand","Back Reef Slope",0,0,NA,NA
"1498",1498,"Sand","Back Reef Slope",0,0,NA,NA
"1499",1499,"Sand","Back Reef Slope",0,0,NA,NA
"1500",1500,"Sand","Back Reef Slope",0,0,NA,NA
"1501",1501,"Sand","Back Reef Slope",0,0,NA,NA
"1502",1502,"Sand","Back Reef Slope",0,0,NA,NA
"1503",1503,"Sand","Back Reef Slope",0,0,NA,NA
"1504",1504,"Sand","Inner Reef Flat",0,0,NA,NA
"1505",1505,"Sand","Inner Reef Flat",0,0,NA,NA
"1506",1506,"Sand","Inner Reef Flat",0,0,NA,NA
"1507",1507,"Sand","Deep Lagoon",0,0,NA,NA
"1508",1508,"Sand","Deep Lagoon",0,0,NA,NA
"1509",1509,"Rubble","Back Reef Slope",0,0,NA,NA
"1510",1510,"Coral/Algae","Inner Reef Flat",0,0,NA,NA
"1511",1511,"Sand","Back Reef Slope",0,0,NA,NA
"1512",1512,"Coral/Algae","Back Reef Slope",0,0,NA,NA
"1513",1513,"Rock","Outer Reef Flat",0,0,NA,NA
"1514",1514,"Rock","Outer Reef Flat",0,0,NA,NA
"1515",1515,"Rock","Outer Reef Flat",0,0,NA,NA
"1516",1516,"Rock","Outer Reef Flat",0,0,NA,NA
"1517",1517,"Coral/Algae","Outer Reef Flat",0,0,NA,NA
"1518",1518,"Coral/Algae","Outer Reef Flat",0,0,NA,NA
"1519",1519,"Coral/Algae","Outer Reef Flat",0,0,NA,NA
"1520",1520,"Coral/Algae","Outer Reef Flat",0,0,NA,NA
"1521",1521,"Rock","Outer Reef Flat",0,0,NA,NA
"1522",1522,"Rock","Outer Reef Flat",0,0,NA,NA
"1523",1523,"Coral/Algae","Outer Reef Flat",0,0,NA,NA
"1524",1524,"Coral/Algae","Outer Reef Flat",0,0,NA,NA
"1525",1525,"Rock","Sheltered Reef Slope",48.805532699214,0,"Rock",NA
"1526",1526,"Rock","Sheltered Reef Slope",48.805532699214,0,"Rock",NA
"1527",1527,"Rock","Sheltered Reef Slope",48.805532699214,0,"Rock",NA
"1528",1528,"Rock","Sheltered Reef Slope",48.805532699214,0,"Rock",NA
"1529",1529,"Rock","Sheltered Reef Slope",48.805532699214,0,"Rock",NA
"1530",1530,"Rock","Sheltered Reef Slope",48.805532699214,0,"Rock",NA
"1531",1531,"Rubble","Sheltered Reef Slope",65.4364436047325,0,"Rubble",NA
"1532",1532,"Rubble","Sheltered Reef Slope",65.4364436047325,0,"Rubble",NA
"1533",1533,"Rubble","Sheltered Reef Slope",65.4364436047325,0,"Rubble",NA
"1534",1534,"Rubble","Sheltered Reef Slope",65.4364436047325,0,"Rubble",NA
"1535",1535,"Coral/Algae","Sheltered Reef Slope",87.6992624255274,0,"Coral/Algae",NA
"1536",1536,"Rubble","Sheltered Reef Slope",0,0,NA,NA
"1537",1537,"Rubble","Sheltered Reef Slope",0,0,NA,NA
"1538",1538,"Rubble","Sheltered Reef Slope",0,0,NA,NA
"1539",1539,"Rubble","Sheltered Reef Slope",0,0,NA,NA
"1540",1540,"Rubble","Sheltered Reef Slope",0,0,NA,NA
"1541",1541,"Rubble","Sheltered Reef Slope",0,0,NA,NA
"1542",1542,"Rubble","Sheltered Reef Slope",0,0,NA,NA
"1543",1543,"Rock","Reef Slope",49.4663988353358,30.6650826121639,"Rock","Reef Slope"
"1544",1544,"Rock","Reef Slope",49.4663988353358,30.6650826121639,"Rock","Reef Slope"
"1545",1545,"Rock","Reef Slope",49.4663988353358,30.6650826121639,"Rock","Reef Slope"
"1546",1546,"Rock","Reef Slope",49.4663988353358,30.6650826121639,"Rock","Reef Slope"
"1547",1547,"Rock","Reef Slope",49.4663988353358,30.6650826121639,"Rock","Reef Slope"
"1548",1548,"Coral/Algae","Reef Slope",72.7695310998733,0,"Coral/Algae",NA
"1549",1549,"Coral/Algae","Reef Slope",72.7695310998733,0,"Coral/Algae",NA
"1550",1550,"Coral/Algae","Reef Slope",72.7695310998733,0,"Coral/Algae",NA
"1551",1551,"Coral/Algae","Reef Slope",72.7695310998733,0,"Coral/Algae",NA
"1552",1552,"Coral/Algae","Reef Slope",72.7695310998733,0,"Coral/Algae",NA
"1553",1553,"Rock","Reef Slope",0,0,NA,NA
"1554",1554,"Rock","Reef Slope",0,0,NA,NA
"1555",1555,"Rock","Reef Slope",0,0,NA,NA
"1556",1556,"Rock","Reef Slope",0,0,NA,NA
"1557",1557,"Rock","Reef Slope",0,0,NA,NA
"1558",1558,"Rock","Reef Slope",43.5412563472184,43.5412563472184,"Rock","Reef Slope"
"1559",1559,"Rock","Reef Slope",43.5412563472184,43.5412563472184,"Rock","Reef Slope"
"1560",1560,"Rock","Reef Slope",43.5412563472184,43.5412563472184,"Rock","Reef Slope"
"1561",1561,"Rock","Reef Slope",43.5412563472184,43.5412563472184,"Rock","Reef Slope"
"1562",1562,"Rock","Reef Slope",82.2391489148399,42.8849891230415,"Rock","Reef Slope"
"1563",1563,"Rock","Reef Slope",82.2391489148399,42.8849891230415,"Rock","Reef Slope"
"1564",1564,"Rock","Reef Slope",82.2391489148399,42.8849891230415,"Rock","Reef Slope"
"1565",1565,"Rock","Reef Slope",82.2391489148399,42.8849891230415,"Rock","Reef Slope"
"1566",1566,"Rubble","Reef Slope",70.4917432583806,0,"Rubble",NA
"1567",1567,"Rubble","Reef Slope",70.4917432583806,0,"Rubble",NA
"1568",1568,"Rubble","Reef Slope",70.4917432583806,0,"Rubble",NA
"1569",1569,"Rubble","Reef Slope",70.4917432583806,0,"Rubble",NA
"1570",1570,"Rock","Sheltered Reef Slope",39.6750951716483,0,"Rock",NA
"1571",1571,"Rock","Sheltered Reef Slope",39.6750951716483,0,"Rock",NA
"1572",1572,"Rock","Sheltered Reef Slope",39.6750951716483,0,"Rock",NA
"1573",1573,"Rock","Sheltered Reef Slope",39.6750951716483,0,"Rock",NA
"1574",1574,"Rock","Sheltered Reef Slope",39.6750951716483,0,"Rock",NA
"1575",1575,"Rubble","Back Reef Slope",0,0,NA,NA
"1576",1576,"Rubble","Back Reef Slope",0,0,NA,NA
"1577",1577,"Rubble","Back Reef Slope",0,0,NA,NA
"1578",1578,"Rubble","Back Reef Slope",0,0,NA,NA
"1579",1579,"Rubble","Back Reef Slope",0,0,NA,NA
"1580",1580,"Coral/Algae","Outer Reef Flat",0,0,NA,NA
"1581",1581,"Coral/Algae","Outer Reef Flat",0,0,NA,NA
"1582",1582,"Coral/Algae","Outer Reef Flat",0,0,NA,NA
"1583",1583,"Coral/Algae","Outer Reef Flat",0,0,NA,NA
"1584",1584,"Coral/Algae","Outer Reef Flat",0,0,NA,NA
"1585",1585,"Coral/Algae","Inner Reef Flat",0,0,NA,NA
"1586",1586,"Coral/Algae","Inner Reef Flat",0,0,NA,NA
"1587",1587,"Coral/Algae","Inner Reef Flat",0,0,NA,NA
"1588",1588,"Coral/Algae","Inner Reef Flat",0,0,NA,NA
"1589",1589,"Coral/Algae","Inner Reef Flat",0,0,NA,NA
"1590",1590,"Coral/Algae","Back Reef Slope",0,0,NA,NA
"1591",1591,"Coral/Algae","Back Reef Slope",0,0,NA,NA
"1592",1592,"Coral/Algae","Back Reef Slope",0,0,NA,NA
"1593",1593,"Coral/Algae","Back Reef Slope",0,0,NA,NA
"1594",1594,"Coral/Algae","Back Reef Slope",0,0,NA,NA
"1595",1595,"Coral/Algae","Back Reef Slope",0,0,NA,NA
"1596",1596,"Coral/Algae","Back Reef Slope",0,0,NA,NA
"1597",1597,"Sand","Inner Reef Flat",0,0,NA,NA
"1598",1598,"Rubble","Sheltered Reef Slope",0,0,NA,NA
"1599",1599,"Rubble","Sheltered Reef Slope",0,0,NA,NA
"1600",1600,"Rubble","Sheltered Reef Slope",0,0,NA,NA
"1601",1601,"Rubble","Sheltered Reef Slope",0,0,NA,NA
"1602",1602,"Rubble","Sheltered Reef Slope",0,0,NA,NA
"1603",1603,"Rubble","Back Reef Slope",0,0,NA,NA
"1604",1604,"Rubble","Back Reef Slope",0,0,NA,NA
"1605",1605,"Rock","Outer Reef Flat",0,0,NA,NA
"1606",1606,"Rock","Outer Reef Flat",0,0,NA,NA
"1607",1607,"Rock","Outer Reef Flat",0,0,NA,NA
"1608",1608,"Rock","Outer Reef Flat",0,0,NA,NA
"1609",1609,"Rock","Outer Reef Flat",0,0,NA,NA
"1610",1610,"Rock","Outer Reef Flat",0,0,NA,NA
"1611",1611,"Rock","Outer Reef Flat",0,0,NA,NA
"1612",1612,"Coral/Algae","Reef Slope",0,0,NA,NA
"1613",1613,"Coral/Algae","Reef Slope",0,0,NA,NA
"1614",1614,"Sand","Reef Slope",0,0,NA,NA
"1615",1615,"Sand","Reef Slope",0,0,NA,NA
"1616",1616,"Sand","Reef Slope",0,0,NA,NA
"1617",1617,"Coral/Algae","Back Reef Slope",53.6658780072781,0,"Coral/Algae",NA
"1618",1618,"Coral/Algae","Back Reef Slope",53.6658780072781,0,"Coral/Algae",NA
"1619",1619,"Sand","Back Reef Slope",43.7100487764143,0,"Sand",NA
"1620",1620,NA,"Plateau",118.623098037011,0,NA,NA
"1621",1621,NA,"Plateau",118.623098037011,0,NA,NA
"1622",1622,"Rock","Reef Slope",0,0,NA,NA
"1623",1623,"Rock","Reef Slope",0,0,NA,NA
"1624",1624,"Rock","Back Reef Slope",0,0,NA,NA
"1625",1625,"Rock","Reef Slope",0,0,NA,NA
"1626",1626,"Rock","Reef Slope",0,0,NA,NA
"1627",1627,"Coral/Algae","Reef Slope",29.9196217632818,0,"Coral/Algae",NA
"1628",1628,"Coral/Algae","Reef Slope",29.9196217632818,0,"Coral/Algae",NA
"1629",1629,"Sand","Reef Slope",0,0,NA,NA
"1630",1630,"Sand","Reef Slope",0,0,NA,NA
"1631",1631,"Sand","Inner Reef Flat",0,0,NA,NA
"1632",1632,"Sand","Inner Reef Flat",0,0,NA,NA
"1633",1633,"Sand","Back Reef Slope",0,0,NA,NA
"1634",1634,"Sand","Back Reef Slope",0,0,NA,NA
"1635",1635,"Sand","Back Reef Slope",0,0,NA,NA
"1636",1636,"Rock","Back Reef Slope",39.2100470251608,0,"Rock",NA
"1637",1637,"Rock","Back Reef Slope",39.2100470251608,0,"Rock",NA
"1638",1638,"Coral/Algae","Back Reef Slope",43.1203497408709,0,"Coral/Algae",NA
"1639",1639,"Rock","Back Reef Slope",0,0,NA,NA
"1640",1640,"Rock","Back Reef Slope",0,0,NA,NA
"1641",1641,"Rock","Back Reef Slope",0,0,NA,NA
"1642",1642,"Rock","Back Reef Slope",0,0,NA,NA
"1643",1643,"Rubble","Back Reef Slope",0,0,NA,NA
"1644",1644,"Rubble","Back Reef Slope",0,0,NA,NA
"1645",1645,"Rock","Back Reef Slope",52.2216786530673,0,"Rock",NA
"1646",1646,"Rock","Back Reef Slope",52.2216786530673,0,"Rock",NA
"1647",1647,"Rock","Back Reef Slope",52.2216786530673,0,"Rock",NA
"1648",1648,"Sand","Reef Slope",36.2544816188452,0,"Sand",NA
"1649",1649,"Sand","Reef Slope",56.1857938946677,0,"Sand",NA
"1650",1650,"Sand","Reef Slope",0,0,NA,NA
"1651",1651,"Sand","Reef Slope",34.6217028194563,0,"Sand",NA
"1652",1652,"Sand","Back Reef Slope",0,0,NA,NA
"1653",1653,"Rubble","Reef Slope",0,0,NA,NA
"1654",1654,"Sand","Reef Slope",0,0,NA,NA
"1655",1655,"Sand","Reef Slope",0,0,NA,NA
"1656",1656,"Sand","Reef Slope",0,0,NA,NA
"1657",1657,"Coral/Algae","Reef Slope",0,0,NA,NA
"1658",1658,"Coral/Algae","Reef Slope",0,0,NA,NA
"1659",1659,"Rock","Back Reef Slope",0,0,NA,NA
"1660",1660,"Rock","Back Reef Slope",0,0,NA,NA
"1661",1661,"Rock","Back Reef Slope",0,0,NA,NA
"1662",1662,"Rock","Back Reef Slope",0,0,NA,NA
"1663",1663,"Rubble","Reef Slope",55.4490876224988,0,"Rubble",NA
"1664",1664,"Rubble","Reef Slope",55.4490876224988,0,"Rubble",NA
"1665",1665,"Rubble","Reef Slope",55.4490876224988,0,"Rubble",NA
"1666",1666,"Rubble","Reef Slope",55.4490876224988,0,"Rubble",NA
"1667",1667,"Rock","Reef Slope",57.0249652775477,0,"Rock",NA
"1668",1668,"Rock","Reef Slope",57.0249652775477,0,"Rock",NA
"1669",1669,"Rock","Reef Slope",57.0249652775477,0,"Rock",NA
"1670",1670,"Coral/Algae","Back Reef Slope",42.5963310538954,0,"Coral/Algae",NA
"1671",1671,"Coral/Algae","Back Reef Slope",42.5963310538954,0,"Coral/Algae",NA
"1672",1672,"Coral/Algae","Back Reef Slope",42.5963310538954,0,"Coral/Algae",NA
"1673",1673,"Rock","Reef Slope",81.8173944828252,0,"Rock",NA
"1674",1674,"Rock","Reef Slope",46.499653853559,0,"Rock",NA
"1675",1675,"Rock","Reef Slope",46.499653853559,0,"Rock",NA
"1676",1676,"Rock","Reef Slope",46.499653853559,0,"Rock",NA
"1677",1677,"Rock","Reef Slope",46.499653853559,0,"Rock",NA
"1678",1678,"Coral/Algae","Reef Slope",0,0,NA,NA
"1679",1679,"Coral/Algae","Reef Slope",0,0,NA,NA
"1680",1680,"Coral/Algae","Reef Slope",0,0,NA,NA
"1681",1681,"Coral/Algae","Reef Slope",0,0,NA,NA
"1682",1682,"Rock","Reef Slope",0,0,NA,NA
"1683",1683,"Rock","Reef Slope",0,0,NA,NA
"1684",1684,"Rock","Reef Slope",0,0,NA,NA
"1685",1685,"Rock","Reef Slope",44.1646080498624,0,"Rock",NA
"1686",1686,"Rock","Reef Slope",44.1646080498624,0,"Rock",NA
"1687",1687,"Coral/Algae","Reef Slope",0,0,NA,NA
"1688",1688,"Coral/Algae","Reef Slope",0,0,NA,NA
"1689",1689,"Coral/Algae","Reef Slope",0,0,NA,NA
"1690",1690,"Sand","Sheltered Reef Slope",0,0,NA,NA
"1691",1691,"Sand","Sheltered Reef Slope",0,0,NA,NA
"1692",1692,"Sand","Sheltered Reef Slope",0,0,NA,NA
"1693",1693,"Sand","Reef Slope",0,0,NA,NA
"1694",1694,"Sand","Reef Slope",0,0,NA,NA
"1695",1695,"Sand","Reef Slope",0,0,NA,NA
"1696",1696,"Rubble","Reef Slope",0,0,NA,NA
"1697",1697,"Rubble","Reef Slope",0,0,NA,NA
"1698",1698,"Sand","Deep Lagoon",0,0,NA,NA
"1699",1699,"Sand","Deep Lagoon",0,0,NA,NA
"1700",1700,"Sand","Deep Lagoon",0,0,NA,NA
"1701",1701,"Sand","Deep Lagoon",0,0,NA,NA
"1702",1702,"Sand","Back Reef Slope",0,0,NA,NA
"1703",1703,"Sand","Sheltered Reef Slope",0,0,NA,NA
"1704",1704,"Coral/Algae","Inner Reef Flat",0,0,NA,NA
"1705",1705,"Coral/Algae","Back Reef Slope",0,0,NA,NA
"1706",1706,"Sand","Back Reef Slope",0,0,NA,NA
"1707",1707,"Coral/Algae","Back Reef Slope",0,0,NA,NA
"1708",1708,"Coral/Algae","Inner Reef Flat",0,0,NA,NA
"1709",1709,"Rock","Reef Crest",0,0,NA,NA
"1710",1710,"Sand","Back Reef Slope",0,0,NA,NA
"1711",1711,"Coral/Algae","Reef Slope",0,0,NA,NA
"1712",1712,"Rubble","Back Reef Slope",0,0,NA,NA
"1713",1713,"Coral/Algae","Reef Slope",0,0,NA,NA
"1714",1714,"Coral/Algae","Reef Slope",0,0,NA,NA
"1715",1715,"Coral/Algae","Reef Slope",0,0,NA,NA
"1716",1716,"Rock","Reef Slope",0,0,NA,NA
"1717",1717,"Rock","Reef Slope",0,0,NA,NA
"1718",1718,"Rock","Reef Crest",0,0,NA,NA
"1719",1719,"Rock","Reef Crest",0,0,NA,NA
"1720",1720,"Rock","Reef Crest",0,0,NA,NA
"1721",1721,"Rock","Reef Crest",0,0,NA,NA
"1722",1722,"Coral/Algae","Reef Slope",0,0,NA,NA
"1723",1723,"Rock","Reef Crest",0,0,NA,NA
"1724",1724,"Rock","Reef Crest",0,0,NA,NA
"1725",1725,"Rock","Reef Crest",0,0,NA,NA
"1726",1726,"Rock","Reef Crest",0,0,NA,NA
"1727",1727,"Coral/Algae","Inner Reef Flat",0,0,NA,NA
"1728",1728,"Sand","Inner Reef Flat",0,0,NA,NA
"1729",1729,"Sand","Inner Reef Flat",0,0,NA,NA
"1730",1730,"Rock","Reef Crest",0,0,NA,NA
"1731",1731,"Coral/Algae","Back Reef Slope",0,0,NA,NA
"1732",1732,"Coral/Algae","Back Reef Slope",0,0,NA,NA
"1733",1733,"Rock","Deep Lagoon",0,0,NA,NA
"1734",1734,"Rock","Deep Lagoon",0,0,NA,NA
"1735",1735,"Coral/Algae","Sheltered Reef Slope",0,0,NA,NA
"1736",1736,"Coral/Algae","Sheltered Reef Slope",0,0,NA,NA
"1737",1737,"Rock","Reef Crest",0,0,NA,NA
"1738",1738,"Rock","Reef Crest",0,0,NA,NA
"1739",1739,"Rock","Reef Crest",0,0,NA,NA
"1740",1740,"Coral/Algae","Outer Reef Flat",0,0,NA,NA
"1741",1741,"Coral/Algae","Outer Reef Flat",0,0,NA,NA
"1742",1742,"Coral/Algae","Outer Reef Flat",0,0,NA,NA
"1743",1743,"Rock","Reef Slope",29.1865518259876,29.1865518259876,"Rock","Reef Slope"
"1744",1744,"Rubble","Inner Reef Flat",0,0,NA,NA
"1745",1745,"Coral/Algae","Reef Slope",0,0,NA,NA
"1746",1746,"Coral/Algae","Reef Slope",0,0,NA,NA
"1747",1747,"Rock","Reef Slope",44.3810304098943,0,"Rock",NA
"1748",1748,"Rock","Reef Slope",44.3810304098943,0,"Rock",NA
"1749",1749,"Rock","Outer Reef Flat",0,0,NA,NA
"1750",1750,"Rubble","Sheltered Reef Slope",0,0,NA,NA
"1751",1751,"Rock","Sheltered Reef Slope",0,0,NA,NA
"1752",1752,"Rock","Sheltered Reef Slope",0,0,NA,NA
"1753",1753,"Rock","Sheltered Reef Slope",0,0,NA,NA
"1754",1754,"Rock","Sheltered Reef Slope",0,0,NA,NA
"1755",1755,"Rock","Sheltered Reef Slope",0,0,NA,NA
"1756",1756,"Rock","Sheltered Reef Slope",0,0,NA,NA
"1757",1757,"Rock","Sheltered Reef Slope",0,0,NA,NA
"1758",1758,"Rock","Sheltered Reef Slope",0,0,NA,NA
"1759",1759,"Rock","Sheltered Reef Slope",0,0,NA,NA
"1760",1760,"Coral/Algae","Sheltered Reef Slope",0,0,NA,NA
"1761",1761,"Rock","Sheltered Reef Slope",0,0,NA,NA
"1762",1762,"Rock","Sheltered Reef Slope",0,0,NA,NA
"1763",1763,"Rock","Back Reef Slope",0,0,NA,NA
"1764",1764,"Rock","Deep Lagoon",0,0,NA,NA
"1765",1765,"Rock","Deep Lagoon",0,0,NA,NA
"1766",1766,"Rock","Sheltered Reef Slope",47.0717654042631,47.0717654042631,"Rock","Sheltered Reef Slope"
"1767",1767,"Rock","Deep Lagoon",0,0,NA,NA
"1768",1768,"Coral/Algae","Outer Reef Flat",0,0,NA,NA
"1769",1769,"Coral/Algae","Outer Reef Flat",0,0,NA,NA
"1770",1770,"Coral/Algae","Sheltered Reef Slope",66.1033510218278,66.1033510218278,"Coral/Algae","Sheltered Reef Slope"
"1771",1771,"Sand","Plateau",0,0,NA,NA
"1772",1772,"Rubble","Reef Slope",0,0,NA,NA
"1773",1773,"Rock","Reef Slope",0,0,NA,NA
"1774",1774,"Rock","Reef Slope",0,0,NA,NA
"1775",1775,"Rock","Reef Slope",0,0,NA,NA
"1776",1776,"Rubble","Sheltered Reef Slope",49.0807456966344,49.0807456966344,"Rubble","Sheltered Reef Slope"
"1777",1777,"Rubble","Sheltered Reef Slope",49.0807456966344,49.0807456966344,"Rubble","Sheltered Reef Slope"
"1778",1778,"Rock","Sheltered Reef Slope",53.7499324317007,0,"Rock",NA
"1779",1779,"Rubble","Sheltered Reef Slope",0,0,NA,NA
"1780",1780,"Rock","Back Reef Slope",0,0,NA,NA
"1781",1781,"Rock","Patch Reef",0,0,NA,NA
"1782",1782,"Rock","Reef Slope",0,0,NA,NA
"1783",1783,"Rock","Reef Slope",0,0,NA,NA
"1784",1784,"Coral/Algae","Reef Slope",38.081290893084,0,"Coral/Algae",NA
"1785",1785,"Rock","Reef Slope",38.6862251504618,0,"Rock",NA
"1786",1786,"Rock","Reef Slope",0,0,NA,NA
"1787",1787,"Rock","Reef Slope",0,0,NA,NA
"1788",1788,"Rock","Reef Slope",0,0,NA,NA
"1789",1789,"Rock","Reef Slope",30.9694521848609,0,"Rock",NA
"1790",1790,NA,NA,48667.8789275141,47772.3992579453,NA,NA
"1791",1791,NA,NA,48860.4196269256,48021.8630085051,NA,NA
"1792",1792,"Rock","Back Reef Slope",0,0,NA,NA
"1793",1793,"Rock","Back Reef Slope",0,0,NA,NA
"1794",1794,"Rock","Back Reef Slope",0,0,NA,NA
"1795",1795,"Rock","Back Reef Slope",0,0,NA,NA
"1796",1796,"Coral/Algae","Inner Reef Flat",0,0,NA,NA
"1797",1797,"Coral/Algae","Inner Reef Flat",0,0,NA,NA
"1798",1798,"Coral/Algae","Inner Reef Flat",0,0,NA,NA
"1799",1799,"Coral/Algae","Inner Reef Flat",0,0,NA,NA
"1800",1800,"Rock","Reef Slope",0,0,NA,NA
"1801",1801,"Rock","Reef Slope",0,0,NA,NA
"1802",1802,"Rock","Reef Slope",0,0,NA,NA
"1803",1803,"Rock","Reef Slope",0,0,NA,NA
"1804",1804,"Coral/Algae","Sheltered Reef Slope",48.1044132552501,0,"Coral/Algae",NA
"1805",1805,"Rock","Reef Slope",45.126211796291,0,"Rock",NA
"1806",1806,"Sand","Reef Slope",0,0,NA,NA
"1807",1807,"Rock","Reef Slope",0,0,NA,NA
"1808",1808,"Rock","Reef Slope",68.5394133120811,0,"Rock",NA
"1809",1809,NA,"Reef Slope",179.551326233692,0,NA,NA
"1810",1810,"Coral/Algae","Sheltered Reef Slope",0,0,NA,NA
"1811",1811,"Rock","Reef Slope",92.0892994205257,43.0322876432888,"Rock","Reef Slope"
"1812",1812,"Coral/Algae","Reef Slope",30.2817383694173,0,"Coral/Algae",NA
"1813",1813,"Coral/Algae","Reef Slope",30.2817383694173,0,"Coral/Algae",NA
"1814",1814,"Coral/Algae","Deep",32.7079657778123,0,"Coral/Algae",NA
"1815",1815,"Coral/Algae","Deep",32.7079657778123,0,"Coral/Algae",NA
"1816",1816,"Coral/Algae","Deep",32.7079657778123,0,"Coral/Algae",NA
"1817",1817,"Rock","Reef Slope",82.3499787790693,0,"Rock",NA
"1818",1818,"Rock","Reef Slope",82.3499787790693,0,"Rock",NA
"1819",1819,"Rock","Reef Slope",82.3499787790693,0,"Rock",NA
"1820",1820,"Sand","Reef Slope",0,0,NA,NA
"1821",1821,"Sand","Reef Slope",0,0,NA,NA
"1822",1822,"Sand","Reef Slope",0,0,NA,NA
"1823",1823,"Sand","Sheltered Reef Slope",0,0,NA,NA
"1824",1824,"Sand","Sheltered Reef Slope",0,0,NA,NA
"1825",1825,"Rock","Sheltered Reef Slope",0,0,NA,NA
"1826",1826,"Rock","Reef Slope",0,0,NA,NA
"1827",1827,"Rock","Reef Slope",0,0,NA,NA
"1828",1828,"Sand","Inner Reef Flat",0,0,NA,NA
"1829",1829,"Sand","Inner Reef Flat",0,0,NA,NA
"1830",1830,"Sand","Inner Reef Flat",0,0,NA,NA
"1831",1831,"Rock","Back Reef Slope",56.5859828626182,0,"Rock",NA
"1832",1832,"Rock","Back Reef Slope",56.5859828626182,0,"Rock",NA
"1833",1833,"Rock","Reef Slope",0,0,NA,NA
"1834",1834,"Rock","Reef Slope",0,0,NA,NA
"1835",1835,"Rock","Reef Slope",0,0,NA,NA
"1836",1836,"Rubble","Back Reef Slope",38.0315121110186,0,"Rubble",NA
"1837",1837,"Rubble","Back Reef Slope",0,0,NA,NA
"1838",1838,"Rock","Reef Slope",0,0,NA,NA
"1839",1839,"Coral/Algae","Back Reef Slope",83.9312516896153,0,"Coral/Algae",NA
"1840",1840,"Coral/Algae","Back Reef Slope",83.9312516896153,0,"Coral/Algae",NA
"1841",1841,"Coral/Algae","Back Reef Slope",83.9312516896153,0,"Coral/Algae",NA
"1842",1842,"Rock","Outer Reef Flat",0,0,NA,NA
"1843",1843,"Rock","Outer Reef Flat",0,0,NA,NA
"1844",1844,"Rock","Outer Reef Flat",0,0,NA,NA
"1845",1845,"Coral/Algae","Reef Crest",0,0,NA,NA
"1846",1846,"Sand","Back Reef Slope",0,0,NA,NA
"1847",1847,"Rubble","Back Reef Slope",31.7160202940429,0,"Rubble",NA
"1848",1848,"Coral/Algae","Inner Reef Flat",0,0,NA,NA
"1849",1849,"Rock","Sheltered Reef Slope",38.8908055324506,0,"Rock",NA
"1850",1850,"Rock","Plateau",0,0,NA,NA
"1851",1851,"Rock","Reef Slope",0,0,NA,NA
"1852",1852,"Rock","Reef Slope",0,0,NA,NA
"1853",1853,"Rock","Reef Slope",72.9262715358647,0,"Rock",NA
"1854",1854,"Rock","Reef Slope",72.9262715358647,0,"Rock",NA
"1855",1855,"Rock","Reef Slope",43.2644435870154,0,"Rock",NA
"1856",1856,"Rock","Reef Slope",58.7803302605782,0,"Rock",NA
"1857",1857,"Coral/Algae","Reef Slope",75.4820682050946,0,"Coral/Algae",NA
"1858",1858,"Coral/Algae","Reef Slope",64.3233875126394,0,"Coral/Algae",NA
"1859",1859,"Rock","Reef Slope",46.9530562200625,0,"Rock",NA
"1860",1860,"Rock","Reef Slope",0,0,NA,NA
"1861",1861,"Sand","Back Reef Slope",0,0,NA,NA
"1862",1862,"Sand","Back Reef Slope",0,0,NA,NA
"1863",1863,"Sand","Back Reef Slope",0,0,NA,NA
"1864",1864,"Sand","Back Reef Slope",0,0,NA,NA
"1865",1865,"Sand","Back Reef Slope",0,0,NA,NA
"1866",1866,"Rubble","Back Reef Slope",0,0,NA,NA
"1867",1867,"Rubble","Back Reef Slope",0,0,NA,NA
"1868",1868,"Rubble","Back Reef Slope",0,0,NA,NA
"1869",1869,"Rubble","Back Reef Slope",0,0,NA,NA
"1870",1870,"Rubble","Back Reef Slope",0,0,NA,NA
"1871",1871,"Rubble","Back Reef Slope",0,0,NA,NA
"1872",1872,"Rubble","Back Reef Slope",0,0,NA,NA
"1873",1873,"Sand","Deep Lagoon",0,0,NA,NA
"1874",1874,"Sand","Deep Lagoon",0,0,NA,NA
"1875",1875,"Sand","Deep Lagoon",0,0,NA,NA
"1876",1876,"Sand","Deep Lagoon",0,0,NA,NA
"1877",1877,"Rock","Outer Reef Flat",0,0,NA,NA
"1878",1878,"Rock","Outer Reef Flat",0,0,NA,NA
"1879",1879,"Rock","Outer Reef Flat",0,0,NA,NA
"1880",1880,"Rock","Reef Crest",0,0,NA,NA
"1881",1881,"Rock","Reef Crest",0,0,NA,NA
"1882",1882,"Rock","Sheltered Reef Slope",49.507322690892,31.0127771574165,"Rock","Sheltered Reef Slope"
"1883",1883,"Coral/Algae","Back Reef Slope",0,0,NA,NA
"1884",1884,"Rock","Reef Crest",0,0,NA,NA
"1885",1885,"Rock","Outer Reef Flat",0,0,NA,NA
"1886",1886,"Rock","Outer Reef Flat",0,0,NA,NA
"1887",1887,"Coral/Algae","Reef Crest",0,0,NA,NA
"1888",1888,"Rock","Reef Crest",0,0,NA,NA
"1889",1889,"Coral/Algae","Outer Reef Flat",0,0,NA,NA
"1890",1890,"Coral/Algae","Outer Reef Flat",0,0,NA,NA
"1891",1891,"Coral/Algae","Outer Reef Flat",0,0,NA,NA
"1892",1892,"Coral/Algae","Outer Reef Flat",0,0,NA,NA
"1893",1893,"Coral/Algae","Outer Reef Flat",0,0,NA,NA
"1894",1894,"Sand","Inner Reef Flat",0,0,NA,NA
"1895",1895,"Sand","Inner Reef Flat",0,0,NA,NA
"1896",1896,"Sand","Inner Reef Flat",0,0,NA,NA
"1897",1897,"Sand","Inner Reef Flat",0,0,NA,NA
"1898",1898,"Sand","Inner Reef Flat",0,0,NA,NA
"1899",1899,"Sand","Inner Reef Flat",0,0,NA,NA
"1900",1900,"Sand","Inner Reef Flat",0,0,NA,NA
"1901",1901,"Sand","Inner Reef Flat",0,0,NA,NA
"1902",1902,"Sand","Inner Reef Flat",0,0,NA,NA
"1903",1903,"Sand","Inner Reef Flat",0,0,NA,NA
"1904",1904,"Sand","Inner Reef Flat",0,0,NA,NA
"1905",1905,"Sand","Inner Reef Flat",0,0,NA,NA
"1906",1906,"Coral/Algae","Inner Reef Flat",0,0,NA,NA
"1907",1907,"Coral/Algae","Inner Reef Flat",0,0,NA,NA
"1908",1908,"Coral/Algae","Inner Reef Flat",0,0,NA,NA
"1909",1909,"Coral/Algae","Inner Reef Flat",0,0,NA,NA
"1910",1910,"Sand","Shallow Lagoon",0,0,NA,NA
"1911",1911,"Sand","Shallow Lagoon",0,0,NA,NA
"1912",1912,"Sand","Shallow Lagoon",0,0,NA,NA
"1913",1913,"Sand","Outer Reef Flat",0,0,NA,NA
"1914",1914,"Sand","Outer Reef Flat",0,0,NA,NA
"1915",1915,"Sand","Outer Reef Flat",0,0,NA,NA
"1916",1916,"Sand","Outer Reef Flat",0,0,NA,NA
"1917",1917,"Sand","Outer Reef Flat",0,0,NA,NA
"1918",1918,"Sand","Shallow Lagoon",0,0,NA,NA
"1919",1919,"Sand","Shallow Lagoon",0,0,NA,NA
"1920",1920,"Sand","Shallow Lagoon",0,0,NA,NA
"1921",1921,"Sand","Shallow Lagoon",0,0,NA,NA
"1922",1922,"Rubble","Outer Reef Flat",0,0,NA,NA
"1923",1923,"Rubble","Outer Reef Flat",0,0,NA,NA
"1924",1924,"Coral/Algae","Outer Reef Flat",0,0,NA,NA
"1925",1925,"Coral/Algae","Outer Reef Flat",0,0,NA,NA
"1926",1926,"Coral/Algae","Outer Reef Flat",0,0,NA,NA
"1927",1927,"Coral/Algae","Outer Reef Flat",0,0,NA,NA
"1928",1928,"Coral/Algae","Outer Reef Flat",0,0,NA,NA
"1929",1929,"Sand","Outer Reef Flat",0,0,NA,NA
"1930",1930,"Sand","Outer Reef Flat",0,0,NA,NA
"1931",1931,"Coral/Algae","Outer Reef Flat",0,0,NA,NA
"1932",1932,"Coral/Algae","Outer Reef Flat",0,0,NA,NA
"1933",1933,"Coral/Algae","Outer Reef Flat",0,0,NA,NA
"1934",1934,"Coral/Algae","Outer Reef Flat",0,0,NA,NA
"1935",1935,"Coral/Algae","Outer Reef Flat",0,0,NA,NA
"1936",1936,"Coral/Algae","Outer Reef Flat",0,0,NA,NA
"1937",1937,"Coral/Algae","Outer Reef Flat",0,0,NA,NA
"1938",1938,"Coral/Algae","Outer Reef Flat",0,0,NA,NA
"1939",1939,"Coral/Algae","Outer Reef Flat",0,0,NA,NA
"1940",1940,"Coral/Algae","Outer Reef Flat",0,0,NA,NA
"1941",1941,"Coral/Algae","Outer Reef Flat",0,0,NA,NA
"1942",1942,"Rock","Outer Reef Flat",0,0,NA,NA
"1943",1943,"Rock","Outer Reef Flat",0,0,NA,NA
"1944",1944,"Rubble","Back Reef Slope",0,0,NA,NA
"1945",1945,"Coral/Algae","Reef Slope",0,0,NA,NA
"1946",1946,"Coral/Algae","Reef Slope",0,0,NA,NA
"1947",1947,"Coral/Algae","Reef Slope",0,0,NA,NA
"1948",1948,"Coral/Algae","Reef Slope",0,0,NA,NA
"1949",1949,"Coral/Algae","Reef Slope",0,0,NA,NA
"1950",1950,"Rock","Outer Reef Flat",0,0,NA,NA
"1951",1951,"Rock","Outer Reef Flat",0,0,NA,NA
"1952",1952,"Rock","Outer Reef Flat",0,0,NA,NA
"1953",1953,"Rock","Outer Reef Flat",0,0,NA,NA
"1954",1954,NA,NA,460.605843622814,321.593239829552,NA,NA
"1955",1955,"Rock","Reef Slope",34.2088984417573,0,"Rock",NA
"1956",1956,"Rock","Outer Reef Flat",0,0,NA,NA
"1957",1957,"Rock","Reef Slope",0,0,NA,NA
"1958",1958,"Rubble","Sheltered Reef Slope",65.9902320363468,0,"Rubble",NA
"1959",1959,"Rubble","Sheltered Reef Slope",65.9902320363468,0,"Rubble",NA
"1960",1960,"Rubble","Reef Slope",0,0,NA,NA
"1961",1961,"Coral/Algae","Reef Slope",0,0,NA,NA
"1962",1962,"Rock","Reef Slope",0,0,NA,NA
"1963",1963,"Coral/Algae","Sheltered Reef Slope",0,0,NA,NA
"1964",1964,"Coral/Algae","Outer Reef Flat",0,0,NA,NA
"1965",1965,"Coral/Algae","Sheltered Reef Slope",0,0,NA,NA
"1966",1966,"Rock","Sheltered Reef Slope",0,0,NA,NA
"1967",1967,"Rock","Outer Reef Flat",0,0,NA,NA
"1968",1968,"Rock","Outer Reef Flat",0,0,NA,NA
"1969",1969,"Coral/Algae","Outer Reef Flat",0,0,NA,NA
"1970",1970,"Coral/Algae","Outer Reef Flat",0,0,NA,NA
"1971",1971,"Sand","Deep Lagoon",65.7967824299074,0,"Sand",NA
"1972",1972,"Rubble","Inner Reef Flat",0,0,NA,NA
"1973",1973,"Rubble","Back Reef Slope",0,0,NA,NA
"1974",1974,"Coral/Algae","Outer Reef Flat",0,0,NA,NA
"1975",1975,"Sand","Back Reef Slope",0,0,NA,NA
"1976",1976,"Coral/Algae","Back Reef Slope",0,0,NA,NA
"1977",1977,"Sand","Inner Reef Flat",0,0,NA,NA
"1978",1978,"Sand","Sheltered Reef Slope",0,0,NA,NA
"1979",1979,"Coral/Algae","Outer Reef Flat",0,0,NA,NA
"1980",1980,"Rock","Outer Reef Flat",0,0,NA,NA
"1981",1981,"Sand","Sheltered Reef Slope",0,0,NA,NA
"1982",1982,"Coral/Algae","Back Reef Slope",55.3126819835392,0,"Coral/Algae",NA
"1983",1983,"Coral/Algae","Back Reef Slope",55.3126819835392,0,"Coral/Algae",NA
"1984",1984,"Rubble","Sheltered Reef Slope",0,0,NA,NA
"1985",1985,"Coral/Algae","Outer Reef Flat",0,0,NA,NA
"1986",1986,"Rock","Sheltered Reef Slope",0,0,NA,NA
"1987",1987,"Rock","Outer Reef Flat",0,0,NA,NA
"1988",1988,"Rock","Outer Reef Flat",0,0,NA,NA
"1989",1989,"Rubble","Sheltered Reef Slope",40.3262016992375,0,"Rubble",NA
"1990",1990,"Rock","Outer Reef Flat",0,0,NA,NA
"1991",1991,"Rock","Reef Crest",0,0,NA,NA
"1992",1992,"Sand","Deep Lagoon",0,0,NA,NA
"1993",1993,"Rock","Outer Reef Flat",0,0,NA,NA
"1994",1994,"Coral/Algae","Sheltered Reef Slope",0,0,NA,NA
"1995",1995,"Sand","Sheltered Reef Slope",0,0,NA,NA
"1996",1996,"Rock","Outer Reef Flat",0,0,NA,NA
"1997",1997,"Rock","Outer Reef Flat",0,0,NA,NA
"1998",1998,"Rock","Back Reef Slope",44.9687111053594,0,"Rock",NA
"1999",1999,"Sand","Sheltered Reef Slope",0,0,NA,NA
"2000",2000,"Coral/Algae","Reef Slope",39.9835598580238,0,"Coral/Algae",NA
"2001",2001,"Rubble","Deep Lagoon",0,0,NA,NA
"2002",2002,"Coral/Algae","Sheltered Reef Slope",0,0,NA,NA
"2003",2003,"Coral/Algae","Sheltered Reef Slope",62.6285618864692,0,"Coral/Algae",NA
"2004",2004,"Rock","Sheltered Reef Slope",39.3739586489565,0,"Rock",NA
"2005",2005,"Sand","Back Reef Slope",83.6548463027735,0,"Sand",NA
"2006",2006,"Rubble","Back Reef Slope",49.8174896927255,0,"Rubble",NA
"2007",2007,"Rock","Reef Slope",0,0,NA,NA
"2008",2008,"Rock","Reef Slope",0,0,NA,NA
"2009",2009,"Rock","Reef Slope",0,0,NA,NA
"2010",2010,"Rock","Reef Slope",0,0,NA,NA
"2011",2011,"Rock","Outer Reef Flat",0,0,NA,NA
"2012",2012,"Rock","Outer Reef Flat",0,0,NA,NA
"2013",2013,"Rock","Back Reef Slope",0,0,NA,NA
"2014",2014,"Rock","Back Reef Slope",0,0,NA,NA
"2015",2015,"Rock","Back Reef Slope",0,0,NA,NA
"2016",2016,"Rock","Reef Slope",31.9881096321487,0,"Rock",NA
"2017",2017,"Rock","Reef Slope",31.9881096321487,0,"Rock",NA
"2018",2018,"Rock","Reef Slope",31.9881096321487,0,"Rock",NA
"2019",2019,"Rock","Reef Slope",55.9634109710592,0,"Rock",NA
"2020",2020,"Rock","Reef Slope",55.9634109710592,0,"Rock",NA
"2021",2021,"Rock","Reef Slope",55.9634109710592,0,"Rock",NA
"2022",2022,"Rock","Outer Reef Flat",0,0,NA,NA
"2023",2023,"Rock","Outer Reef Flat",0,0,NA,NA
"2024",2024,"Rock","Outer Reef Flat",0,0,NA,NA
"2025",2025,"Sand","Sheltered Reef Slope",0,0,NA,NA
"2026",2026,"Sand","Sheltered Reef Slope",0,0,NA,NA
"2027",2027,"Sand","Sheltered Reef Slope",0,0,NA,NA
"2028",2028,"Sand","Sheltered Reef Slope",0,0,NA,NA
"2029",2029,"Sand","Sheltered Reef Slope",0,0,NA,NA
"2030",2030,"Sand","Reef Slope",52.7163947973934,0,"Sand",NA
"2031",2031,"Sand","Reef Slope",52.7163947973934,0,"Sand",NA
"2032",2032,"Sand","Reef Slope",52.7163947973934,0,"Sand",NA
"2033",2033,"Sand","Reef Slope",52.7163947973934,0,"Sand",NA
"2034",2034,"Sand","Reef Slope",52.7163947973934,0,"Sand",NA
"2035",2035,"Rock","Reef Slope",51.6239921011252,0,"Rock",NA
"2036",2036,"Rock","Reef Slope",51.6239921011252,0,"Rock",NA
"2037",2037,"Rock","Reef Slope",51.6239921011252,0,"Rock",NA
"2038",2038,"Rock","Reef Slope",51.6239921011252,0,"Rock",NA
"2039",2039,"Rock","Reef Slope",51.6239921011252,0,"Rock",NA
"2040",2040,"Rock","Reef Slope",51.6239921011252,0,"Rock",NA
"2041",2041,"Rock","Reef Slope",51.6239921011252,0,"Rock",NA
"2042",2042,"Rock","Reef Slope",0,0,NA,NA
"2043",2043,"Rock","Reef Slope",0,0,NA,NA
"2044",2044,"Rock","Reef Slope",0,0,NA,NA
"2045",2045,"Rock","Reef Slope",0,0,NA,NA
"2046",2046,"Rock","Reef Slope",0,0,NA,NA
"2047",2047,"Rock","Reef Slope",0,0,NA,NA
"2048",2048,"Rock","Reef Slope",0,0,NA,NA
"2049",2049,"Rock","Reef Slope",0,0,NA,NA
"2050",2050,"Rock","Reef Slope",0,0,NA,NA
"2051",2051,"Rock","Reef Slope",0,0,NA,NA
"2052",2052,"Rock","Reef Slope",0,0,NA,NA
"2053",2053,"Rock","Reef Slope",0,0,NA,NA
"2054",2054,NA,NA,169.371531497368,121.252893931143,NA,NA
"2055",2055,NA,NA,169.371531497368,121.252893931143,NA,NA
"2056",2056,NA,NA,169.371531497368,121.252893931143,NA,NA
"2057",2057,NA,NA,169.371531497368,121.252893931143,NA,NA
"2058",2058,"Rock","Reef Slope",60.9633315052069,58.0249845968541,"Rock","Reef Slope"
"2059",2059,"Rock","Reef Slope",60.9633315052069,58.0249845968541,"Rock","Reef Slope"
"2060",2060,"Rock","Reef Slope",60.9633315052069,58.0249845968541,"Rock","Reef Slope"
"2061",2061,"Rock","Reef Slope",60.9633315052069,58.0249845968541,"Rock","Reef Slope"
"2062",2062,"Rock","Reef Slope",60.9633315052069,58.0249845968541,"Rock","Reef Slope"
"2063",2063,"Rock","Back Reef Slope",54.1716163171602,0,"Rock",NA
"2064",2064,"Rock","Back Reef Slope",54.1716163171602,0,"Rock",NA
"2065",2065,"Rock","Back Reef Slope",54.1716163171602,0,"Rock",NA
"2066",2066,"Rock","Back Reef Slope",54.1716163171602,0,"Rock",NA
"2067",2067,"Rock","Back Reef Slope",54.1716163171602,0,"Rock",NA
"2068",2068,"Rock","Reef Slope",57.140094762219,0,"Rock",NA
"2069",2069,"Rock","Reef Slope",57.140094762219,0,"Rock",NA
"2070",2070,"Rock","Reef Slope",57.140094762219,0,"Rock",NA
"2071",2071,"Rock","Reef Slope",57.140094762219,0,"Rock",NA
"2072",2072,"Rock","Reef Slope",36.6339937125074,0,"Rock",NA
"2073",2073,"Rock","Reef Slope",36.6339937125074,0,"Rock",NA
"2074",2074,"Rock","Reef Slope",36.6339937125074,0,"Rock",NA
"2075",2075,"Rock","Reef Slope",36.6339937125074,0,"Rock",NA
"2076",2076,"Rock","Reef Slope",36.6339937125074,0,"Rock",NA
"2077",2077,"Coral/Algae","Reef Slope",0,0,NA,NA
"2078",2078,"Coral/Algae","Reef Slope",0,0,NA,NA
"2079",2079,"Coral/Algae","Reef Slope",0,0,NA,NA
"2080",2080,"Coral/Algae","Reef Slope",0,0,NA,NA
"2081",2081,"Rock","Reef Slope",61.683285576534,0,"Rock",NA
"2082",2082,"Rock","Reef Slope",61.683285576534,0,"Rock",NA
"2083",2083,"Rock","Reef Slope",61.683285576534,0,"Rock",NA
"2084",2084,"Coral/Algae","Outer Reef Flat",0,0,NA,NA
"2085",2085,"Coral/Algae","Outer Reef Flat",0,0,NA,NA
"2086",2086,"Coral/Algae","Outer Reef Flat",0,0,NA,NA
"2087",2087,"Coral/Algae","Outer Reef Flat",0,0,NA,NA
"2088",2088,"Coral/Algae","Outer Reef Flat",0,0,NA,NA
"2089",2089,"Sand","Reef Slope",0,0,NA,NA
"2090",2090,"Sand","Reef Slope",0,0,NA,NA
"2091",2091,"Sand","Reef Slope",0,0,NA,NA
"2092",2092,"Sand","Reef Slope",0,0,NA,NA
"2093",2093,"Sand","Reef Slope",0,0,NA,NA
"2094",2094,"Sand","Reef Slope",0,0,NA,NA
"2095",2095,"Rock","Reef Slope",71.7698161588948,0,"Rock",NA
"2096",2096,"Rock","Reef Slope",71.7698161588948,0,"Rock",NA
"2097",2097,"Rock","Reef Slope",71.7698161588948,0,"Rock",NA
"2098",2098,"Rock","Reef Slope",25.5565441018929,0,"Rock",NA
"2099",2099,"Rock","Reef Slope",25.5565441018929,0,"Rock",NA
"2100",2100,"Rock","Reef Slope",25.5565441018929,0,"Rock",NA
"2101",2101,"Rock","Reef Slope",25.5565441018929,0,"Rock",NA
"2102",2102,"Rock","Reef Slope",40.7207372688161,0,"Rock",NA
"2103",2103,"Rock","Reef Slope",40.7207372688161,0,"Rock",NA
"2104",2104,"Rock","Reef Slope",40.7207372688161,0,"Rock",NA
"2105",2105,"Rock","Reef Slope",40.7207372688161,0,"Rock",NA
"2106",2106,"Rock","Reef Slope",40.7207372688161,0,"Rock",NA
"2107",2107,"Sand","Reef Slope",0,0,NA,NA
"2108",2108,"Sand","Reef Slope",0,0,NA,NA
"2109",2109,"Sand","Reef Slope",0,0,NA,NA
"2110",2110,"Rock","Reef Slope",0,0,NA,NA
"2111",2111,"Rock","Reef Slope",0,0,NA,NA
"2112",2112,"Rock","Reef Slope",0,0,NA,NA
"2113",2113,"Sand","Back Reef Slope",0,0,NA,NA
"2114",2114,"Rock","Deep",84.6006864754491,0,"Rock",NA
"2115",2115,"Rock","Deep",84.6006864754491,0,"Rock",NA
"2116",2116,"Rock","Back Reef Slope",91.5496236262358,41.4517060818816,"Rock","Back Reef Slope"
"2117",2117,"Rock","Back Reef Slope",91.5496236262358,41.4517060818816,"Rock","Back Reef Slope"
"2118",2118,"Coral/Algae","Outer Reef Flat",0,0,NA,NA
"2119",2119,"Rock","Reef Slope",0,0,NA,NA
"2120",2120,"Rock","Reef Slope",0,0,NA,NA
"2121",2121,"Rock","Reef Slope",0,0,NA,NA
"2122",2122,"Coral/Algae","Reef Slope",0,0,NA,NA
"2123",2123,"Coral/Algae","Reef Slope",0,0,NA,NA
"2124",2124,"Coral/Algae","Reef Slope",0,0,NA,NA
"2125",2125,"Rubble","Reef Slope",0,0,NA,NA
"2126",2126,"Rubble","Reef Slope",0,0,NA,NA
"2127",2127,"Sand","Reef Slope",0,0,NA,NA
"2128",2128,NA,NA,201.970720195821,131.549624210285,NA,NA
"2129",2129,NA,NA,201.970720195821,131.549624210285,NA,NA
"2130",2130,"Rock","Reef Slope",0,0,NA,NA
"2131",2131,"Rock","Reef Slope",0,0,NA,NA
"2132",2132,"Rock","Reef Slope",0,0,NA,NA
"2133",2133,"Rock","Reef Slope",0,0,NA,NA
"2134",2134,"Coral/Algae","Back Reef Slope",72.0178710513374,72.0178710513374,"Coral/Algae","Back Reef Slope"
"2135",2135,"Coral/Algae","Back Reef Slope",72.0178710513374,72.0178710513374,"Coral/Algae","Back Reef Slope"
"2136",2136,NA,NA,47956.7907986862,46924.0137135707,NA,NA
"2137",2137,NA,NA,48178.2014492501,47281.1374114262,NA,NA
"2138",2138,"Coral/Algae","Sheltered Reef Slope",69.8257362700113,0,"Coral/Algae",NA
"2139",2139,"Rock","Sheltered Reef Slope",60.9787172351505,0,"Rock",NA
"2140",2140,"Rubble","Sheltered Reef Slope",0,0,NA,NA
"2141",2141,"Rock","Sheltered Reef Slope",0,0,NA,NA
"2142",2142,"Coral/Algae","Sheltered Reef Slope",59.8685291566324,59.8685291566324,"Coral/Algae","Sheltered Reef Slope"
"2143",2143,"Coral/Algae","Reef Slope",43.4187848152805,0,"Coral/Algae",NA
"2144",2144,"Rock","Sheltered Reef Slope",25.8843192977814,0,"Rock",NA
"2145",2145,"Coral/Algae","Sheltered Reef Slope",49.3944093186858,0,"Coral/Algae",NA
"2146",2146,"Rock","Sheltered Reef Slope",62.5539534380619,0,"Rock",NA
"2147",2147,"Rock","Sheltered Reef Slope",62.5539534380619,0,"Rock",NA
"2148",2148,"Rock","Reef Slope",33.315676637631,33.315676637631,"Rock","Reef Slope"
"2149",2149,"Rock","Reef Slope",95.3686104667686,64.3633621924585,"Rock","Reef Slope"
"2150",2150,"Rock","Reef Slope",95.3686104667686,64.3633621924585,"Rock","Reef Slope"
"2151",2151,NA,NA,679.245468763694,631.363933873309,NA,NA
"2152",2152,NA,NA,608.214297883102,506.662062987866,NA,NA
"2153",2153,NA,NA,608.214297883102,506.662062987866,NA,NA
"2154",2154,NA,NA,632.242820325842,598.80843185658,NA,NA
"2155",2155,NA,NA,632.242820325842,598.80843185658,NA,NA
"2156",2156,"Sand","Sheltered Reef Slope",0,0,NA,NA
"2157",2157,"Sand","Sheltered Reef Slope",0,0,NA,NA
"2158",2158,"Coral/Algae","Deep Lagoon",32.6625317626139,0,"Coral/Algae",NA
"2159",2159,"Rubble","Back Reef Slope",34.8063871065501,0,"Rubble",NA
"2160",2160,"Coral/Algae","Deep Lagoon",31.8895543323177,0,"Coral/Algae",NA
"2161",2161,"Coral/Algae","Deep Lagoon",0,0,NA,NA
"2162",2162,"Rock","Sheltered Reef Slope",63.0728677048856,0,"Rock",NA
"2163",2163,"Rock","Reef Slope",0,0,NA,NA
"2164",2164,"Rock","Reef Crest",0,0,NA,NA
"2165",2165,"Rock","Reef Slope",0,0,NA,NA
"2166",2166,"Rock","Sheltered Reef Slope",0,0,NA,NA
"2167",2167,"Coral/Algae","Inner Reef Flat",0,0,NA,NA
"2168",2168,"Coral/Algae","Inner Reef Flat",0,0,NA,NA
"2169",2169,"Sand","Shallow Lagoon",0,0,NA,NA
"2170",2170,"Sand","Inner Reef Flat",0,0,NA,NA
"2171",2171,"Sand","Deep Lagoon",0,0,NA,NA
"2172",2172,"Rubble","Reef Slope",0,0,NA,NA
"2173",2173,"Sand","Deep Lagoon",0,0,NA,NA
"2174",2174,"Sand","Deep Lagoon",0,0,NA,NA
"2175",2175,"Coral/Algae","Inner Reef Flat",0,0,NA,NA
"2176",2176,"Sand","Deep Lagoon",0,0,NA,NA
"2177",2177,"Rubble","Back Reef Slope",0,0,NA,NA
"2178",2178,"Rubble","Back Reef Slope",0,0,NA,NA
"2179",2179,"Rubble","Back Reef Slope",0,0,NA,NA
"2180",2180,"Rubble","Back Reef Slope",0,0,NA,NA
"2181",2181,"Rubble","Back Reef Slope",0,0,NA,NA
"2182",2182,"Rock","Reef Slope",0,0,NA,NA
"2183",2183,"Rock","Reef Slope",0,0,NA,NA
"2184",2184,"Rubble","Reef Slope",0,0,NA,NA
"2185",2185,"Rubble","Reef Slope",0,0,NA,NA
"2186",2186,"Rock","Deep Lagoon",0,0,NA,NA
"2187",2187,"Rock","Deep Lagoon",0,0,NA,NA
"2188",2188,"Rock","Deep Lagoon",0,0,NA,NA
"2189",2189,"Rock","Deep Lagoon",0,0,NA,NA
"2190",2190,"Coral/Algae","Deep Lagoon",0,0,NA,NA
"2191",2191,"Coral/Algae","Deep Lagoon",0,0,NA,NA
"2192",2192,"Rubble","Deep Lagoon",0,0,NA,NA
"2193",2193,"Coral/Algae","Deep Lagoon",0,0,NA,NA
"2194",2194,"Coral/Algae","Deep Lagoon",0,0,NA,NA
"2195",2195,"Coral/Algae","Deep Lagoon",0,0,NA,NA
"2196",2196,"Coral/Algae","Deep Lagoon",0,0,NA,NA
"2197",2197,"Coral/Algae","Deep Lagoon",0,0,NA,NA
"2198",2198,"Coral/Algae","Deep Lagoon",0,0,NA,NA
"2199",2199,"Coral/Algae","Deep Lagoon",0,0,NA,NA
"2200",2200,"Coral/Algae","Deep Lagoon",0,0,NA,NA
"2201",2201,"Rock","Outer Reef Flat",0,0,NA,NA
"2202",2202,"Rock","Outer Reef Flat",0,0,NA,NA
"2203",2203,"Rock","Outer Reef Flat",0,0,NA,NA
"2204",2204,"Rock","Outer Reef Flat",0,0,NA,NA
"2205",2205,"Rock","Back Reef Slope",0,0,NA,NA
"2206",2206,"Rock","Back Reef Slope",0,0,NA,NA
"2207",2207,"Rock","Back Reef Slope",0,0,NA,NA
"2208",2208,"Rock","Back Reef Slope",0,0,NA,NA
"2209",2209,"Rubble","Reef Slope",0,0,NA,NA
"2210",2210,"Rubble","Reef Slope",0,0,NA,NA
"2211",2211,"Rubble","Sheltered Reef Slope",0,0,NA,NA
"2212",2212,"Sand","Deep Lagoon",0,0,NA,NA
"2213",2213,"Sand","Deep Lagoon",0,0,NA,NA
"2214",2214,"Sand","Deep Lagoon",0,0,NA,NA
"2215",2215,"Sand","Deep Lagoon",0,0,NA,NA
"2216",2216,"Sand","Deep Lagoon",0,0,NA,NA
"2217",2217,"Sand","Deep Lagoon",0,0,NA,NA
"2218",2218,"Sand","Deep Lagoon",0,0,NA,NA
"2219",2219,"Sand","Back Reef Slope",0,0,NA,NA
"2220",2220,"Sand","Back Reef Slope",0,0,NA,NA
"2221",2221,"Sand","Back Reef Slope",0,0,NA,NA
"2222",2222,"Rubble","Back Reef Slope",0,0,NA,NA
"2223",2223,"Rubble","Back Reef Slope",0,0,NA,NA
"2224",2224,"Rubble","Back Reef Slope",0,0,NA,NA
"2225",2225,"Rubble","Back Reef Slope",0,0,NA,NA
"2226",2226,"Rubble","Back Reef Slope",0,0,NA,NA
"2227",2227,"Rubble","Back Reef Slope",0,0,NA,NA
"2228",2228,"Sand","Reef Slope",44.081572516619,0,"Sand",NA
"2229",2229,"Sand","Reef Slope",44.081572516619,0,"Sand",NA
"2230",2230,"Sand","Reef Slope",44.081572516619,0,"Sand",NA
"2231",2231,"Sand","Reef Slope",44.081572516619,0,"Sand",NA
"2232",2232,"Sand","Sheltered Reef Slope",0,0,NA,NA
"2233",2233,"Sand","Sheltered Reef Slope",0,0,NA,NA
"2234",2234,"Sand","Sheltered Reef Slope",0,0,NA,NA
"2235",2235,"Sand","Sheltered Reef Slope",0,0,NA,NA
"2236",2236,"Sand","Deep Lagoon",0,0,NA,NA
"2237",2237,"Sand","Deep Lagoon",0,0,NA,NA
"2238",2238,"Sand","Deep Lagoon",0,0,NA,NA
"2239",2239,"Sand","Deep Lagoon",0,0,NA,NA
"2240",2240,"Rubble","Reef Slope",0,0,NA,NA
"2241",2241,"Sand","Sheltered Reef Slope",0,0,NA,NA
"2242",2242,"Sand","Deep Lagoon",0,0,NA,NA
"2243",2243,"Rock","Back Reef Slope",0,0,NA,NA
"2244",2244,"Rock","Back Reef Slope",0,0,NA,NA
"2245",2245,"Rock","Back Reef Slope",0,0,NA,NA
"2246",2246,"Rubble","Reef Slope",27.630519395584,0,"Rubble",NA
"2247",2247,"Rubble","Reef Slope",27.630519395584,0,"Rubble",NA
"2248",2248,"Rubble","Reef Slope",27.630519395584,0,"Rubble",NA
"2249",2249,"Rock","Reef Slope",0,0,NA,NA
"2250",2250,"Rock","Reef Slope",0,0,NA,NA
"2251",2251,"Rock","Reef Slope",0,0,NA,NA
"2252",2252,"Rock","Reef Slope",0,0,NA,NA
"2253",2253,"Rock","Reef Slope",0,0,NA,NA
"2254",2254,"Rock","Reef Slope",0,0,NA,NA
"2255",2255,"Rock","Back Reef Slope",48.6761985751957,0,"Rock",NA
"2256",2256,"Rock","Back Reef Slope",48.6761985751957,0,"Rock",NA
"2257",2257,"Rock","Back Reef Slope",48.6761985751957,0,"Rock",NA
"2258",2258,"Rock","Back Reef Slope",48.6761985751957,0,"Rock",NA
"2259",2259,"Rubble","Back Reef Slope",95.2361383759808,0,"Rubble",NA
"2260",2260,"Rubble","Back Reef Slope",95.2361383759808,0,"Rubble",NA
"2261",2261,"Rock","Reef Slope",82.4443198033994,0,"Rock",NA
"2262",2262,"Rock","Reef Slope",82.4443198033994,0,"Rock",NA
"2263",2263,"Coral/Algae","Outer Reef Flat",0,0,NA,NA
"2264",2264,"Rock","Reef Crest",0,0,NA,NA
"2265",2265,"Rock","Back Reef Slope",0,0,NA,NA
"2266",2266,"Rubble","Back Reef Slope",0,0,NA,NA
"2267",2267,"Sand","Back Reef Slope",0,0,NA,NA
"2268",2268,"Sand","Back Reef Slope",0,0,NA,NA
"2269",2269,"Sand","Back Reef Slope",0,0,NA,NA
"2270",2270,"Rock","Back Reef Slope",0,0,NA,NA
"2271",2271,"Rock","Back Reef Slope",0,0,NA,NA
"2272",2272,"Rock","Back Reef Slope",0,0,NA,NA
"2273",2273,NA,"Back Reef Slope",122.633535554819,0,NA,NA
"2274",2274,"Rubble","Back Reef Slope",0,0,NA,NA
"2275",2275,"Rubble","Back Reef Slope",0,0,NA,NA
"2276",2276,"Sand","Back Reef Slope",0,0,NA,NA
"2277",2277,"Sand","Back Reef Slope",0,0,NA,NA
"2278",2278,"Rock","Back Reef Slope",0,0,NA,NA
"2279",2279,"Rock","Reef Slope",32.4517364486119,0,"Rock",NA
"2280",2280,"Coral/Algae","Reef Slope",0,0,NA,NA
"2281",2281,"Rock","Back Reef Slope",0,0,NA,NA
"2282",2282,"Rock","Reef Slope",0,0,NA,NA
"2283",2283,"Coral/Algae","Back Reef Slope",0,0,NA,NA
"2284",2284,"Rubble","Back Reef Slope",39.5592384196291,35.595493240041,"Rubble","Back Reef Slope"
"2285",2285,"Rubble","Back Reef Slope",29.7636719391527,0,"Rubble",NA
"2286",2286,"Coral/Algae","Reef Slope",0,0,NA,NA
"2287",2287,"Rubble","Reef Slope",0,0,NA,NA
"2288",2288,"Rock","Back Reef Slope",45.6408399576446,0,"Rock",NA
"2289",2289,"Sand","Deep Lagoon",0,0,NA,NA
"2290",2290,"Sand","Deep Lagoon",0,0,NA,NA
"2291",2291,"Rock","Back Reef Slope",0,0,NA,NA
"2292",2292,"Rock","Back Reef Slope",0,0,NA,NA
"2293",2293,"Rock","Back Reef Slope",0,0,NA,NA
"2294",2294,"Rubble","Reef Slope",0,0,NA,NA
"2295",2295,"Rubble","Reef Slope",0,0,NA,NA
"2296",2296,"Coral/Algae","Sheltered Reef Slope",60.4765220616147,0,"Coral/Algae",NA
"2297",2297,"Coral/Algae","Sheltered Reef Slope",60.4765220616147,0,"Coral/Algae",NA
"2298",2298,"Rock","Back Reef Slope",47.3764691766874,0,"Rock",NA
"2299",2299,"Rock","Back Reef Slope",47.3764691766874,0,"Rock",NA
"2300",2300,"Rock","Back Reef Slope",47.3764691766874,0,"Rock",NA
"2301",2301,"Rock","Back Reef Slope",47.3764691766874,0,"Rock",NA
"2302",2302,"Rock","Back Reef Slope",47.3764691766874,0,"Rock",NA
"2303",2303,"Rock","Back Reef Slope",47.3764691766874,0,"Rock",NA
"2304",2304,"Rock","Back Reef Slope",61.7241900569014,0,"Rock",NA
"2305",2305,"Rock","Back Reef Slope",61.7241900569014,0,"Rock",NA
"2306",2306,"Rock","Back Reef Slope",61.7241900569014,0,"Rock",NA
"2307",2307,"Rock","Back Reef Slope",61.7241900569014,0,"Rock",NA
"2308",2308,"Rock","Back Reef Slope",61.7241900569014,0,"Rock",NA
"2309",2309,"Rubble","Sheltered Reef Slope",0,0,NA,NA
"2310",2310,"Rubble","Sheltered Reef Slope",0,0,NA,NA
"2311",2311,"Rubble","Sheltered Reef Slope",0,0,NA,NA
"2312",2312,"Rubble","Sheltered Reef Slope",0,0,NA,NA
"2313",2313,"Rubble","Sheltered Reef Slope",0,0,NA,NA
"2314",2314,"Rubble","Sheltered Reef Slope",0,0,NA,NA
"2315",2315,"Rock","Reef Slope",0,0,NA,NA
"2316",2316,"Rock","Reef Slope",0,0,NA,NA
"2317",2317,"Rock","Reef Slope",89.5512941589688,0,"Rock",NA
"2318",2318,"Rock","Reef Slope",89.5512941589688,0,"Rock",NA
"2319",2319,"Rock","Reef Slope",89.5512941589688,0,"Rock",NA
"2320",2320,"Rock","Reef Slope",89.5512941589688,0,"Rock",NA
"2321",2321,"Rock","Reef Slope",70.0490270743643,67.7400266865843,"Rock","Reef Slope"
"2322",2322,"Rock","Reef Slope",70.0490270743643,67.7400266865843,"Rock","Reef Slope"
"2323",2323,"Rock","Reef Slope",41.5947609428329,0,"Rock",NA
"2324",2324,"Rubble","Reef Slope",0,0,NA,NA
"2325",2325,"Rubble","Sheltered Reef Slope",0,0,NA,NA
"2326",2326,"Rock","Sheltered Reef Slope",31.4383127763867,0,"Rock",NA
"2327",2327,"Rock","Back Reef Slope",0,0,NA,NA
"2328",2328,"Rock","Back Reef Slope",0,0,NA,NA
"2329",2329,"Rubble","Reef Slope",0,0,NA,NA
"2330",2330,"Rubble","Reef Slope",0,0,NA,NA
"2331",2331,"Rock","Reef Slope",67.0917525124205,44.0879577841431,"Rock","Reef Slope"
"2332",2332,"Coral/Algae","Outer Reef Flat",0,0,NA,NA
"2333",2333,"Rock","Sheltered Reef Slope",0,0,NA,NA
"2334",2334,"Rock","Sheltered Reef Slope",59.6894520753309,0,"Rock",NA
"2335",2335,"Rock","Back Reef Slope",0,0,NA,NA
"2336",2336,"Rock","Sheltered Reef Slope",51.6002992241281,0,"Rock",NA
"2337",2337,"Rock","Reef Slope",74.6767163819184,0,"Rock",NA
"2338",2338,"Coral/Algae","Reef Slope",0,0,NA,NA
"2339",2339,"Coral/Algae","Reef Slope",0,0,NA,NA
"2340",2340,"Rock","Back Reef Slope",0,0,NA,NA
"2341",2341,"Rock","Outer Reef Flat",0,0,NA,NA
"2342",2342,"Rubble","Plateau",0,0,NA,NA
"2343",2343,"Rock","Outer Reef Flat",0,0,NA,NA
"2344",2344,"Rock","Reef Slope",0,0,NA,NA
"2345",2345,"Rock","Reef Slope",0,0,NA,NA
"2346",2346,"Coral/Algae","Reef Slope",37.9616851591623,0,"Coral/Algae",NA
"2347",2347,"Coral/Algae","Reef Slope",37.9616851591623,0,"Coral/Algae",NA
"2348",2348,"Coral/Algae","Back Reef Slope",0,0,NA,NA
"2349",2349,"Rock","Back Reef Slope",0,0,NA,NA
"2350",2350,"Rock","Sheltered Reef Slope",64.6783291531962,0,"Rock",NA
"2351",2351,"Rock","Sheltered Reef Slope",53.2211788541691,0,"Rock",NA
"2352",2352,"Rock","Sheltered Reef Slope",70.0717551215981,0,"Rock",NA
"2353",2353,"Rock","Sheltered Reef Slope",70.0717551215981,0,"Rock",NA
"2354",2354,"Rock","Sheltered Reef Slope",0,0,NA,NA
"2355",2355,"Rock","Sheltered Reef Slope",49.0287169282882,0,"Rock",NA
"2356",2356,"Rock","Sheltered Reef Slope",49.0287169282882,0,"Rock",NA
"2357",2357,"Rock","Sheltered Reef Slope",49.0287169282882,0,"Rock",NA
"2358",2358,"Rock","Sheltered Reef Slope",31.5942478260392,0,"Rock",NA
"2359",2359,"Rock","Sheltered Reef Slope",31.5942478260392,0,"Rock",NA
"2360",2360,"Rock","Sheltered Reef Slope",31.5942478260392,0,"Rock",NA
"2361",2361,"Coral/Algae","Sheltered Reef Slope",52.8184514157009,0,"Coral/Algae",NA
"2362",2362,"Coral/Algae","Sheltered Reef Slope",52.8184514157009,0,"Coral/Algae",NA
"2363",2363,"Rock","Sheltered Reef Slope",65.7150665847271,45.5949867378941,"Rock","Sheltered Reef Slope"
"2364",2364,"Sand","Sheltered Reef Slope",0,0,NA,NA
"2365",2365,"Sand","Sheltered Reef Slope",0,0,NA,NA
"2366",2366,"Sand","Sheltered Reef Slope",0,0,NA,NA
"2367",2367,"Sand","Deep Lagoon",0,0,NA,NA
"2368",2368,"Sand","Deep Lagoon",0,0,NA,NA
"2369",2369,"Sand","Deep Lagoon",0,0,NA,NA
"2370",2370,"Coral/Algae","Back Reef Slope",0,0,NA,NA
"2371",2371,"Coral/Algae","Back Reef Slope",0,0,NA,NA
"2372",2372,"Coral/Algae","Back Reef Slope",0,0,NA,NA
"2373",2373,"Rock","Sheltered Reef Slope",0,0,NA,NA
"2374",2374,"Rock","Sheltered Reef Slope",0,0,NA,NA
"2375",2375,"Rock","Sheltered Reef Slope",45.2342654196538,30.8532731078924,"Rock","Sheltered Reef Slope"
"2376",2376,"Coral/Algae","Inner Reef Flat",33.4561457460039,33.4561457460039,"Coral/Algae","Inner Reef Flat"
"2377",2377,"Coral/Algae","Inner Reef Flat",33.4561457460039,33.4561457460039,"Coral/Algae","Inner Reef Flat"
"2378",2378,"Rock","Sheltered Reef Slope",63.4676557999093,0,"Rock",NA
"2379",2379,"Rock","Sheltered Reef Slope",60.2533420249886,0,"Rock",NA
"2380",2380,"Rubble","Sheltered Reef Slope",31.1737512451011,0,"Rubble",NA
"2381",2381,"Rubble","Sheltered Reef Slope",31.1737512451011,0,"Rubble",NA
"2382",2382,"Rock","Sheltered Reef Slope",39.3115238868277,0,"Rock",NA
"2383",2383,"Rock","Sheltered Reef Slope",39.3115238868277,0,"Rock",NA
"2384",2384,"Coral/Algae","Sheltered Reef Slope",0,0,NA,NA
"2385",2385,"Coral/Algae","Sheltered Reef Slope",0,0,NA,NA
"2386",2386,"Sand","Back Reef Slope",0,0,NA,NA
"2387",2387,"Sand","Inner Reef Flat",0,0,NA,NA
"2388",2388,"Sand","Sheltered Reef Slope",0,0,NA,NA
"2389",2389,"Coral/Algae","Sheltered Reef Slope",0,0,NA,NA
"2390",2390,"Coral/Algae","Sheltered Reef Slope",0,0,NA,NA
"2391",2391,"Coral/Algae","Sheltered Reef Slope",0,0,NA,NA
"2392",2392,"Coral/Algae","Sheltered Reef Slope",0,0,NA,NA
"2393",2393,"Rubble","Back Reef Slope",0,0,NA,NA
"2394",2394,"Sand","Sheltered Reef Slope",0,0,NA,NA
"2395",2395,"Sand","Back Reef Slope",39.1044306008739,0,"Sand",NA
"2396",2396,"Sand","Back Reef Slope",39.1044306008739,0,"Sand",NA
"2397",2397,"Coral/Algae","Sheltered Reef Slope",35.3218525306245,0,"Coral/Algae",NA
"2398",2398,"Coral/Algae","Sheltered Reef Slope",35.3218525306245,0,"Coral/Algae",NA
"2399",2399,"Rock","Reef Slope",0,0,NA,NA
"2400",2400,"Sand","Sheltered Reef Slope",0,0,NA,NA
"2401",2401,"Rock","Sheltered Reef Slope",36.9050923056248,0,"Rock",NA
"2402",2402,"Sand","Sheltered Reef Slope",53.5178913992069,0,"Sand",NA
"2403",2403,"Sand","Sheltered Reef Slope",53.5178913992069,0,"Sand",NA
"2404",2404,"Coral/Algae","Sheltered Reef Slope",0,0,NA,NA
"2405",2405,"Coral/Algae","Sheltered Reef Slope",68.9068646857579,0,"Coral/Algae",NA
"2406",2406,"Coral/Algae","Sheltered Reef Slope",69.7829808338507,46.7963787401224,"Coral/Algae","Sheltered Reef Slope"
"2407",2407,"Coral/Algae","Back Reef Slope",0,0,NA,NA
"2408",2408,"Coral/Algae","Back Reef Slope",0,0,NA,NA
"2409",2409,"Coral/Algae","Sheltered Reef Slope",87.0291857503724,56.1604124667037,"Coral/Algae","Sheltered Reef Slope"
"2410",2410,"Coral/Algae","Sheltered Reef Slope",87.0291857503724,56.1604124667037,"Coral/Algae","Sheltered Reef Slope"
"2411",2411,"Coral/Algae","Sheltered Reef Slope",87.0291857503724,56.1604124667037,"Coral/Algae","Sheltered Reef Slope"
"2412",2412,"Coral/Algae","Reef Slope",53.5434246033723,0,"Coral/Algae",NA
"2413",2413,"Coral/Algae","Reef Slope",53.5434246033723,0,"Coral/Algae",NA
"2414",2414,"Sand","Back Reef Slope",0,0,NA,NA
"2415",2415,"Sand","Back Reef Slope",0,0,NA,NA
"2416",2416,"Rubble","Back Reef Slope",0,0,NA,NA
"2417",2417,"Sand","Back Reef Slope",0,0,NA,NA
"2418",2418,"Coral/Algae","Outer Reef Flat",0,0,NA,NA
"2419",2419,"Coral/Algae","Outer Reef Flat",0,0,NA,NA
"2420",2420,"Sand","Inner Reef Flat",0,0,NA,NA
"2421",2421,"Sand","Inner Reef Flat",0,0,NA,NA
"2422",2422,"Sand","Inner Reef Flat",0,0,NA,NA
"2423",2423,"Coral/Algae","Reef Crest",0,0,NA,NA
"2424",2424,"Rock","Reef Slope",90.6139802194364,90.6139802194364,"Rock","Reef Slope"
"2425",2425,"Rock","Reef Slope",0,0,NA,NA
"2426",2426,"Rock","Reef Slope",0,0,NA,NA
"2427",2427,"Rock","Reef Crest",0,0,NA,NA
"2428",2428,"Rock","Reef Crest",0,0,NA,NA
"2429",2429,"Rock","Reef Slope",0,0,NA,NA
"2430",2430,"Rock","Reef Slope",0,0,NA,NA
"2431",2431,"Rock","Reef Slope",0,0,NA,NA
"2432",2432,"Rock","Reef Slope",0,0,NA,NA
"2433",2433,"Coral/Algae","Back Reef Slope",0,0,NA,NA
"2434",2434,"Sand","Back Reef Slope",0,0,NA,NA
"2435",2435,"Rubble","Back Reef Slope",68.6987104466606,48.1641750086252,"Rubble","Back Reef Slope"
"2436",2436,"Sand","Back Reef Slope",0,0,NA,NA
"2437",2437,"Rock","Reef Slope",0,0,NA,NA
"2438",2438,"Sand","Back Reef Slope",0,0,NA,NA
"2439",2439,"Rock","Back Reef Slope",40.2156626723441,0,"Rock",NA
"2440",2440,"Rock","Back Reef Slope",40.2156626723441,0,"Rock",NA
"2441",2441,"Coral/Algae","Back Reef Slope",0,0,NA,NA
"2442",2442,"Rock","Sheltered Reef Slope",48.484710466733,0,"Rock",NA
"2443",2443,"Coral/Algae","Back Reef Slope",33.6416586561354,0,"Coral/Algae",NA
"2444",2444,"Sand","Back Reef Slope",35.5078235080412,0,"Sand",NA
"2445",2445,"Rock","Back Reef Slope",72.7904570606899,0,"Rock",NA
"2446",2446,"Coral/Algae","Back Reef Slope",92.5570866571077,55.0583616259855,"Coral/Algae","Back Reef Slope"
"2447",2447,"Rock","Reef Slope",63.3326176436284,47.6420821975343,"Rock","Reef Slope"
"2448",2448,"Rock","Reef Slope",63.3326176436284,47.6420821975343,"Rock","Reef Slope"
"2449",2449,"Rock","Back Reef Slope",35.9368805690931,35.9368805690931,"Rock","Back Reef Slope"
"2450",2450,NA,NA,772.903241066215,643.372940332268,NA,NA
"2451",2451,NA,NA,772.903241066215,643.372940332268,NA,NA
"2452",2452,"Rubble","Back Reef Slope",0,0,NA,NA
"2453",2453,"Rubble","Back Reef Slope",0,0,NA,NA
"2454",2454,"Rubble","Back Reef Slope",0,0,NA,NA
"2455",2455,"Rock","Sheltered Reef Slope",74.8128432628697,47.5587775187972,"Rock","Sheltered Reef Slope"
"2456",2456,"Rock","Sheltered Reef Slope",74.8128432628697,47.5587775187972,"Rock","Sheltered Reef Slope"
"2457",2457,"Rock","Sheltered Reef Slope",74.8128432628697,47.5587775187972,"Rock","Sheltered Reef Slope"
"2458",2458,"Rock","Reef Slope",0,0,NA,NA
"2459",2459,"Rock","Reef Slope",62.1345882140076,0,"Rock",NA
"2460",2460,"Rock","Reef Slope",0,0,NA,NA
"2461",2461,"Rock","Back Reef Slope",0,0,NA,NA
"2462",2462,"Rock","Reef Slope",0,0,NA,NA
"2463",2463,"Coral/Algae","Back Reef Slope",0,0,NA,NA
"2464",2464,"Sand","Deep Lagoon",0,0,NA,NA
"2465",2465,"Sand","Deep Lagoon",0,0,NA,NA
"2466",2466,"Sand","Deep Lagoon",0,0,NA,NA
"2467",2467,"Coral/Algae","Back Reef Slope",0,0,NA,NA
"2468",2468,"Coral/Algae","Back Reef Slope",0,0,NA,NA
"2469",2469,"Coral/Algae","Back Reef Slope",0,0,NA,NA
"2470",2470,"Rubble","Back Reef Slope",78.8082313317737,0,"Rubble",NA
"2471",2471,"Rubble","Back Reef Slope",78.8082313317737,0,"Rubble",NA
"2472",2472,"Rubble","Back Reef Slope",78.8082313317737,0,"Rubble",NA
"2473",2473,"Rock","Back Reef Slope",84.4050428931558,0,"Rock",NA
"2474",2474,"Rock","Back Reef Slope",84.4050428931558,0,"Rock",NA
"2475",2475,"Rock","Back Reef Slope",84.4050428931558,0,"Rock",NA
"2476",2476,"Rock","Back Reef Slope",36.7674344942362,0,"Rock",NA
"2477",2477,"Rock","Back Reef Slope",36.7674344942362,0,"Rock",NA
"2478",2478,"Rock","Back Reef Slope",36.7674344942362,0,"Rock",NA
"2479",2479,"Rubble","Back Reef Slope",0,0,NA,NA
"2480",2480,"Rubble","Back Reef Slope",0,0,NA,NA
"2481",2481,"Rubble","Back Reef Slope",0,0,NA,NA
"2482",2482,"Rock","Sheltered Reef Slope",43.4885198317558,0,"Rock",NA
"2483",2483,"Rock","Sheltered Reef Slope",43.4885198317558,0,"Rock",NA
"2484",2484,"Rock","Sheltered Reef Slope",43.4885198317558,0,"Rock",NA
"2485",2485,"Rock","Back Reef Slope",0,0,NA,NA
"2486",2486,"Rock","Back Reef Slope",0,0,NA,NA
"2487",2487,"Rock","Back Reef Slope",0,0,NA,NA
"2488",2488,"Rock","Reef Slope",43.3865699383795,43.3865699383795,"Rock","Reef Slope"
"2489",2489,"Rock","Reef Slope",71.1891126993074,40.4020773346928,"Rock","Reef Slope"
"2490",2490,"Rubble","Sheltered Reef Slope",42.3094931051955,0,"Rubble",NA
"2491",2491,"Rubble","Sheltered Reef Slope",42.3094931051955,0,"Rubble",NA
"2492",2492,"Rubble","Sheltered Reef Slope",42.3094931051955,0,"Rubble",NA
"2493",2493,"Rock","Back Reef Slope",0,0,NA,NA
"2494",2494,"Rock","Back Reef Slope",0,0,NA,NA
"2495",2495,"Coral/Algae","Back Reef Slope",0,0,NA,NA
"2496",2496,"Coral/Algae","Back Reef Slope",0,0,NA,NA
"2497",2497,"Sand","Inner Reef Flat",0,0,NA,NA
"2498",2498,"Sand","Inner Reef Flat",0,0,NA,NA
"2499",2499,"Rubble","Sheltered Reef Slope",0,0,NA,NA
"2500",2500,"Rubble","Back Reef Slope",0,0,NA,NA
"2501",2501,"Rock","Outer Reef Flat",0,0,NA,NA
"2502",2502,"Rock","Outer Reef Flat",0,0,NA,NA
"2503",2503,"Rock","Outer Reef Flat",0,0,NA,NA
"2504",2504,"Rock","Outer Reef Flat",0,0,NA,NA
"2505",2505,"Coral/Algae","Outer Reef Flat",0,0,NA,NA
"2506",2506,"Sand","Sheltered Reef Slope",0,0,NA,NA
"2507",2507,"Sand","Sheltered Reef Slope",0,0,NA,NA
"2508",2508,"Sand","Deep Lagoon",0,0,NA,NA
"2509",2509,"Sand","Deep Lagoon",0,0,NA,NA
"2510",2510,"Sand","Deep Lagoon",0,0,NA,NA
"2511",2511,"Sand","Deep Lagoon",0,0,NA,NA
"2512",2512,"Coral/Algae","Sheltered Reef Slope",0,0,NA,NA
"2513",2513,"Coral/Algae","Sheltered Reef Slope",0,0,NA,NA
"2514",2514,"Coral/Algae","Sheltered Reef Slope",0,0,NA,NA
"2515",2515,"Rock","Plateau",40.3505501380719,0,"Rock",NA
"2516",2516,"Rock","Reef Slope",0,0,NA,NA
"2517",2517,"Rock","Reef Slope",0,0,NA,NA
"2518",2518,"Rock","Reef Slope",0,0,NA,NA
"2519",2519,"Rock","Reef Slope",0,0,NA,NA
"2520",2520,"Rock","Reef Slope",0,0,NA,NA
"2521",2521,"Rubble","Reef Slope",0,0,NA,NA
"2522",2522,"Rubble","Reef Slope",0,0,NA,NA
"2523",2523,"Rubble","Reef Slope",0,0,NA,NA
"2524",2524,"Rubble","Reef Slope",0,0,NA,NA
"2525",2525,"Rubble","Reef Slope",0,0,NA,NA
"2526",2526,"Coral/Algae","Deep Lagoon",0,0,NA,NA
"2527",2527,"Coral/Algae","Deep Lagoon",0,0,NA,NA
"2528",2528,"Rubble","Reef Slope",0,0,NA,NA
"2529",2529,"Rubble","Reef Slope",0,0,NA,NA
"2530",2530,"Rubble","Reef Slope",0,0,NA,NA
"2531",2531,"Rock","Sheltered Reef Slope",0,0,NA,NA
"2532",2532,"Rock","Sheltered Reef Slope",0,0,NA,NA
"2533",2533,"Rock","Reef Slope",57.225580026238,0,"Rock",NA
"2534",2534,"Rock","Reef Slope",57.225580026238,0,"Rock",NA
"2535",2535,"Rock","Reef Slope",57.225580026238,0,"Rock",NA
"2536",2536,"Rock","Reef Slope",57.225580026238,0,"Rock",NA
"2537",2537,"Rubble","Sheltered Reef Slope",33.746511565213,0,"Rubble",NA
"2538",2538,"Rubble","Sheltered Reef Slope",33.746511565213,0,"Rubble",NA
"2539",2539,"Rubble","Sheltered Reef Slope",33.746511565213,0,"Rubble",NA
"2540",2540,"Rubble","Sheltered Reef Slope",33.746511565213,0,"Rubble",NA
"2541",2541,"Rubble","Sheltered Reef Slope",0,0,NA,NA
"2542",2542,"Rubble","Sheltered Reef Slope",0,0,NA,NA
"2543",2543,"Rubble","Sheltered Reef Slope",0,0,NA,NA
"2544",2544,"Rubble","Sheltered Reef Slope",0,0,NA,NA
"2545",2545,"Rubble","Sheltered Reef Slope",0,0,NA,NA
"2546",2546,"Sand","Reef Slope",0,0,NA,NA
"2547",2547,"Sand","Reef Slope",0,0,NA,NA
"2548",2548,"Sand","Reef Slope",0,0,NA,NA
"2549",2549,"Rubble","Sheltered Reef Slope",0,0,NA,NA
"2550",2550,"Rubble","Sheltered Reef Slope",0,0,NA,NA
"2551",2551,"Rubble","Sheltered Reef Slope",0,0,NA,NA
"2552",2552,"Rubble","Sheltered Reef Slope",0,0,NA,NA
"2553",2553,"Rock","Deep Lagoon",0,0,NA,NA
"2554",2554,"Rock","Deep Lagoon",0,0,NA,NA
"2555",2555,"Rock","Deep Lagoon",0,0,NA,NA
"2556",2556,"Rock","Deep Lagoon",0,0,NA,NA
"2557",2557,"Rock","Deep Lagoon",0,0,NA,NA
"2558",2558,"Coral/Algae","Inner Reef Flat",0,0,NA,NA
"2559",2559,"Sand","Deep Lagoon",0,0,NA,NA
"2560",2560,"Sand","Deep Lagoon",0,0,NA,NA
"2561",2561,"Sand","Deep Lagoon",0,0,NA,NA
"2562",2562,"Rubble","Sheltered Reef Slope",0,0,NA,NA
"2563",2563,"Rubble","Sheltered Reef Slope",0,0,NA,NA
"2564",2564,"Rubble","Sheltered Reef Slope",0,0,NA,NA
"2565",2565,"Rubble","Sheltered Reef Slope",0,0,NA,NA
"2566",2566,"Rubble","Deep Lagoon",0,0,NA,NA
"2567",2567,"Sand","Deep Lagoon",0,0,NA,NA
"2568",2568,"Sand","Deep Lagoon",0,0,NA,NA
"2569",2569,"Coral/Algae","Deep Lagoon",0,0,NA,NA
"2570",2570,"Coral/Algae","Deep Lagoon",0,0,NA,NA
"2571",2571,"Sand","Deep Lagoon",0,0,NA,NA
"2572",2572,"Sand","Deep Lagoon",0,0,NA,NA
"2573",2573,"Rubble","Reef Slope",0,0,NA,NA
"2574",2574,"Rubble","Reef Slope",0,0,NA,NA
"2575",2575,"Rubble","Reef Slope",0,0,NA,NA
"2576",2576,"Rubble","Reef Slope",0,0,NA,NA
"2577",2577,"Rock","Sheltered Reef Slope",0,0,NA,NA
"2578",2578,"Rock","Sheltered Reef Slope",0,0,NA,NA
"2579",2579,"Coral/Algae","Reef Slope",0,0,NA,NA
"2580",2580,"Coral/Algae","Reef Slope",0,0,NA,NA
"2581",2581,"Coral/Algae","Reef Slope",0,0,NA,NA
"2582",2582,"Coral/Algae","Reef Slope",0,0,NA,NA
"2583",2583,"Rubble","Reef Slope",0,0,NA,NA
"2584",2584,"Rubble","Reef Slope",0,0,NA,NA
"2585",2585,"Rubble","Reef Slope",0,0,NA,NA
"2586",2586,"Rock","Reef Slope",0,0,NA,NA
"2587",2587,"Rock","Reef Slope",0,0,NA,NA
"2588",2588,"Rock","Reef Slope",0,0,NA,NA
"2589",2589,"Rock","Reef Slope",0,0,NA,NA
"2590",2590,"Rock","Reef Slope",0,0,NA,NA
"2591",2591,"Coral/Algae","Reef Slope",0,0,NA,NA
"2592",2592,"Coral/Algae","Reef Slope",0,0,NA,NA
"2593",2593,"Coral/Algae","Reef Slope",0,0,NA,NA
"2594",2594,"Coral/Algae","Reef Slope",0,0,NA,NA
"2595",2595,"Coral/Algae","Reef Slope",0,0,NA,NA
"2596",2596,"Rock","Reef Slope",0,0,NA,NA
"2597",2597,"Rubble","Sheltered Reef Slope",36.6987812000374,0,"Rubble",NA
"2598",2598,NA,NA,110.154790397251,104.868907805348,NA,NA
"2599",2599,"Rock","Outer Reef Flat",0,0,NA,NA
"2600",2600,"Rock","Reef Slope",0,0,NA,NA
"2601",2601,"Rock","Reef Slope",0,0,NA,NA
"2602",2602,"Rubble","Back Reef Slope",30.5115825531222,0,"Rubble",NA
"2603",2603,"Rubble","Back Reef Slope",30.5115825531222,0,"Rubble",NA
"2604",2604,"Rubble","Back Reef Slope",30.5115825531222,0,"Rubble",NA
"2605",2605,"Rubble","Back Reef Slope",30.5115825531222,0,"Rubble",NA
"2606",2606,"Sand","Back Reef Slope",40.5805991094219,0,"Sand",NA
"2607",2607,"Sand","Back Reef Slope",40.5805991094219,0,"Sand",NA
"2608",2608,"Sand","Back Reef Slope",40.5805991094219,0,"Sand",NA
"2609",2609,"Sand","Back Reef Slope",40.5805991094219,0,"Sand",NA
"2610",2610,"Sand","Back Reef Slope",0,0,NA,NA
"2611",2611,"Sand","Back Reef Slope",0,0,NA,NA
"2612",2612,"Sand","Back Reef Slope",0,0,NA,NA
"2613",2613,"Sand","Back Reef Slope",0,0,NA,NA
"2614",2614,"Rubble","Back Reef Slope",0,0,NA,NA
"2615",2615,"Rubble","Back Reef Slope",0,0,NA,NA
"2616",2616,"Rubble","Back Reef Slope",0,0,NA,NA
"2617",2617,"Rubble","Back Reef Slope",0,0,NA,NA
"2618",2618,"Rubble","Back Reef Slope",0,0,NA,NA
"2619",2619,"Rock","Reef Slope",0,0,NA,NA
"2620",2620,"Rock","Reef Slope",0,0,NA,NA
"2621",2621,"Rock","Reef Slope",0,0,NA,NA
"2622",2622,NA,"Reef Slope",236.567654760167,82.9248268417967,NA,"Reef Slope"
"2623",2623,NA,"Reef Slope",236.567654760167,82.9248268417967,NA,"Reef Slope"
"2624",2624,NA,"Reef Slope",236.567654760167,82.9248268417967,NA,"Reef Slope"
"2625",2625,NA,NA,247.453515655965,124.767843408449,NA,NA
"2626",2626,NA,NA,247.453515655965,124.767843408449,NA,NA
"2627",2627,NA,NA,247.453515655965,124.767843408449,NA,NA
"2628",2628,"Coral/Algae","Outer Reef Flat",0,0,NA,NA
"2629",2629,"Rock","Reef Slope",0,0,NA,NA
"2630",2630,"Rock","Reef Slope",0,0,NA,NA
"2631",2631,"Rock","Reef Slope",0,0,NA,NA
"2632",2632,"Rock","Reef Slope",0,0,NA,NA
"2633",2633,"Rock","Reef Slope",39.0495082015279,0,"Rock",NA
"2634",2634,"Rock","Reef Slope",31.1991822249851,0,"Rock",NA
"2635",2635,"Rock","Reef Slope",31.1991822249851,0,"Rock",NA
"2636",2636,"Rock","Reef Slope",31.1991822249851,0,"Rock",NA
"2637",2637,"Rock","Reef Slope",0,0,NA,NA
"2638",2638,"Rock","Reef Slope",0,0,NA,NA
"2639",2639,"Rock","Reef Slope",0,0,NA,NA
"2640",2640,"Rock","Reef Slope",0,0,NA,NA
"2641",2641,"Rock","Reef Slope",39.8860317794479,0,"Rock",NA
"2642",2642,"Rock","Reef Slope",39.8860317794479,0,"Rock",NA
"2643",2643,"Coral/Algae","Reef Slope",39.9290284877735,0,"Coral/Algae",NA
"2644",2644,"Coral/Algae","Reef Slope",39.9290284877735,0,"Coral/Algae",NA
"2645",2645,"Rubble","Reef Slope",0,0,NA,NA
"2646",2646,"Rubble","Reef Slope",0,0,NA,NA
"2647",2647,"Rubble","Reef Slope",0,0,NA,NA
"2648",2648,"Rubble","Reef Slope",0,0,NA,NA
"2649",2649,"Coral/Algae","Sheltered Reef Slope",29.9899312603124,0,"Coral/Algae",NA
"2650",2650,"Coral/Algae","Sheltered Reef Slope",0,0,NA,NA
"2651",2651,"Rock","Plateau",31.6640217806996,0,"Rock",NA
"2652",2652,"Rock","Plateau",31.6640217806996,0,"Rock",NA
"2653",2653,"Rock","Plateau",31.6640217806996,0,"Rock",NA
"2654",2654,"Rubble","Reef Slope",0,0,NA,NA
"2655",2655,"Rubble","Reef Slope",0,0,NA,NA
"2656",2656,"Coral/Algae","Outer Reef Flat",0,0,NA,NA
"2657",2657,"Coral/Algae","Outer Reef Flat",0,0,NA,NA
"2658",2658,"Rubble","Back Reef Slope",0,0,NA,NA
"2659",2659,"Rubble","Back Reef Slope",0,0,NA,NA
"2660",2660,"Rubble","Back Reef Slope",0,0,NA,NA
"2661",2661,"Sand","Back Reef Slope",0,0,NA,NA
"2662",2662,"Sand","Back Reef Slope",0,0,NA,NA
"2663",2663,"Rock","Back Reef Slope",0,0,NA,NA
"2664",2664,"Rock","Back Reef Slope",0,0,NA,NA
"2665",2665,"Rock","Back Reef Slope",0,0,NA,NA
"2666",2666,"Coral/Algae","Reef Slope",0,0,NA,NA
"2667",2667,"Coral/Algae","Reef Slope",0,0,NA,NA
"2668",2668,"Coral/Algae","Reef Slope",0,0,NA,NA
"2669",2669,"Coral/Algae","Reef Slope",0,0,NA,NA
"2670",2670,"Coral/Algae","Reef Slope",0,0,NA,NA
"2671",2671,"Rock","Back Reef Slope",0,0,NA,NA
"2672",2672,"Rock","Back Reef Slope",0,0,NA,NA
"2673",2673,"Rock","Back Reef Slope",0,0,NA,NA
"2674",2674,"Rock","Back Reef Slope",0,0,NA,NA
"2675",2675,"Rubble","Back Reef Slope",0,0,NA,NA
"2676",2676,"Sand","Sheltered Reef Slope",0,0,NA,NA
"2677",2677,"Sand","Sheltered Reef Slope",0,0,NA,NA
"2678",2678,"Sand","Sheltered Reef Slope",0,0,NA,NA
"2679",2679,"Sand","Sheltered Reef Slope",0,0,NA,NA
"2680",2680,"Rock","Deep Lagoon",63.4759846750473,0,"Rock",NA
"2681",2681,"Rock","Deep Lagoon",63.4759846750473,0,"Rock",NA
"2682",2682,"Rubble","Deep Lagoon",44.0537507883874,0,"Rubble",NA
"2683",2683,"Sand","Sheltered Reef Slope",0,0,NA,NA
"2684",2684,"Sand","Sheltered Reef Slope",0,0,NA,NA
"2685",2685,"Sand","Sheltered Reef Slope",0,0,NA,NA
"2686",2686,"Sand","Sheltered Reef Slope",0,0,NA,NA
"2687",2687,"Rubble","Sheltered Reef Slope",0,0,NA,NA
"2688",2688,"Rubble","Sheltered Reef Slope",0,0,NA,NA
"2689",2689,"Rubble","Sheltered Reef Slope",0,0,NA,NA
"2690",2690,"Rubble","Sheltered Reef Slope",0,0,NA,NA
"2691",2691,"Rubble","Back Reef Slope",0,0,NA,NA
"2692",2692,"Rubble","Back Reef Slope",0,0,NA,NA
"2693",2693,"Rubble","Back Reef Slope",0,0,NA,NA
"2694",2694,"Sand","Back Reef Slope",0,0,NA,NA
"2695",2695,"Sand","Back Reef Slope",0,0,NA,NA
"2696",2696,"Sand","Back Reef Slope",0,0,NA,NA
"2697",2697,"Sand","Back Reef Slope",0,0,NA,NA
"2698",2698,"Sand","Back Reef Slope",0,0,NA,NA
"2699",2699,"Sand","Back Reef Slope",0,0,NA,NA
"2700",2700,"Sand","Back Reef Slope",0,0,NA,NA
"2701",2701,"Rubble","Back Reef Slope",0,0,NA,NA
"2702",2702,"Sand","Back Reef Slope",0,0,NA,NA
"2703",2703,"Sand","Back Reef Slope",0,0,NA,NA
"2704",2704,"Rock","Back Reef Slope",0,0,NA,NA
"2705",2705,"Rock","Back Reef Slope",0,0,NA,NA
"2706",2706,"Rock","Back Reef Slope",0,0,NA,NA
"2707",2707,"Rock","Back Reef Slope",0,0,NA,NA
"2708",2708,"Sand","Back Reef Slope",0,0,NA,NA
"2709",2709,"Sand","Back Reef Slope",0,0,NA,NA
"2710",2710,"Sand","Back Reef Slope",0,0,NA,NA
"2711",2711,"Sand","Back Reef Slope",0,0,NA,NA
"2712",2712,"Rock","Reef Slope",0,0,NA,NA
"2713",2713,"Rock","Reef Slope",0,0,NA,NA
"2714",2714,"Rock","Back Reef Slope",62.7797486942379,0,"Rock",NA
"2715",2715,"Rock","Back Reef Slope",62.7797486942379,0,"Rock",NA
"2716",2716,"Rock","Back Reef Slope",62.7797486942379,0,"Rock",NA
"2717",2717,"Rock","Plateau",58.2673314931444,0,"Rock",NA
"2718",2718,"Rock","Plateau",58.2673314931444,0,"Rock",NA
"2719",2719,"Rock","Plateau",58.2673314931444,0,"Rock",NA
"2720",2720,"Rock","Plateau",75.2270603906039,0,"Rock",NA
"2721",2721,"Rock","Plateau",75.2270603906039,0,"Rock",NA
"2722",2722,"Rock","Plateau",75.2270603906039,0,"Rock",NA
"2723",2723,"Rock","Plateau",75.2270603906039,0,"Rock",NA
"2724",2724,"Rubble","Back Reef Slope",0,0,NA,NA
"2725",2725,"Rubble","Back Reef Slope",0,0,NA,NA
"2726",2726,"Rock","Plateau",51.3333991217463,0,"Rock",NA
"2727",2727,"Coral/Algae","Plateau",78.2099117822917,0,"Coral/Algae",NA
"2728",2728,"Coral/Algae","Plateau",78.2099117822917,0,"Coral/Algae",NA
"2729",2729,"Rock","Reef Slope",32.7771969266767,0,"Rock",NA
"2730",2730,"Rock","Reef Slope",32.7771969266767,0,"Rock",NA
"2731",2731,"Coral/Algae","Reef Slope",40.4995900843629,0,"Coral/Algae",NA
"2732",2732,"Coral/Algae","Reef Slope",40.4995900843629,0,"Coral/Algae",NA
"2733",2733,"Rock","Reef Slope",0,0,NA,NA
"2734",2734,"Rock","Reef Slope",0,0,NA,NA
"2735",2735,"Rubble","Back Reef Slope",0,0,NA,NA
"2736",2736,"Rubble","Back Reef Slope",0,0,NA,NA
"2737",2737,"Rock","Outer Reef Flat",0,0,NA,NA
"2738",2738,"Rubble","Reef Slope",0,0,NA,NA
"2739",2739,"Sand","Back Reef Slope",0,0,NA,NA
"2740",2740,"Sand","Sheltered Reef Slope",0,0,NA,NA
"2741",2741,"Rock","Deep Lagoon",37.6656181809348,0,"Rock",NA
"2742",2742,"Sand","Back Reef Slope",0,0,NA,NA
"2743",2743,"Sand","Reef Slope",0,0,NA,NA
"2744",2744,"Rock","Reef Crest",0,0,NA,NA
"2745",2745,"Rock","Reef Crest",0,0,NA,NA
"2746",2746,"Rock","Reef Slope",0,0,NA,NA
"2747",2747,"Coral/Algae","Reef Slope",0,0,NA,NA
"2748",2748,"Coral/Algae","Inner Reef Flat",0,0,NA,NA
"2749",2749,NA,NA,14611.889477511,14201.7438827796,NA,NA
"2750",2750,NA,NA,14611.889477511,14201.7438827796,NA,NA
"2751",2751,NA,NA,14611.889477511,14201.7438827796,NA,NA
"2752",2752,NA,NA,14611.889477511,14201.7438827796,NA,NA
"2753",2753,NA,NA,14179.2200738481,13757.6676765105,NA,NA
"2754",2754,NA,NA,14179.2200738481,13757.6676765105,NA,NA
"2755",2755,NA,NA,14179.2200738481,13757.6676765105,NA,NA
"2756",2756,NA,NA,14179.2200738481,13757.6676765105,NA,NA
"2757",2757,NA,NA,14022.6419313395,13574.5028718494,NA,NA
"2758",2758,NA,NA,14022.6419313395,13574.5028718494,NA,NA
"2759",2759,NA,NA,14022.6419313395,13574.5028718494,NA,NA
"2760",2760,NA,NA,14022.6419313395,13574.5028718494,NA,NA
"2761",2761,NA,NA,14022.6419313395,13574.5028718494,NA,NA
"2762",2762,NA,NA,13918.0871464376,13445.492610226,NA,NA
"2763",2763,NA,NA,13918.0871464376,13445.492610226,NA,NA
"2764",2764,NA,NA,13918.0871464376,13445.492610226,NA,NA
"2765",2765,NA,NA,13918.0871464376,13445.492610226,NA,NA
"2766",2766,NA,NA,14539.4111578237,14120.1937801984,NA,NA
"2767",2767,NA,NA,14539.4111578237,14120.1937801984,NA,NA
"2768",2768,NA,NA,14539.4111578237,14120.1937801984,NA,NA
"2769",2769,NA,NA,14539.4111578237,14120.1937801984,NA,NA
"2770",2770,NA,NA,14539.4111578237,14120.1937801984,NA,NA
"2771",2771,NA,NA,14539.4111578237,14120.1937801984,NA,NA
"2772",2772,NA,NA,14539.4111578237,14120.1937801984,NA,NA
"2773",2773,NA,NA,14101.8573415631,13642.1685872493,NA,NA
"2774",2774,NA,NA,14101.8573415631,13642.1685872493,NA,NA
"2775",2775,NA,NA,14101.8573415631,13642.1685872493,NA,NA
"2776",2776,NA,NA,14101.8573415631,13642.1685872493,NA,NA
"2777",2777,NA,NA,14101.8573415631,13642.1685872493,NA,NA
"2778",2778,NA,NA,14101.8573415631,13642.1685872493,NA,NA
"2779",2779,NA,NA,14101.8573415631,13642.1685872493,NA,NA
"2780",2780,NA,NA,15430.696907281,15049.6739417093,NA,NA
"2781",2781,NA,NA,15430.696907281,15049.6739417093,NA,NA
"2782",2782,NA,NA,15430.696907281,15049.6739417093,NA,NA
"2783",2783,NA,NA,15056.4841258544,14655.9931345875,NA,NA
"2784",2784,NA,NA,15056.4841258544,14655.9931345875,NA,NA
"2785",2785,NA,NA,15332.2277852265,14939.5014480541,NA,NA
"2786",2786,NA,NA,15332.2277852265,14939.5014480541,NA,NA
"2787",2787,NA,NA,15332.2277852265,14939.5014480541,NA,NA
"2788",2788,NA,NA,15332.2277852265,14939.5014480541,NA,NA
"2789",2789,NA,NA,15332.2277852265,14939.5014480541,NA,NA
"2790",2790,NA,NA,15332.2277852265,14939.5014480541,NA,NA
"2791",2791,NA,NA,15332.2277852265,14939.5014480541,NA,NA
"2792",2792,"Rock","Reef Slope",0,0,NA,NA
"2793",2793,"Rock","Reef Slope",0,0,NA,NA
"2794",2794,"Rock","Reef Slope",0,0,NA,NA
"2795",2795,"Rock","Reef Slope",0,0,NA,NA
"2796",2796,"Rock","Reef Slope",0,0,NA,NA
"2797",2797,"Rock","Reef Slope",0,0,NA,NA
"2798",2798,"Rock","Reef Crest",0,0,NA,NA
"2799",2799,"Rock","Reef Crest",0,0,NA,NA
"2800",2800,"Coral/Algae","Reef Crest",0,0,NA,NA
"2801",2801,"Coral/Algae","Reef Crest",0,0,NA,NA
"2802",2802,"Coral/Algae","Reef Crest",0,0,NA,NA
"2803",2803,"Rock","Reef Crest",0,0,NA,NA
"2804",2804,"Rock","Reef Crest",0,0,NA,NA
"2805",2805,"Rock","Reef Crest",0,0,NA,NA
"2806",2806,"Coral/Algae","Reef Crest",0,0,NA,NA
"2807",2807,"Coral/Algae","Reef Crest",0,0,NA,NA
"2808",2808,"Coral/Algae","Reef Crest",0,0,NA,NA
"2809",2809,"Rock","Reef Crest",0,0,NA,NA
"2810",2810,"Rock","Reef Crest",0,0,NA,NA
"2811",2811,"Rock","Reef Crest",0,0,NA,NA
"2812",2812,"Rock","Reef Crest",0,0,NA,NA
"2813",2813,"Rock","Reef Crest",0,0,NA,NA
"2814",2814,"Rock","Reef Crest",0,0,NA,NA
"2815",2815,"Rock","Reef Crest",0,0,NA,NA
"2816",2816,"Rock","Reef Slope",0,0,NA,NA
"2817",2817,"Rock","Reef Slope",0,0,NA,NA
"2818",2818,"Rock","Reef Slope",0,0,NA,NA
"2819",2819,"Rock","Reef Slope",0,0,NA,NA
"2820",2820,"Rock","Reef Slope",0,0,NA,NA
"2821",2821,"Rock","Reef Slope",0,0,NA,NA
"2822",2822,"Rock","Reef Slope",0,0,NA,NA
"2823",2823,"Rock","Reef Slope",0,0,NA,NA
"2824",2824,"Rock","Reef Slope",0,0,NA,NA
"2825",2825,"Rock","Reef Slope",0,0,NA,NA
"2826",2826,"Rock","Reef Slope",0,0,NA,NA
"2827",2827,"Sand","Back Reef Slope",0,0,NA,NA
"2828",2828,"Sand","Back Reef Slope",0,0,NA,NA
"2829",2829,"Sand","Back Reef Slope",0,0,NA,NA
"2830",2830,"Sand","Back Reef Slope",0,0,NA,NA
"2831",2831,"Sand","Back Reef Slope",0,0,NA,NA
"2832",2832,"Sand","Back Reef Slope",0,0,NA,NA
"2833",2833,"Sand","Back Reef Slope",0,0,NA,NA
"2834",2834,"Sand","Sheltered Reef Slope",0,0,NA,NA
"2835",2835,"Sand","Sheltered Reef Slope",0,0,NA,NA
"2836",2836,"Sand","Sheltered Reef Slope",0,0,NA,NA
"2837",2837,"Sand","Sheltered Reef Slope",0,0,NA,NA
"2838",2838,"Sand","Sheltered Reef Slope",0,0,NA,NA
"2839",2839,"Sand","Sheltered Reef Slope",0,0,NA,NA
"2840",2840,"Rubble","Back Reef Slope",0,0,NA,NA
"2841",2841,"Rubble","Back Reef Slope",0,0,NA,NA
"2842",2842,"Rubble","Back Reef Slope",0,0,NA,NA
"2843",2843,"Rubble","Back Reef Slope",0,0,NA,NA
"2844",2844,"Rubble","Back Reef Slope",0,0,NA,NA
"2845",2845,"Rubble","Back Reef Slope",0,0,NA,NA
"2846",2846,"Rubble","Back Reef Slope",0,0,NA,NA
"2847",2847,"Sand","Back Reef Slope",0,0,NA,NA
"2848",2848,"Sand","Back Reef Slope",0,0,NA,NA
"2849",2849,"Sand","Back Reef Slope",0,0,NA,NA
"2850",2850,"Sand","Back Reef Slope",0,0,NA,NA
"2851",2851,"Sand","Back Reef Slope",0,0,NA,NA
"2852",2852,"Sand","Back Reef Slope",0,0,NA,NA
"2853",2853,"Sand","Back Reef Slope",0,0,NA,NA
"2854",2854,"Rock","Back Reef Slope",0,0,NA,NA
"2855",2855,"Rock","Back Reef Slope",0,0,NA,NA
"2856",2856,"Rock","Back Reef Slope",0,0,NA,NA
"2857",2857,"Rock","Back Reef Slope",0,0,NA,NA
"2858",2858,"Rock","Back Reef Slope",0,0,NA,NA
"2859",2859,"Rock","Back Reef Slope",0,0,NA,NA
"2860",2860,"Rock","Back Reef Slope",0,0,NA,NA
"2861",2861,"Rock","Reef Crest",0,0,NA,NA
"2862",2862,"Rock","Reef Crest",0,0,NA,NA
"2863",2863,"Rock","Reef Crest",0,0,NA,NA
"2864",2864,"Rock","Reef Crest",0,0,NA,NA
"2865",2865,"Rock","Reef Crest",0,0,NA,NA
"2866",2866,"Rock","Reef Crest",0,0,NA,NA
"2867",2867,"Rock","Reef Crest",0,0,NA,NA
"2868",2868,"Rock","Reef Crest",0,0,NA,NA
"2869",2869,"Rock","Reef Crest",0,0,NA,NA
"2870",2870,"Rock","Reef Crest",0,0,NA,NA
"2871",2871,"Rock","Reef Crest",0,0,NA,NA
"2872",2872,"Rock","Reef Crest",0,0,NA,NA
"2873",2873,"Rock","Reef Crest",0,0,NA,NA
"2874",2874,"Rock","Reef Crest",0,0,NA,NA
"2875",2875,"Rock","Reef Crest",0,0,NA,NA
"2876",2876,"Rock","Reef Crest",0,0,NA,NA
"2877",2877,"Rock","Reef Crest",0,0,NA,NA
"2878",2878,"Rock","Reef Crest",0,0,NA,NA
"2879",2879,"Rock","Reef Crest",0,0,NA,NA
"2880",2880,"Rock","Reef Crest",0,0,NA,NA
"2881",2881,"Rock","Reef Crest",0,0,NA,NA
"2882",2882,"Sand","Inner Reef Flat",0,0,NA,NA
"2883",2883,"Sand","Inner Reef Flat",0,0,NA,NA
"2884",2884,"Sand","Inner Reef Flat",0,0,NA,NA
"2885",2885,"Sand","Inner Reef Flat",0,0,NA,NA
"2886",2886,"Sand","Inner Reef Flat",0,0,NA,NA
"2887",2887,"Sand","Inner Reef Flat",0,0,NA,NA
"2888",2888,"Rock","Reef Crest",0,0,NA,NA
"2889",2889,"Rock","Reef Crest",0,0,NA,NA
"2890",2890,"Rock","Reef Crest",0,0,NA,NA
"2891",2891,"Rock","Reef Crest",0,0,NA,NA
"2892",2892,"Sand","Inner Reef Flat",0,0,NA,NA
"2893",2893,"Sand","Inner Reef Flat",0,0,NA,NA
"2894",2894,"Sand","Inner Reef Flat",0,0,NA,NA
"2895",2895,"Sand","Inner Reef Flat",0,0,NA,NA
"2896",2896,"Sand","Inner Reef Flat",0,0,NA,NA
"2897",2897,"Sand","Inner Reef Flat",0,0,NA,NA
"2898",2898,"Sand","Deep Lagoon",0,0,NA,NA
"2899",2899,"Sand","Deep Lagoon",0,0,NA,NA
"2900",2900,"Sand","Deep Lagoon",0,0,NA,NA
"2901",2901,"Sand","Deep Lagoon",0,0,NA,NA
"2902",2902,"Sand","Deep Lagoon",0,0,NA,NA
"2903",2903,"Sand","Deep Lagoon",0,0,NA,NA
"2904",2904,"Coral/Algae","Deep Lagoon",0,0,NA,NA
"2905",2905,"Coral/Algae","Deep Lagoon",0,0,NA,NA
"2906",2906,"Coral/Algae","Deep Lagoon",0,0,NA,NA
"2907",2907,"Coral/Algae","Deep Lagoon",0,0,NA,NA
"2908",2908,"Coral/Algae","Deep Lagoon",0,0,NA,NA
"2909",2909,"Rock","Outer Reef Flat",0,0,NA,NA
"2910",2910,"Rock","Outer Reef Flat",0,0,NA,NA
"2911",2911,"Rock","Outer Reef Flat",0,0,NA,NA
"2912",2912,"Rock","Outer Reef Flat",0,0,NA,NA
"2913",2913,"Rock","Outer Reef Flat",0,0,NA,NA
"2914",2914,"Sand","Deep Lagoon",0,0,NA,NA
"2915",2915,"Sand","Deep Lagoon",0,0,NA,NA
"2916",2916,"Sand","Deep Lagoon",0,0,NA,NA
"2917",2917,"Sand","Deep Lagoon",0,0,NA,NA
"2918",2918,"Sand","Deep Lagoon",0,0,NA,NA
"2919",2919,"Sand","Shallow Lagoon",0,0,NA,NA
"2920",2920,"Sand","Shallow Lagoon",0,0,NA,NA
"2921",2921,"Sand","Shallow Lagoon",0,0,NA,NA
"2922",2922,"Sand","Shallow Lagoon",0,0,NA,NA
"2923",2923,"Rock","Reef Slope",0,0,NA,NA
"2924",2924,"Rock","Reef Slope",0,0,NA,NA
"2925",2925,"Rock","Reef Slope",0,0,NA,NA
"2926",2926,"Sand","Inner Reef Flat",0,0,NA,NA
"2927",2927,"Sand","Inner Reef Flat",0,0,NA,NA
"2928",2928,"Sand","Inner Reef Flat",0,0,NA,NA
"2929",2929,"Coral/Algae","Inner Reef Flat",0,0,NA,NA
"2930",2930,"Coral/Algae","Inner Reef Flat",0,0,NA,NA
"2931",2931,"Coral/Algae","Inner Reef Flat",0,0,NA,NA
"2932",2932,"Coral/Algae","Inner Reef Flat",0,0,NA,NA
"2933",2933,"Coral/Algae","Inner Reef Flat",0,0,NA,NA
"2934",2934,"Coral/Algae","Inner Reef Flat",0,0,NA,NA
"2935",2935,"Coral/Algae","Inner Reef Flat",0,0,NA,NA
"2936",2936,"Coral/Algae","Inner Reef Flat",0,0,NA,NA
"2937",2937,"Rock","Inner Reef Flat",0,0,NA,NA
"2938",2938,"Rock","Inner Reef Flat",0,0,NA,NA
"2939",2939,"Rock","Inner Reef Flat",0,0,NA,NA
"2940",2940,"Sand","Shallow Lagoon",0,0,NA,NA
"2941",2941,"Sand","Shallow Lagoon",0,0,NA,NA
"2942",2942,"Sand","Inner Reef Flat",0,0,NA,NA
"2943",2943,"Sand","Inner Reef Flat",0,0,NA,NA
"2944",2944,"Sand","Inner Reef Flat",0,0,NA,NA
"2945",2945,"Sand","Inner Reef Flat",0,0,NA,NA
"2946",2946,"Sand","Inner Reef Flat",0,0,NA,NA
"2947",2947,"Sand","Inner Reef Flat",0,0,NA,NA
"2948",2948,"Sand","Inner Reef Flat",0,0,NA,NA
"2949",2949,"Sand","Inner Reef Flat",0,0,NA,NA
"2950",2950,"Rock","Reef Crest",0,0,NA,NA
"2951",2951,"Rock","Reef Crest",0,0,NA,NA
"2952",2952,"Rock","Reef Crest",0,0,NA,NA
"2953",2953,"Rock","Reef Crest",0,0,NA,NA
"2954",2954,"Rock","Reef Crest",0,0,NA,NA
"2955",2955,"Rock","Reef Crest",0,0,NA,NA
"2956",2956,"Rock","Reef Crest",0,0,NA,NA
"2957",2957,"Rock","Reef Crest",0,0,NA,NA
"2958",2958,"Rock","Reef Crest",0,0,NA,NA
"2959",2959,"Rock","Reef Crest",0,0,NA,NA
"2960",2960,"Sand","Reef Slope",0,0,NA,NA
"2961",2961,"Sand","Reef Slope",0,0,NA,NA
"2962",2962,"Sand","Reef Slope",0,0,NA,NA
"2963",2963,"Sand","Reef Slope",0,0,NA,NA
"2964",2964,"Sand","Reef Slope",0,0,NA,NA
"2965",2965,"Rock","Reef Slope",0,0,NA,NA
"2966",2966,"Rock","Reef Slope",0,0,NA,NA
"2967",2967,"Sand","Deep Lagoon",0,0,NA,NA
"2968",2968,"Sand","Deep Lagoon",0,0,NA,NA
"2969",2969,"Sand","Deep Lagoon",0,0,NA,NA
"2970",2970,"Sand","Deep Lagoon",0,0,NA,NA
"2971",2971,"Sand","Deep Lagoon",0,0,NA,NA
"2972",2972,"Sand","Deep Lagoon",0,0,NA,NA
"2973",2973,NA,"Reef Slope",149.894946124459,71.3017900177054,NA,"Reef Slope"
"2974",2974,NA,"Reef Slope",149.894946124459,71.3017900177054,NA,"Reef Slope"
"2975",2975,NA,"Reef Slope",183.045089787264,0,NA,NA
"2976",2976,"Sand","Deep Lagoon",0,0,NA,NA
"2977",2977,"Sand","Deep Lagoon",0,0,NA,NA
"2978",2978,"Sand","Deep Lagoon",0,0,NA,NA
"2979",2979,"Sand","Deep Lagoon",0,0,NA,NA
"2980",2980,"Sand","Deep Lagoon",0,0,NA,NA
"2981",2981,"Sand","Deep Lagoon",0,0,NA,NA
"2982",2982,"Sand","Deep Lagoon",0,0,NA,NA
"2983",2983,"Rock","Reef Slope",0,0,NA,NA
"2984",2984,"Sand","Deep Lagoon",0,0,NA,NA
"2985",2985,"Sand","Deep Lagoon",0,0,NA,NA
"2986",2986,"Sand","Patch Reef",0,0,NA,NA
"2987",2987,"Sand","Patch Reef",0,0,NA,NA
"2988",2988,NA,NA,391.405626710106,172.945760505296,NA,NA
"2989",2989,"Rock","Deep Lagoon",0,0,NA,NA
"2990",2990,"Coral/Algae","Deep Lagoon",0,0,NA,NA
"2991",2991,"Rock","Reef Slope",0,0,NA,NA
"2992",2992,"Rock","Reef Slope",0,0,NA,NA
"2993",2993,"Rock","Reef Slope",0,0,NA,NA
"2994",2994,"Rock","Reef Slope",0,0,NA,NA
"2995",2995,"Coral/Algae","Reef Crest",0,0,NA,NA
"2996",2996,"Coral/Algae","Reef Crest",0,0,NA,NA
"2997",2997,"Rock","Reef Slope",0,0,NA,NA
"2998",2998,"Rock","Reef Slope",0,0,NA,NA
"2999",2999,"Rock","Reef Slope",0,0,NA,NA
"3000",3000,"Rock","Reef Slope",0,0,NA,NA
"3001",3001,"Rubble","Deep Lagoon",0,0,NA,NA
"3002",3002,"Rubble","Deep Lagoon",0,0,NA,NA
"3003",3003,"Rubble","Deep Lagoon",0,0,NA,NA
"3004",3004,"Rubble","Deep Lagoon",0,0,NA,NA
"3005",3005,"Sand","Reef Slope",0,0,NA,NA
"3006",3006,"Sand","Reef Slope",0,0,NA,NA
"3007",3007,"Sand","Reef Slope",0,0,NA,NA
"3008",3008,"Sand","Reef Slope",0,0,NA,NA
"3009",3009,"Sand","Back Reef Slope",0,0,NA,NA
"3010",3010,"Sand","Back Reef Slope",0,0,NA,NA
"3011",3011,"Rock","Reef Slope",0,0,NA,NA
"3012",3012,"Rock","Reef Slope",0,0,NA,NA
"3013",3013,"Coral/Algae","Reef Slope",0,0,NA,NA
"3014",3014,"Coral/Algae","Reef Slope",0,0,NA,NA
"3015",3015,"Rock","Reef Slope",81.127585363552,35.3193529447674,"Rock","Reef Slope"
"3016",3016,"Rock","Reef Slope",81.127585363552,35.3193529447674,"Rock","Reef Slope"
"3017",3017,"Rock","Reef Slope",81.127585363552,35.3193529447674,"Rock","Reef Slope"
"3018",3018,"Rubble","Back Reef Slope",0,0,NA,NA
"3019",3019,"Rubble","Back Reef Slope",0,0,NA,NA
"3020",3020,"Rubble","Back Reef Slope",0,0,NA,NA
"3021",3021,"Rubble","Back Reef Slope",0,0,NA,NA
"3022",3022,"Rubble","Reef Slope",0,0,NA,NA
"3023",3023,"Rubble","Reef Slope",0,0,NA,NA
"3024",3024,"Rubble","Reef Slope",0,0,NA,NA
"3025",3025,"Coral/Algae","Back Reef Slope",0,0,NA,NA
"3026",3026,"Coral/Algae","Back Reef Slope",0,0,NA,NA
"3027",3027,"Coral/Algae","Back Reef Slope",0,0,NA,NA
"3028",3028,"Coral/Algae","Back Reef Slope",0,0,NA,NA
"3029",3029,"Rock","Back Reef Slope",0,0,NA,NA
"3030",3030,"Rock","Back Reef Slope",0,0,NA,NA
"3031",3031,NA,"Back Reef Slope",147.266247577234,39.1051089903409,NA,"Back Reef Slope"
"3032",3032,NA,"Back Reef Slope",147.266247577234,39.1051089903409,NA,"Back Reef Slope"
"3033",3033,"Rubble","Deep",92.1615172545743,0,"Rubble",NA
"3034",3034,"Rock","Outer Reef Flat",0,0,NA,NA
"3035",3035,"Rock","Reef Slope",0,0,NA,NA
"3036",3036,"Rock","Reef Slope",0,0,NA,NA
"3037",3037,"Rock","Reef Slope",0,0,NA,NA
"3038",3038,"Rock","Reef Slope",0,0,NA,NA
"3039",3039,"Rock","Reef Slope",0,0,NA,NA
"3040",3040,"Sand","Back Reef Slope",0,0,NA,NA
"3041",3041,"Sand","Back Reef Slope",0,0,NA,NA
"3042",3042,"Sand","Back Reef Slope",0,0,NA,NA
"3043",3043,"Sand","Back Reef Slope",0,0,NA,NA
"3044",3044,"Rock","Outer Reef Flat",0,0,NA,NA
"3045",3045,"Rock","Outer Reef Flat",0,0,NA,NA
"3046",3046,"Coral/Algae","Outer Reef Flat",0,0,NA,NA
"3047",3047,"Rock","Reef Slope",31.2518030575149,0,"Rock",NA
"3048",3048,"Rock","Reef Slope",31.2518030575149,0,"Rock",NA
"3049",3049,"Rock","Reef Slope",62.6275282719646,0,"Rock",NA
"3050",3050,"Rock","Reef Slope",62.6275282719646,0,"Rock",NA
"3051",3051,"Coral/Algae","Outer Reef Flat",0,0,NA,NA
"3052",3052,"Coral/Algae","Outer Reef Flat",0,0,NA,NA
"3053",3053,"Coral/Algae","Outer Reef Flat",0,0,NA,NA
"3054",3054,"Sand","Sheltered Reef Slope",0,0,NA,NA
"3055",3055,"Sand","Sheltered Reef Slope",0,0,NA,NA
"3056",3056,"Sand","Sheltered Reef Slope",0,0,NA,NA
"3057",3057,"Sand","Sheltered Reef Slope",0,0,NA,NA
"3058",3058,"Sand","Sheltered Reef Slope",0,0,NA,NA
"3059",3059,"Sand","Sheltered Reef Slope",0,0,NA,NA
"3060",3060,"Sand","Sheltered Reef Slope",0,0,NA,NA
"3061",3061,"Sand","Sheltered Reef Slope",0,0,NA,NA
"3062",3062,"Sand","Sheltered Reef Slope",0,0,NA,NA
"3063",3063,"Sand","Sheltered Reef Slope",0,0,NA,NA
"3064",3064,"Sand","Sheltered Reef Slope",0,0,NA,NA
"3065",3065,"Sand","Inner Reef Flat",0,0,NA,NA
"3066",3066,"Sand","Inner Reef Flat",0,0,NA,NA
"3067",3067,"Sand","Inner Reef Flat",0,0,NA,NA
"3068",3068,"Coral/Algae","Reef Slope",46.3882141180534,0,"Coral/Algae",NA
"3069",3069,"Coral/Algae","Reef Slope",46.3882141180534,0,"Coral/Algae",NA
"3070",3070,"Coral/Algae","Reef Slope",0,0,NA,NA
"3071",3071,"Coral/Algae","Reef Slope",0,0,NA,NA
"3072",3072,"Coral/Algae","Reef Slope",0,0,NA,NA
"3073",3073,NA,"Deep",135.570275635664,36.12492346731,NA,"Deep"
"3074",3074,NA,"Deep",135.570275635664,36.12492346731,NA,"Deep"
"3075",3075,"Sand","Reef Slope",0,0,NA,NA
"3076",3076,"Sand","Reef Slope",0,0,NA,NA
"3077",3077,"Sand","Reef Slope",0,0,NA,NA
"3078",3078,"Sand","Reef Slope",0,0,NA,NA
"3079",3079,"Rock","Sheltered Reef Slope",31.7548049314465,0,"Rock",NA
"3080",3080,"Rock","Sheltered Reef Slope",31.7548049314465,0,"Rock",NA
"3081",3081,"Rock","Sheltered Reef Slope",31.7548049314465,0,"Rock",NA
"3082",3082,"Rock","Sheltered Reef Slope",31.7548049314465,0,"Rock",NA
"3083",3083,"Sand","Reef Slope",0,0,NA,NA
"3084",3084,"Sand","Reef Slope",0,0,NA,NA
"3085",3085,"Sand","Reef Slope",0,0,NA,NA
"3086",3086,"Rock","Reef Slope",0,0,NA,NA
"3087",3087,"Rock","Reef Slope",0,0,NA,NA
"3088",3088,"Rock","Reef Slope",0,0,NA,NA
"3089",3089,"Rock","Reef Slope",0,0,NA,NA
"3090",3090,NA,"Reef Slope",130.235087375086,64.4569043303704,NA,"Reef Slope"
"3091",3091,NA,"Reef Slope",130.235087375086,64.4569043303704,NA,"Reef Slope"
"3092",3092,NA,"Reef Slope",130.235087375086,64.4569043303704,NA,"Reef Slope"
"3093",3093,NA,"Reef Slope",130.235087375086,64.4569043303704,NA,"Reef Slope"
"3094",3094,NA,"Reef Slope",130.235087375086,64.4569043303704,NA,"Reef Slope"
"3095",3095,NA,"Back Reef Slope",131.771628009169,0,NA,NA
"3096",3096,NA,"Back Reef Slope",131.771628009169,0,NA,NA
"3097",3097,NA,"Back Reef Slope",131.771628009169,0,NA,NA
"3098",3098,NA,"Back Reef Slope",131.771628009169,0,NA,NA
"3099",3099,NA,"Back Reef Slope",131.771628009169,0,NA,NA
"3100",3100,NA,"Back Reef Slope",131.771628009169,0,NA,NA
"3101",3101,NA,"Back Reef Slope",131.771628009169,0,NA,NA
"3102",3102,"Rubble","Reef Slope",82.1659216451436,0,"Rubble",NA
"3103",3103,"Rubble","Reef Slope",82.1659216451436,0,"Rubble",NA
"3104",3104,"Rubble","Reef Slope",82.1659216451436,0,"Rubble",NA
"3105",3105,"Rubble","Reef Slope",82.1659216451436,0,"Rubble",NA
"3106",3106,"Rubble","Reef Slope",82.1659216451436,0,"Rubble",NA
"3107",3107,"Rubble","Reef Slope",82.1659216451436,0,"Rubble",NA
"3108",3108,"Rubble","Reef Slope",82.1659216451436,0,"Rubble",NA
"3109",3109,"Rock","Reef Slope",0,0,NA,NA
"3110",3110,"Rock","Reef Slope",0,0,NA,NA
"3111",3111,"Rock","Reef Slope",0,0,NA,NA
"3112",3112,"Rock","Reef Slope",0,0,NA,NA
"3113",3113,"Rock","Reef Slope",0,0,NA,NA
"3114",3114,"Rock","Reef Slope",0,0,NA,NA
"3115",3115,NA,"Reef Slope",152.797740208361,67.0325452768673,NA,"Reef Slope"
"3116",3116,NA,"Reef Slope",152.797740208361,67.0325452768673,NA,"Reef Slope"
"3117",3117,NA,"Reef Slope",152.797740208361,67.0325452768673,NA,"Reef Slope"
"3118",3118,NA,"Reef Slope",152.797740208361,67.0325452768673,NA,"Reef Slope"
"3119",3119,NA,"Reef Slope",152.797740208361,67.0325452768673,NA,"Reef Slope"
"3120",3120,NA,"Reef Slope",152.797740208361,67.0325452768673,NA,"Reef Slope"
"3121",3121,"Rock","Reef Slope",0,0,NA,NA
"3122",3122,"Rock","Reef Slope",0,0,NA,NA
"3123",3123,"Rock","Reef Slope",0,0,NA,NA
"3124",3124,"Rock","Reef Slope",0,0,NA,NA
"3125",3125,"Rubble","Reef Slope",92.8467158929002,49.3813517233066,"Rubble","Reef Slope"
"3126",3126,"Rubble","Reef Slope",92.8467158929002,49.3813517233066,"Rubble","Reef Slope"
"3127",3127,"Rubble","Reef Slope",92.8467158929002,49.3813517233066,"Rubble","Reef Slope"
"3128",3128,"Rubble","Reef Slope",92.8467158929002,49.3813517233066,"Rubble","Reef Slope"
"3129",3129,"Rubble","Reef Slope",92.8467158929002,49.3813517233066,"Rubble","Reef Slope"
"3130",3130,NA,"Reef Slope",126.256342404473,57.7231010474883,NA,"Reef Slope"
"3131",3131,NA,"Reef Slope",126.256342404473,57.7231010474883,NA,"Reef Slope"
"3132",3132,NA,"Reef Slope",126.256342404473,57.7231010474883,NA,"Reef Slope"
"3133",3133,NA,"Reef Slope",126.256342404473,57.7231010474883,NA,"Reef Slope"
"3134",3134,NA,"Reef Slope",126.256342404473,57.7231010474883,NA,"Reef Slope"
"3135",3135,"Rubble","Reef Slope",99.6667811994923,91.3164015144992,"Rubble","Reef Slope"
"3136",3136,"Rubble","Reef Slope",99.6667811994923,91.3164015144992,"Rubble","Reef Slope"
"3137",3137,"Rock","Reef Slope",0,0,NA,NA
"3138",3138,"Rock","Reef Slope",0,0,NA,NA
"3139",3139,"Rock","Reef Slope",0,0,NA,NA
"3140",3140,"Rock","Reef Slope",0,0,NA,NA
"3141",3141,"Rock","Reef Slope",41.4223048943208,0,"Rock",NA
"3142",3142,"Rock","Reef Slope",41.4223048943208,0,"Rock",NA
"3143",3143,"Rock","Reef Slope",41.4223048943208,0,"Rock",NA
"3144",3144,"Rock","Reef Slope",41.4223048943208,0,"Rock",NA
"3145",3145,"Rock","Reef Slope",0,0,NA,NA
"3146",3146,"Rock","Reef Slope",0,0,NA,NA
"3147",3147,"Rock","Reef Slope",0,0,NA,NA
"3148",3148,"Rock","Reef Slope",0,0,NA,NA
"3149",3149,"Rock","Reef Slope",0,0,NA,NA
"3150",3150,"Rock","Outer Reef Flat",0,0,NA,NA
"3151",3151,"Rock","Outer Reef Flat",0,0,NA,NA
"3152",3152,"Rock","Outer Reef Flat",0,0,NA,NA
"3153",3153,"Rock","Outer Reef Flat",0,0,NA,NA
"3154",3154,"Rock","Patch Reef",0,0,NA,NA
"3155",3155,"Rock","Patch Reef",0,0,NA,NA
"3156",3156,"Rock","Patch Reef",0,0,NA,NA
"3157",3157,"Rock","Reef Slope",62.1346378333379,0,"Rock",NA
"3158",3158,"Rock","Reef Slope",62.1346378333379,0,"Rock",NA
"3159",3159,"Rock","Reef Slope",62.1346378333379,0,"Rock",NA
"3160",3160,"Rock","Reef Slope",62.1346378333379,0,"Rock",NA
"3161",3161,"Rock","Outer Reef Flat",0,0,NA,NA
"3162",3162,"Rock","Outer Reef Flat",0,0,NA,NA
"3163",3163,NA,"Reef Slope",109.338110179368,0,NA,NA
"3164",3164,NA,"Reef Slope",109.338110179368,0,NA,NA
"3165",3165,"Rock","Outer Reef Flat",0,0,NA,NA
"3166",3166,"Rock","Outer Reef Flat",0,0,NA,NA
"3167",3167,"Rock","Outer Reef Flat",0,0,NA,NA
"3168",3168,"Rock","Outer Reef Flat",0,0,NA,NA
"3169",3169,"Rock","Outer Reef Flat",0,0,NA,NA
"3170",3170,"Rock","Outer Reef Flat",0,0,NA,NA
"3171",3171,"Rock","Outer Reef Flat",0,0,NA,NA
"3172",3172,"Rock","Outer Reef Flat",0,0,NA,NA
"3173",3173,"Coral/Algae","Outer Reef Flat",0,0,NA,NA
"3174",3174,"Coral/Algae","Outer Reef Flat",0,0,NA,NA
"3175",3175,"Coral/Algae","Outer Reef Flat",0,0,NA,NA
"3176",3176,"Rock","Reef Slope",0,0,NA,NA
"3177",3177,"Rock","Reef Slope",0,0,NA,NA
"3178",3178,"Rock","Reef Slope",0,0,NA,NA
"3179",3179,"Rock","Reef Slope",0,0,NA,NA
"3180",3180,"Rock","Reef Slope",0,0,NA,NA
"3181",3181,"Rock","Reef Slope",0,0,NA,NA
"3182",3182,"Coral/Algae","Reef Crest",0,0,NA,NA
"3183",3183,"Coral/Algae","Reef Crest",0,0,NA,NA
"3184",3184,"Rock","Reef Slope",0,0,NA,NA
"3185",3185,"Rock","Reef Slope",0,0,NA,NA
"3186",3186,"Rock","Sheltered Reef Slope",73.3527422747484,0,"Rock",NA
"3187",3187,"Rock","Sheltered Reef Slope",73.3527422747484,0,"Rock",NA
"3188",3188,"Rock","Sheltered Reef Slope",0,0,NA,NA
"3189",3189,"Rubble","Reef Slope",0,0,NA,NA
"3190",3190,"Rubble","Reef Slope",0,0,NA,NA
"3191",3191,"Rubble","Reef Slope",0,0,NA,NA
"3192",3192,"Sand","Back Reef Slope",0,0,NA,NA
"3193",3193,"Sand","Back Reef Slope",0,0,NA,NA
"3194",3194,"Rubble","Sheltered Reef Slope",0,0,NA,NA
"3195",3195,"Rubble","Sheltered Reef Slope",0,0,NA,NA
"3196",3196,"Rock","Reef Slope",0,0,NA,NA
"3197",3197,"Rock","Reef Slope",0,0,NA,NA
"3198",3198,"Rock","Reef Slope",36.8857940408343,0,"Rock",NA
"3199",3199,"Rock","Reef Slope",36.8857940408343,0,"Rock",NA
"3200",3200,"Rock","Reef Slope",36.8857940408343,0,"Rock",NA
"3201",3201,"Rock","Reef Slope",0,0,NA,NA
"3202",3202,"Rock","Reef Slope",0,0,NA,NA
"3203",3203,"Rubble","Sheltered Reef Slope",0,0,NA,NA
"3204",3204,"Rubble","Sheltered Reef Slope",0,0,NA,NA
"3205",3205,"Rubble","Sheltered Reef Slope",0,0,NA,NA
"3206",3206,"Sand","Sheltered Reef Slope",0,0,NA,NA
"3207",3207,"Sand","Sheltered Reef Slope",0,0,NA,NA
"3208",3208,"Rock","Sheltered Reef Slope",0,0,NA,NA
"3209",3209,"Rock","Sheltered Reef Slope",0,0,NA,NA
"3210",3210,"Rock","Sheltered Reef Slope",0,0,NA,NA
"3211",3211,"Rock","Sheltered Reef Slope",0,0,NA,NA
"3212",3212,"Rock","Sheltered Reef Slope",0,0,NA,NA
"3213",3213,"Rubble","Deep Lagoon",0,0,NA,NA
"3214",3214,"Rubble","Deep Lagoon",0,0,NA,NA
"3215",3215,"Rubble","Deep Lagoon",0,0,NA,NA
"3216",3216,"Coral/Algae","Deep Lagoon",0,0,NA,NA
"3217",3217,"Sand","Back Reef Slope",0,0,NA,NA
"3218",3218,"Rock","Sheltered Reef Slope",0,0,NA,NA
"3219",3219,"Rock","Sheltered Reef Slope",0,0,NA,NA
"3220",3220,"Rock","Sheltered Reef Slope",0,0,NA,NA
"3221",3221,"Rock","Sheltered Reef Slope",0,0,NA,NA
"3222",3222,"Rock","Sheltered Reef Slope",0,0,NA,NA
"3223",3223,"Rock","Sheltered Reef Slope",0,0,NA,NA
"3224",3224,"Rock","Back Reef Slope",0,0,NA,NA
"3225",3225,"Rock","Back Reef Slope",0,0,NA,NA
"3226",3226,"Rubble","Sheltered Reef Slope",0,0,NA,NA
"3227",3227,"Rubble","Sheltered Reef Slope",0,0,NA,NA
"3228",3228,"Rubble","Reef Slope",0,0,NA,NA
"3229",3229,"Rubble","Reef Slope",0,0,NA,NA
"3230",3230,"Sand","Reef Slope",0,0,NA,NA
"3231",3231,"Sand","Reef Slope",0,0,NA,NA
"3232",3232,"Rock","Reef Slope",0,0,NA,NA
"3233",3233,"Rock","Sheltered Reef Slope",0,0,NA,NA
"3234",3234,"Rock","Reef Slope",0,0,NA,NA
"3235",3235,"Rock","Reef Slope",0,0,NA,NA
"3236",3236,"Rock","Reef Slope",0,0,NA,NA
"3237",3237,"Rock","Reef Slope",0,0,NA,NA
"3238",3238,"Sand","Inner Reef Flat",0,0,NA,NA
"3239",3239,"Sand","Inner Reef Flat",0,0,NA,NA
"3240",3240,"Coral/Algae","Outer Reef Flat",0,0,NA,NA
"3241",3241,"Coral/Algae","Outer Reef Flat",0,0,NA,NA
"3242",3242,"Coral/Algae","Outer Reef Flat",0,0,NA,NA
"3243",3243,"Coral/Algae","Outer Reef Flat",0,0,NA,NA
"3244",3244,"Coral/Algae","Outer Reef Flat",0,0,NA,NA
"3245",3245,"Coral/Algae","Outer Reef Flat",0,0,NA,NA
"3246",3246,"Rock","Sheltered Reef Slope",0,0,NA,NA
"3247",3247,"Rock","Sheltered Reef Slope",0,0,NA,NA
"3248",3248,"Sand","Sheltered Reef Slope",0,0,NA,NA
"3249",3249,"Sand","Sheltered Reef Slope",0,0,NA,NA
"3250",3250,"Coral/Algae","Deep Lagoon",0,0,NA,NA
"3251",3251,"Coral/Algae","Deep Lagoon",0,0,NA,NA
"3252",3252,"Coral/Algae","Deep Lagoon",0,0,NA,NA
"3253",3253,"Coral/Algae","Sheltered Reef Slope",0,0,NA,NA
"3254",3254,"Coral/Algae","Sheltered Reef Slope",0,0,NA,NA
"3255",3255,"Coral/Algae","Back Reef Slope",0,0,NA,NA
"3256",3256,"Coral/Algae","Back Reef Slope",0,0,NA,NA
"3257",3257,"Coral/Algae","Back Reef Slope",0,0,NA,NA
"3258",3258,"Coral/Algae","Back Reef Slope",0,0,NA,NA
"3259",3259,"Rubble","Back Reef Slope",0,0,NA,NA
"3260",3260,"Rubble","Back Reef Slope",0,0,NA,NA
"3261",3261,"Sand","Inner Reef Flat",0,0,NA,NA
"3262",3262,"Rock","Reef Slope",37.8247018859131,0,"Rock",NA
"3263",3263,"Rock","Reef Slope",46.1004883699432,0,"Rock",NA
"3264",3264,"Rubble","Reef Slope",0,0,NA,NA
"3265",3265,"Rubble","Back Reef Slope",0,0,NA,NA
"3266",3266,"Rubble","Back Reef Slope",0,0,NA,NA
"3267",3267,"Sand","Reef Slope",44.7561456103719,0,"Sand",NA
"3268",3268,"Sand","Reef Slope",0,0,NA,NA
"3269",3269,"Coral/Algae","Deep Lagoon",60.5299378208918,0,"Coral/Algae",NA
"3270",3270,"Rubble","Back Reef Slope",0,0,NA,NA
"3271",3271,"Rubble","Back Reef Slope",0,0,NA,NA
"3272",3272,"Rock","Plateau",46.0846500953886,0,"Rock",NA
"3273",3273,"Rock","Plateau",46.0846500953886,0,"Rock",NA
"3274",3274,"Rock","Reef Slope",66.3091547853384,41.7639584830645,"Rock","Reef Slope"
"3275",3275,"Sand","Back Reef Slope",0,0,NA,NA
"3276",3276,"Sand","Back Reef Slope",0,0,NA,NA
"3277",3277,"Sand","Back Reef Slope",0,0,NA,NA
"3278",3278,"Rock","Deep Lagoon",0,0,NA,NA
"3279",3279,"Rock","Back Reef Slope",0,0,NA,NA
"3280",3280,"Rock","Back Reef Slope",0,0,NA,NA
"3281",3281,"Coral/Algae","Back Reef Slope",0,0,NA,NA
"3282",3282,"Coral/Algae","Back Reef Slope",0,0,NA,NA
"3283",3283,"Coral/Algae","Back Reef Slope",0,0,NA,NA
"3284",3284,"Rock","Back Reef Slope",0,0,NA,NA
"3285",3285,"Rock","Reef Slope",0,0,NA,NA
"3286",3286,"Rock","Reef Slope",71.0544202941485,0,"Rock",NA
"3287",3287,"Rock","Reef Slope",71.0544202941485,0,"Rock",NA
"3288",3288,"Rock","Reef Slope",30.6533865760696,0,"Rock",NA
"3289",3289,"Coral/Algae","Sheltered Reef Slope",0,0,NA,NA
"3290",3290,"Coral/Algae","Sheltered Reef Slope",0,0,NA,NA
"3291",3291,"Rock","Deep Lagoon",40.7469992852507,0,"Rock",NA
"3292",3292,"Coral/Algae","Sheltered Reef Slope",0,0,NA,NA
"3293",3293,"Coral/Algae","Back Reef Slope",0,0,NA,NA
"3294",3294,"Rock","Reef Slope",0,0,NA,NA
"3295",3295,"Rock","Back Reef Slope",0,0,NA,NA
"3296",3296,"Rock","Back Reef Slope",0,0,NA,NA
"3297",3297,"Rock","Back Reef Slope",0,0,NA,NA
"3298",3298,"Coral/Algae","Back Reef Slope",0,0,NA,NA
"3299",3299,"Coral/Algae","Back Reef Slope",0,0,NA,NA
"3300",3300,"Coral/Algae","Back Reef Slope",0,0,NA,NA
"3301",3301,"Rubble","Sheltered Reef Slope",0,0,NA,NA
"3302",3302,"Rubble","Sheltered Reef Slope",0,0,NA,NA
"3303",3303,"Rubble","Sheltered Reef Slope",0,0,NA,NA
"3304",3304,"Rubble","Sheltered Reef Slope",0,0,NA,NA
"3305",3305,"Rubble","Sheltered Reef Slope",0,0,NA,NA
"3306",3306,"Rubble","Sheltered Reef Slope",0,0,NA,NA
"3307",3307,"Rubble","Sheltered Reef Slope",0,0,NA,NA
"3308",3308,"Sand","Back Reef Slope",0,0,NA,NA
"3309",3309,"Sand","Back Reef Slope",0,0,NA,NA
"3310",3310,"Sand","Back Reef Slope",0,0,NA,NA
"3311",3311,"Sand","Back Reef Slope",0,0,NA,NA
"3312",3312,"Sand","Back Reef Slope",0,0,NA,NA
"3313",3313,"Rock","Back Reef Slope",34.8329358542671,0,"Rock",NA
"3314",3314,"Rock","Back Reef Slope",34.8329358542671,0,"Rock",NA
"3315",3315,"Rock","Back Reef Slope",0,0,NA,NA
"3316",3316,"Rock","Back Reef Slope",0,0,NA,NA
"3317",3317,"Rock","Back Reef Slope",0,0,NA,NA
"3318",3318,"Rock","Back Reef Slope",0,0,NA,NA
"3319",3319,"Rock","Back Reef Slope",0,0,NA,NA
"3320",3320,"Rock","Back Reef Slope",0,0,NA,NA
"3321",3321,"Coral/Algae","Reef Crest",0,0,NA,NA
"3322",3322,"Coral/Algae","Reef Crest",0,0,NA,NA
"3323",3323,"Coral/Algae","Reef Crest",0,0,NA,NA
"3324",3324,"Coral/Algae","Reef Crest",0,0,NA,NA
"3325",3325,"Coral/Algae","Reef Crest",0,0,NA,NA
"3326",3326,"Coral/Algae","Reef Crest",0,0,NA,NA
"3327",3327,"Coral/Algae","Reef Crest",0,0,NA,NA
"3328",3328,"Coral/Algae","Back Reef Slope",0,0,NA,NA
"3329",3329,"Coral/Algae","Back Reef Slope",0,0,NA,NA
"3330",3330,"Coral/Algae","Back Reef Slope",0,0,NA,NA
"3331",3331,"Coral/Algae","Back Reef Slope",0,0,NA,NA
"3332",3332,"Rubble","Sheltered Reef Slope",0,0,NA,NA
"3333",3333,"Rubble","Sheltered Reef Slope",0,0,NA,NA
"3334",3334,"Rubble","Sheltered Reef Slope",0,0,NA,NA
"3335",3335,"Rubble","Sheltered Reef Slope",0,0,NA,NA
"3336",3336,"Rubble","Sheltered Reef Slope",0,0,NA,NA
"3337",3337,"Rubble","Sheltered Reef Slope",0,0,NA,NA
"3338",3338,"Rubble","Sheltered Reef Slope",0,0,NA,NA
"3339",3339,"Coral/Algae","Inner Reef Flat",0,0,NA,NA
"3340",3340,"Coral/Algae","Inner Reef Flat",0,0,NA,NA
"3341",3341,"Coral/Algae","Inner Reef Flat",0,0,NA,NA
"3342",3342,"Coral/Algae","Inner Reef Flat",0,0,NA,NA
"3343",3343,"Coral/Algae","Inner Reef Flat",0,0,NA,NA
"3344",3344,"Coral/Algae","Inner Reef Flat",0,0,NA,NA
"3345",3345,NA,NA,161.160561815572,159.321769979376,NA,NA
"3346",3346,"Coral/Algae","Reef Slope",0,0,NA,NA
"3347",3347,"Coral/Algae","Reef Slope",0,0,NA,NA
"3348",3348,"Coral/Algae","Reef Slope",54.196981725788,54.196981725788,"Coral/Algae","Reef Slope"
"3349",3349,"Coral/Algae","Outer Reef Flat",0,0,NA,NA
"3350",3350,"Sand","Sheltered Reef Slope",0,0,NA,NA
"3351",3351,"Rock","Reef Slope",0,0,NA,NA
"3352",3352,"Sand","Sheltered Reef Slope",0,0,NA,NA
"3353",3353,"Rubble","Reef Slope",0,0,NA,NA
"3354",3354,"Sand","Reef Slope",0,0,NA,NA
"3355",3355,"Rock","Reef Slope",0,0,NA,NA
"3356",3356,NA,"Deep",160.942824945879,83.2156071471614,NA,"Deep"
"3357",3357,"Sand","Reef Slope",0,0,NA,NA
"3358",3358,"Sand","Back Reef Slope",38.5113850982445,0,"Sand",NA
"3359",3359,"Sand","Sheltered Reef Slope",0,0,NA,NA
"3360",3360,"Rock","Reef Slope",49.8888286305566,0,"Rock",NA
"3361",3361,"Coral/Algae","Outer Reef Flat",0,0,NA,NA
"3362",3362,"Coral/Algae","Outer Reef Flat",0,0,NA,NA
"3363",3363,"Sand","Back Reef Slope",0,0,NA,NA
"3364",3364,"Sand","Back Reef Slope",0,0,NA,NA
"3365",3365,"Coral/Algae","Reef Crest",0,0,NA,NA
"3366",3366,"Coral/Algae","Outer Reef Flat",0,0,NA,NA
"3367",3367,"Coral/Algae","Outer Reef Flat",0,0,NA,NA
"3368",3368,"Coral/Algae","Outer Reef Flat",0,0,NA,NA
"3369",3369,"Rock","Outer Reef Flat",0,0,NA,NA
"3370",3370,"Rock","Outer Reef Flat",0,0,NA,NA
"3371",3371,"Sand","Outer Reef Flat",0,0,NA,NA
"3372",3372,"Sand","Outer Reef Flat",0,0,NA,NA
"3373",3373,"Sand","Outer Reef Flat",0,0,NA,NA
"3374",3374,"Sand","Outer Reef Flat",0,0,NA,NA
"3375",3375,"Coral/Algae","Outer Reef Flat",0,0,NA,NA
"3376",3376,"Sand","Outer Reef Flat",0,0,NA,NA
"3377",3377,"Coral/Algae","Outer Reef Flat",0,0,NA,NA
"3378",3378,"Coral/Algae","Sheltered Reef Slope",0,0,NA,NA
"3379",3379,"Coral/Algae","Sheltered Reef Slope",0,0,NA,NA
"3380",3380,"Coral/Algae","Outer Reef Flat",0,0,NA,NA
"3381",3381,"Coral/Algae","Outer Reef Flat",0,0,NA,NA
"3382",3382,"Coral/Algae","Outer Reef Flat",0,0,NA,NA
"3383",3383,"Sand","Outer Reef Flat",0,0,NA,NA
"3384",3384,"Sand","Outer Reef Flat",0,0,NA,NA
"3385",3385,"Rock","Sheltered Reef Slope",0,0,NA,NA
"3386",3386,"Rock","Sheltered Reef Slope",0,0,NA,NA
"3387",3387,"Rock","Sheltered Reef Slope",0,0,NA,NA
"3388",3388,"Rock","Sheltered Reef Slope",0,0,NA,NA
"3389",3389,"Rock","Sheltered Reef Slope",0,0,NA,NA
"3390",3390,"Rock","Back Reef Slope",0,0,NA,NA
"3391",3391,"Rock","Back Reef Slope",0,0,NA,NA
"3392",3392,"Rock","Back Reef Slope",0,0,NA,NA
"3393",3393,"Rock","Outer Reef Flat",0,0,NA,NA
"3394",3394,"Rock","Outer Reef Flat",0,0,NA,NA
"3395",3395,"Rock","Outer Reef Flat",0,0,NA,NA
"3396",3396,"Rock","Outer Reef Flat",0,0,NA,NA
"3397",3397,"Coral/Algae","Outer Reef Flat",0,0,NA,NA
"3398",3398,"Coral/Algae","Outer Reef Flat",0,0,NA,NA
"3399",3399,"Coral/Algae","Outer Reef Flat",0,0,NA,NA
"3400",3400,"Coral/Algae","Outer Reef Flat",0,0,NA,NA
"3401",3401,"Coral/Algae","Outer Reef Flat",0,0,NA,NA
"3402",3402,"Coral/Algae","Outer Reef Flat",0,0,NA,NA
"3403",3403,"Coral/Algae","Outer Reef Flat",0,0,NA,NA
"3404",3404,"Rock","Outer Reef Flat",0,0,NA,NA
"3405",3405,"Rock","Outer Reef Flat",0,0,NA,NA
"3406",3406,"Rock","Outer Reef Flat",0,0,NA,NA
"3407",3407,"Rock","Outer Reef Flat",0,0,NA,NA
"3408",3408,"Coral/Algae","Outer Reef Flat",34.5400189455359,0,"Coral/Algae",NA
"3409",3409,"Coral/Algae","Outer Reef Flat",34.5400189455359,0,"Coral/Algae",NA
"3410",3410,"Sand","Outer Reef Flat",0,0,NA,NA
"3411",3411,"Sand","Outer Reef Flat",0,0,NA,NA
"3412",3412,"Sand","Outer Reef Flat",0,0,NA,NA
"3413",3413,"Coral/Algae","Reef Crest",0,0,NA,NA
"3414",3414,"Coral/Algae","Back Reef Slope",0,0,NA,NA
"3415",3415,"Coral/Algae","Back Reef Slope",0,0,NA,NA
"3416",3416,"Coral/Algae","Back Reef Slope",0,0,NA,NA
"3417",3417,"Rubble","Outer Reef Flat",0,0,NA,NA
"3418",3418,"Rubble","Outer Reef Flat",0,0,NA,NA
"3419",3419,"Rubble","Outer Reef Flat",0,0,NA,NA
"3420",3420,"Rubble","Outer Reef Flat",0,0,NA,NA
"3421",3421,"Rock","Sheltered Reef Slope",37.3556269245092,37.3556269245092,"Rock","Sheltered Reef Slope"
"3422",3422,"Rock","Sheltered Reef Slope",37.3556269245092,37.3556269245092,"Rock","Sheltered Reef Slope"
"3423",3423,"Coral/Algae","Outer Reef Flat",45.1273974206927,45.1273974206927,"Coral/Algae","Outer Reef Flat"
"3424",3424,"Coral/Algae","Sheltered Reef Slope",38.6563864277895,0,"Coral/Algae",NA
"3425",3425,"Rubble","Deep Lagoon",0,0,NA,NA
"3426",3426,"Rubble","Deep Lagoon",0,0,NA,NA
"3427",3427,NA,NA,158.783328038054,151.071441337817,NA,NA
"3428",3428,NA,NA,104.440319801577,104.440319801577,NA,NA
"3429",3429,NA,NA,104.440319801577,104.440319801577,NA,NA
"3430",3430,"Coral/Algae","Reef Slope",91.3989268299635,49.3966564031942,"Coral/Algae","Reef Slope"
"3431",3431,"Rock","Outer Reef Flat",0,0,NA,NA
"3432",3432,"Rock","Deep",77.9262241152967,45.0838445634612,"Rock","Deep"
"3433",3433,"Rock","Reef Slope",47.600250165064,47.600250165064,"Rock","Reef Slope"
"3434",3434,"Rock","Reef Slope",0,0,NA,NA
"3435",3435,"Rock","Reef Slope",31.0371603406104,0,"Rock",NA
"3436",3436,"Coral/Algae","Back Reef Slope",60.4626348089082,0,"Coral/Algae",NA
"3437",3437,NA,"Reef Slope",135.396469826434,44.4688694772826,NA,"Reef Slope"
"3438",3438,"Rock","Sheltered Reef Slope",43.4441471446945,0,"Rock",NA
"3439",3439,"Rock","Outer Reef Flat",71.755890787514,38.3395682174459,"Rock","Outer Reef Flat"
"3440",3440,"Rock","Outer Reef Flat",71.755890787514,38.3395682174459,"Rock","Outer Reef Flat"
"3441",3441,"Rock","Outer Reef Flat",71.755890787514,38.3395682174459,"Rock","Outer Reef Flat"
"3442",3442,"Rock","Outer Reef Flat",0,0,NA,NA
"3443",3443,"Rock","Reef Slope",99.8283687533939,50.3366322095548,"Rock","Reef Slope"
"3444",3444,"Rock","Outer Reef Flat",0,0,NA,NA
"3445",3445,"Coral/Algae","Back Reef Slope",0,0,NA,NA
"3446",3446,"Coral/Algae","Back Reef Slope",0,0,NA,NA
"3447",3447,"Coral/Algae","Back Reef Slope",0,0,NA,NA
"3448",3448,"Coral/Algae","Back Reef Slope",0,0,NA,NA
"3449",3449,"Coral/Algae","Back Reef Slope",0,0,NA,NA
"3450",3450,"Coral/Algae","Back Reef Slope",0,0,NA,NA
"3451",3451,"Rock","Back Reef Slope",0,0,NA,NA
"3452",3452,"Rock","Back Reef Slope",0,0,NA,NA
"3453",3453,"Rock","Back Reef Slope",0,0,NA,NA
"3454",3454,"Rock","Back Reef Slope",0,0,NA,NA
"3455",3455,"Rock","Back Reef Slope",0,0,NA,NA
"3456",3456,"Rock","Back Reef Slope",0,0,NA,NA
"3457",3457,"Rock","Reef Slope",0,0,NA,NA
"3458",3458,"Coral/Algae","Reef Slope",43.0005304832656,0,"Coral/Algae",NA
"3459",3459,"Rock","Reef Slope",51.1810426170256,0,"Rock",NA
"3460",3460,"Rock","Reef Slope",51.1810426170256,0,"Rock",NA
"3461",3461,"Rock","Outer Reef Flat",0,0,NA,NA
"3462",3462,"Rock","Reef Slope",60.6716653063655,0,"Rock",NA
"3463",3463,"Coral/Algae","Back Reef Slope",54.6476027042813,0,"Coral/Algae",NA
"3464",3464,"Rock","Back Reef Slope",0,0,NA,NA
"3465",3465,"Coral/Algae","Back Reef Slope",0,0,NA,NA
"3466",3466,"Sand","Deep Lagoon",0,0,NA,NA
"3467",3467,"Sand","Deep Lagoon",0,0,NA,NA
"3468",3468,"Sand","Deep Lagoon",0,0,NA,NA
"3469",3469,"Sand","Deep Lagoon",0,0,NA,NA
"3470",3470,"Rubble","Deep Lagoon",47.3258022800089,0,"Rubble",NA
"3471",3471,"Rubble","Deep Lagoon",47.3258022800089,0,"Rubble",NA
"3472",3472,"Rock","Reef Slope",0,0,NA,NA
"3473",3473,"Rock","Reef Slope",0,0,NA,NA
"3474",3474,"Rock","Reef Slope",0,0,NA,NA
"3475",3475,"Rock","Reef Slope",0,0,NA,NA
"3476",3476,"Rock","Reef Slope",0,0,NA,NA
"3477",3477,"Rock","Reef Slope",0,0,NA,NA
"3478",3478,"Rock","Reef Slope",0,0,NA,NA
"3479",3479,"Rock","Reef Slope",0,0,NA,NA
"3480",3480,"Rock","Reef Slope",48.5518779674398,0,"Rock",NA
"3481",3481,"Rock","Reef Slope",48.5518779674398,0,"Rock",NA
"3482",3482,"Rock","Reef Slope",50.5276492550367,0,"Rock",NA
"3483",3483,"Rock","Reef Slope",50.5276492550367,0,"Rock",NA
"3484",3484,"Rock","Reef Slope",50.5276492550367,0,"Rock",NA
"3485",3485,"Rock","Reef Slope",50.5276492550367,0,"Rock",NA
"3486",3486,"Rock","Reef Slope",50.5276492550367,0,"Rock",NA
"3487",3487,"Coral/Algae","Reef Slope",0,0,NA,NA
"3488",3488,"Coral/Algae","Reef Slope",0,0,NA,NA
"3489",3489,"Coral/Algae","Reef Slope",0,0,NA,NA
"3490",3490,NA,"Back Reef Slope",282.068556920691,33.3844854329513,NA,"Back Reef Slope"
"3491",3491,NA,"Back Reef Slope",282.068556920691,33.3844854329513,NA,"Back Reef Slope"
"3492",3492,"Rock","Deep Lagoon",61.3743058835859,0,"Rock",NA
"3493",3493,"Rock","Deep Lagoon",61.3743058835859,0,"Rock",NA
"3494",3494,"Rock","Reef Slope",48.682235018966,0,"Rock",NA
"3495",3495,"Rock","Reef Slope",48.682235018966,0,"Rock",NA
"3496",3496,"Rock","Reef Slope",48.682235018966,0,"Rock",NA
"3497",3497,"Rock","Reef Slope",48.682235018966,0,"Rock",NA
"3498",3498,"Rock","Reef Slope",48.682235018966,0,"Rock",NA
"3499",3499,"Rubble","Back Reef Slope",0,0,NA,NA
"3500",3500,"Rubble","Back Reef Slope",0,0,NA,NA
"3501",3501,"Rubble","Back Reef Slope",0,0,NA,NA
"3502",3502,"Rubble","Back Reef Slope",0,0,NA,NA
"3503",3503,"Rubble","Back Reef Slope",0,0,NA,NA
"3504",3504,"Rubble","Back Reef Slope",0,0,NA,NA
"3505",3505,"Rock","Reef Crest",0,0,NA,NA
"3506",3506,"Rock","Reef Crest",0,0,NA,NA
"3507",3507,"Rock","Reef Crest",0,0,NA,NA
"3508",3508,"Rock","Reef Crest",0,0,NA,NA
"3509",3509,"Rock","Reef Crest",0,0,NA,NA
"3510",3510,"Rock","Reef Crest",0,0,NA,NA
"3511",3511,"Rubble","Deep Lagoon",75.2565862568739,0,"Rubble",NA
"3512",3512,"Rubble","Deep Lagoon",75.2565862568739,0,"Rubble",NA
"3513",3513,"Rubble","Deep Lagoon",75.2565862568739,0,"Rubble",NA
"3514",3514,"Rubble","Deep Lagoon",75.2565862568739,0,"Rubble",NA
"3515",3515,"Rubble","Deep Lagoon",75.2565862568739,0,"Rubble",NA
"3516",3516,NA,NA,31361.4925972196,31329.9209876496,NA,NA
"3517",3517,NA,NA,32324.8052241082,32293.5760711921,NA,NA
"3518",3518,NA,NA,32324.8052241082,32293.5760711921,NA,NA
"3519",3519,NA,NA,32324.8052241082,32293.5760711921,NA,NA
"3520",3520,NA,NA,32324.8052241082,32293.5760711921,NA,NA
"3521",3521,NA,NA,33110.7259189475,33083.1079756339,NA,NA
"3522",3522,NA,NA,33110.7259189475,33083.1079756339,NA,NA
"3523",3523,NA,NA,32661.1512854663,32633.719013273,NA,NA
"3524",3524,NA,NA,32719.5300166031,32688.732834412,NA,NA
"3525",3525,NA,NA,32719.5300166031,32688.732834412,NA,NA
"3526",3526,NA,NA,31172.8673383913,31140.9091201632,NA,NA
"3527",3527,NA,NA,31172.8673383913,31140.9091201632,NA,NA
"3528",3528,NA,NA,31172.8673383913,31140.9091201632,NA,NA
"3529",3529,NA,NA,31172.8673383913,31140.9091201632,NA,NA
"3530",3530,NA,NA,31172.8673383913,31140.9091201632,NA,NA
"3531",3531,NA,NA,31498.0268240385,31466.5067083356,NA,NA
"3532",3532,NA,NA,31498.0268240385,31466.5067083356,NA,NA
"3533",3533,NA,NA,31498.0268240385,31466.5067083356,NA,NA
"3534",3534,NA,NA,31498.0268240385,31466.5067083356,NA,NA
"3535",3535,NA,NA,31498.0268240385,31466.5067083356,NA,NA
"3536",3536,NA,NA,31899.2613716809,31867.8850555617,NA,NA
"3537",3537,NA,NA,31899.2613716809,31867.8850555617,NA,NA
"3538",3538,NA,NA,31899.2613716809,31867.8850555617,NA,NA
"3539",3539,NA,NA,31899.2613716809,31867.8850555617,NA,NA
"3540",3540,NA,NA,31899.2613716809,31867.8850555617,NA,NA
"3541",3541,NA,NA,33065.0400009427,33034.2906724291,NA,NA
"3542",3542,NA,NA,33065.0400009427,33034.2906724291,NA,NA
"3543",3543,NA,NA,33395.1250439149,33364.0823455774,NA,NA
"3544",3544,NA,NA,33468.498947645,33437.9880610963,NA,NA
"3545",3545,NA,NA,33102.5033548161,33073.1368816164,NA,NA
"3546",3546,NA,NA,33200.7562964572,33171.9283985527,NA,NA
"3547",3547,NA,NA,33311.5612189332,33283.3104099079,NA,NA
"3548",3548,NA,NA,33311.5612189332,33283.3104099079,NA,NA
"3549",3549,NA,NA,31452.5661539314,31420.9849756303,NA,NA
"3550",3550,NA,NA,31452.5661539314,31420.9849756303,NA,NA
"3551",3551,NA,NA,31452.5661539314,31420.9849756303,NA,NA
"3552",3552,NA,NA,31452.5661539314,31420.9849756303,NA,NA
"3553",3553,NA,NA,31452.5661539314,31420.9849756303,NA,NA
"3554",3554,"Coral/Algae","Reef Slope",0,0,NA,NA
"3555",3555,"Coral/Algae","Reef Slope",57.2508038590423,0,"Coral/Algae",NA
"3556",3556,NA,"Back Reef Slope",123.107204448024,0,NA,NA
"3557",3557,"Coral/Algae","Reef Slope",92.388224022698,44.515989399606,"Coral/Algae","Reef Slope"
"3558",3558,"Coral/Algae","Back Reef Slope",0,0,NA,NA
"3559",3559,"Coral/Algae","Back Reef Slope",0,0,NA,NA
"3560",3560,"Coral/Algae","Reef Slope",0,0,NA,NA
"3561",3561,"Rock","Reef Slope",45.3580585194208,0,"Rock",NA
"3562",3562,"Rock","Reef Slope",0,0,NA,NA
"3563",3563,"Coral/Algae","Reef Slope",0,0,NA,NA
"3564",3564,"Coral/Algae","Reef Slope",0,0,NA,NA
"3565",3565,NA,NA,147.230633421154,122.9947191004,NA,NA
"3566",3566,"Sand","Sheltered Reef Slope",0,0,NA,NA
"3567",3567,"Sand","Sheltered Reef Slope",0,0,NA,NA
"3568",3568,"Sand","Sheltered Reef Slope",0,0,NA,NA
"3569",3569,"Sand","Sheltered Reef Slope",0,0,NA,NA
"3570",3570,"Rubble","Sheltered Reef Slope",0,0,NA,NA
"3571",3571,"Rubble","Sheltered Reef Slope",0,0,NA,NA
"3572",3572,"Rubble","Sheltered Reef Slope",0,0,NA,NA
"3573",3573,"Rock","Sheltered Reef Slope",0,0,NA,NA
"3574",3574,"Rock","Sheltered Reef Slope",0,0,NA,NA
"3575",3575,"Rock","Sheltered Reef Slope",0,0,NA,NA
"3576",3576,"Rock","Sheltered Reef Slope",0,0,NA,NA
"3577",3577,"Rock","Sheltered Reef Slope",0,0,NA,NA
"3578",3578,"Rock","Sheltered Reef Slope",0,0,NA,NA
"3579",3579,"Rock","Sheltered Reef Slope",0,0,NA,NA
"3580",3580,"Rock","Sheltered Reef Slope",0,0,NA,NA
"3581",3581,"Rock","Sheltered Reef Slope",0,0,NA,NA
"3582",3582,"Rock","Sheltered Reef Slope",0,0,NA,NA
"3583",3583,"Rock","Sheltered Reef Slope",0,0,NA,NA
"3584",3584,"Rock","Sheltered Reef Slope",0,0,NA,NA
"3585",3585,"Rock","Back Reef Slope",0,0,NA,NA
"3586",3586,"Rock","Back Reef Slope",0,0,NA,NA
"3587",3587,"Rock","Back Reef Slope",0,0,NA,NA
"3588",3588,"Sand","Deep Lagoon",0,0,NA,NA
"3589",3589,"Rubble","Sheltered Reef Slope",0,0,NA,NA
"3590",3590,"Rubble","Sheltered Reef Slope",0,0,NA,NA
"3591",3591,"Rubble","Sheltered Reef Slope",0,0,NA,NA
"3592",3592,"Rock","Sheltered Reef Slope",0,0,NA,NA
"3593",3593,"Rock","Back Reef Slope",0,0,NA,NA
"3594",3594,"Coral/Algae","Back Reef Slope",57.6740349617342,0,"Coral/Algae",NA
"3595",3595,NA,"Plateau",101.152526097316,63.0781121163283,NA,"Plateau"
"3596",3596,"Rubble","Back Reef Slope",0,0,NA,NA
"3597",3597,"Rubble","Back Reef Slope",0,0,NA,NA
"3598",3598,NA,"Back Reef Slope",128.002742517541,0,NA,NA
"3599",3599,NA,"Back Reef Slope",128.002742517541,0,NA,NA
"3600",3600,"Rubble","Back Reef Slope",0,0,NA,NA
"3601",3601,"Coral/Algae","Back Reef Slope",51.4053312093701,33.400918733285,"Coral/Algae","Back Reef Slope"
"3602",3602,"Rubble","Back Reef Slope",0,0,NA,NA
"3603",3603,"Rubble","Back Reef Slope",0,0,NA,NA
"3604",3604,"Rubble","Back Reef Slope",0,0,NA,NA
"3605",3605,"Rock","Reef Slope",0,0,NA,NA
"3606",3606,"Rock","Reef Slope",0,0,NA,NA
"3607",3607,"Rock","Reef Slope",0,0,NA,NA
"3608",3608,"Rock","Reef Slope",0,0,NA,NA
"3609",3609,"Rock","Reef Slope",42.3756185669683,42.3756185669683,"Rock","Reef Slope"
"3610",3610,"Rock","Reef Slope",46.5053781882166,46.5053781882166,"Rock","Reef Slope"
"3611",3611,"Rock","Reef Slope",79.6692142494932,43.7570413452253,"Rock","Reef Slope"
"3612",3612,"Rock","Reef Slope",79.6692142494932,43.7570413452253,"Rock","Reef Slope"
"3613",3613,"Rock","Reef Slope",35.1764194250397,0,"Rock",NA
"3614",3614,"Rock","Reef Slope",35.1764194250397,0,"Rock",NA
"3615",3615,"Rock","Reef Slope",0,0,NA,NA
"3616",3616,"Rock","Reef Slope",0,0,NA,NA
"3617",3617,"Rock","Reef Slope",0,0,NA,NA
"3618",3618,"Rock","Outer Reef Flat",0,0,NA,NA
"3619",3619,"Rock","Outer Reef Flat",0,0,NA,NA
"3620",3620,"Rock","Outer Reef Flat",0,0,NA,NA
"3621",3621,"Sand","Sheltered Reef Slope",26.3008686318823,0,"Sand",NA
"3622",3622,"Sand","Sheltered Reef Slope",26.3008686318823,0,"Sand",NA
"3623",3623,"Sand","Sheltered Reef Slope",26.3008686318823,0,"Sand",NA
"3624",3624,"Rock","Reef Crest",0,0,NA,NA
"3625",3625,"Rock","Reef Crest",0,0,NA,NA
"3626",3626,"Rock","Reef Crest",0,0,NA,NA
"3627",3627,"Rock","Reef Crest",0,0,NA,NA
"3628",3628,"Rock","Reef Crest",0,0,NA,NA
"3629",3629,"Rock","Reef Crest",0,0,NA,NA
"3630",3630,"Rock","Reef Crest",0,0,NA,NA
"3631",3631,"Rock","Reef Crest",0,0,NA,NA
"3632",3632,"Rock","Reef Crest",0,0,NA,NA
"3633",3633,"Rock","Reef Crest",0,0,NA,NA
"3634",3634,"Rock","Reef Crest",0,0,NA,NA
"3635",3635,"Rock","Reef Crest",0,0,NA,NA
"3636",3636,"Rock","Reef Crest",0,0,NA,NA
"3637",3637,"Sand","Deep Lagoon",0,0,NA,NA
"3638",3638,"Sand","Deep Lagoon",0,0,NA,NA
"3639",3639,"Sand","Deep Lagoon",0,0,NA,NA
"3640",3640,"Sand","Deep Lagoon",0,0,NA,NA
"3641",3641,"Sand","Deep Lagoon",0,0,NA,NA
"3642",3642,"Sand","Deep Lagoon",0,0,NA,NA
"3643",3643,"Sand","Deep Lagoon",0,0,NA,NA
"3644",3644,"Rock","Reef Crest",0,0,NA,NA
"3645",3645,"Rock","Reef Crest",0,0,NA,NA
"3646",3646,"Rock","Reef Crest",0,0,NA,NA
"3647",3647,"Rock","Reef Crest",0,0,NA,NA
"3648",3648,"Rock","Reef Crest",0,0,NA,NA
"3649",3649,"Rock","Reef Crest",0,0,NA,NA
"3650",3650,"Rock","Reef Crest",0,0,NA,NA
"3651",3651,"Rock","Reef Crest",0,0,NA,NA
"3652",3652,"Rock","Reef Crest",0,0,NA,NA
"3653",3653,"Rock","Reef Crest",0,0,NA,NA
"3654",3654,"Coral/Algae","Inner Reef Flat",0,0,NA,NA
"3655",3655,"Coral/Algae","Inner Reef Flat",0,0,NA,NA
"3656",3656,"Coral/Algae","Inner Reef Flat",0,0,NA,NA
"3657",3657,"Coral/Algae","Inner Reef Flat",0,0,NA,NA
"3658",3658,"Coral/Algae","Inner Reef Flat",0,0,NA,NA
"3659",3659,"Rubble","Inner Reef Flat",0,0,NA,NA
"3660",3660,"Rubble","Inner Reef Flat",0,0,NA,NA
"3661",3661,"Rubble","Inner Reef Flat",0,0,NA,NA
"3662",3662,"Rubble","Inner Reef Flat",0,0,NA,NA
"3663",3663,"Rubble","Inner Reef Flat",0,0,NA,NA
"3664",3664,"Sand","Reef Slope",0,0,NA,NA
"3665",3665,"Sand","Reef Slope",0,0,NA,NA
"3666",3666,"Sand","Reef Slope",0,0,NA,NA
"3667",3667,"Sand","Reef Slope",0,0,NA,NA
"3668",3668,"Sand","Back Reef Slope",0,0,NA,NA
"3669",3669,"Sand","Back Reef Slope",0,0,NA,NA
"3670",3670,"Rock","Outer Reef Flat",0,0,NA,NA
"3671",3671,"Rock","Outer Reef Flat",0,0,NA,NA
"3672",3672,"Rock","Outer Reef Flat",0,0,NA,NA
"3673",3673,"Rock","Reef Slope",0,0,NA,NA
"3674",3674,"Rock","Reef Slope",0,0,NA,NA
"3675",3675,"Rock","Reef Slope",0,0,NA,NA
"3676",3676,"Rock","Reef Slope",0,0,NA,NA
"3677",3677,"Rock","Reef Slope",0,0,NA,NA
"3678",3678,"Rock","Reef Slope",0,0,NA,NA
"3679",3679,"Rock","Reef Slope",0,0,NA,NA
"3680",3680,"Rock","Reef Crest",0,0,NA,NA
"3681",3681,"Rock","Reef Crest",0,0,NA,NA
"3682",3682,"Rock","Reef Crest",0,0,NA,NA
"3683",3683,"Rock","Reef Crest",0,0,NA,NA
"3684",3684,"Rock","Reef Crest",0,0,NA,NA
"3685",3685,"Rock","Reef Crest",0,0,NA,NA
"3686",3686,"Rock","Reef Crest",0,0,NA,NA
"3687",3687,"Rock","Reef Crest",0,0,NA,NA
"3688",3688,"Rock","Reef Crest",0,0,NA,NA
"3689",3689,"Rock","Reef Crest",0,0,NA,NA
"3690",3690,"Rock","Reef Crest",0,0,NA,NA
"3691",3691,"Rock","Reef Crest",0,0,NA,NA
"3692",3692,"Rock","Reef Crest",0,0,NA,NA
"3693",3693,"Rock","Reef Crest",0,0,NA,NA
"3694",3694,"Rock","Reef Crest",0,0,NA,NA
"3695",3695,"Rock","Reef Crest",0,0,NA,NA
"3696",3696,"Rock","Reef Crest",0,0,NA,NA
"3697",3697,"Rock","Reef Crest",0,0,NA,NA
"3698",3698,"Rock","Reef Crest",0,0,NA,NA
"3699",3699,"Rock","Reef Crest",0,0,NA,NA
"3700",3700,"Rock","Reef Crest",0,0,NA,NA
"3701",3701,"Rock","Reef Crest",0,0,NA,NA
"3702",3702,"Rock","Reef Crest",0,0,NA,NA
"3703",3703,"Rock","Reef Crest",0,0,NA,NA
"3704",3704,"Rock","Reef Crest",0,0,NA,NA
"3705",3705,"Rock","Reef Crest",0,0,NA,NA
"3706",3706,"Rock","Reef Crest",0,0,NA,NA
"3707",3707,"Rock","Reef Crest",0,0,NA,NA
"3708",3708,"Rock","Reef Crest",0,0,NA,NA
"3709",3709,"Rock","Reef Crest",0,0,NA,NA
"3710",3710,"Rock","Reef Crest",0,0,NA,NA
"3711",3711,"Rock","Reef Crest",0,0,NA,NA
"3712",3712,"Rock","Reef Crest",0,0,NA,NA
"3713",3713,"Rock","Reef Crest",0,0,NA,NA
"3714",3714,"Rock","Reef Crest",0,0,NA,NA
"3715",3715,"Rock","Reef Crest",0,0,NA,NA
"3716",3716,"Rock","Reef Crest",0,0,NA,NA
"3717",3717,"Rock","Reef Crest",0,0,NA,NA
"3718",3718,"Rock","Reef Crest",0,0,NA,NA
"3719",3719,"Rock","Reef Crest",0,0,NA,NA
"3720",3720,"Rock","Reef Crest",0,0,NA,NA
"3721",3721,"Rock","Reef Crest",0,0,NA,NA
"3722",3722,"Rock","Reef Crest",0,0,NA,NA
"3723",3723,"Rock","Reef Crest",0,0,NA,NA
"3724",3724,"Rock","Reef Crest",0,0,NA,NA
"3725",3725,"Rock","Reef Crest",0,0,NA,NA
"3726",3726,"Rock","Reef Crest",0,0,NA,NA
"3727",3727,"Rock","Reef Crest",0,0,NA,NA
"3728",3728,"Rock","Reef Crest",0,0,NA,NA
"3729",3729,"Rock","Reef Crest",0,0,NA,NA
"3730",3730,"Rock","Reef Crest",0,0,NA,NA
"3731",3731,"Rock","Reef Crest",0,0,NA,NA
"3732",3732,"Rock","Reef Crest",0,0,NA,NA
"3733",3733,"Rock","Reef Crest",0,0,NA,NA
"3734",3734,"Coral/Algae","Reef Crest",0,0,NA,NA
"3735",3735,"Coral/Algae","Reef Crest",0,0,NA,NA
"3736",3736,"Coral/Algae","Reef Crest",0,0,NA,NA
"3737",3737,"Coral/Algae","Reef Crest",0,0,NA,NA
"3738",3738,"Coral/Algae","Reef Crest",0,0,NA,NA
"3739",3739,"Coral/Algae","Reef Crest",0,0,NA,NA
"3740",3740,"Coral/Algae","Reef Crest",0,0,NA,NA
"3741",3741,"Coral/Algae","Reef Crest",0,0,NA,NA
"3742",3742,"Coral/Algae","Reef Crest",0,0,NA,NA
"3743",3743,"Coral/Algae","Reef Crest",0,0,NA,NA
"3744",3744,"Coral/Algae","Reef Crest",0,0,NA,NA
"3745",3745,"Coral/Algae","Reef Crest",0,0,NA,NA
"3746",3746,"Coral/Algae","Reef Crest",0,0,NA,NA
"3747",3747,"Coral/Algae","Reef Crest",0,0,NA,NA
"3748",3748,"Coral/Algae","Reef Crest",0,0,NA,NA
"3749",3749,"Coral/Algae","Reef Crest",0,0,NA,NA
"3750",3750,"Coral/Algae","Reef Crest",0,0,NA,NA
"3751",3751,"Rock","Reef Crest",0,0,NA,NA
"3752",3752,"Rock","Reef Crest",0,0,NA,NA
"3753",3753,"Rock","Reef Crest",0,0,NA,NA
"3754",3754,"Rock","Reef Crest",0,0,NA,NA
"3755",3755,"Coral/Algae","Outer Reef Flat",0,0,NA,NA
"3756",3756,"Coral/Algae","Outer Reef Flat",0,0,NA,NA
"3757",3757,"Coral/Algae","Outer Reef Flat",0,0,NA,NA
"3758",3758,"Coral/Algae","Outer Reef Flat",0,0,NA,NA
"3759",3759,"Coral/Algae","Outer Reef Flat",0,0,NA,NA
"3760",3760,"Coral/Algae","Reef Crest",0,0,NA,NA
"3761",3761,"Coral/Algae","Reef Crest",0,0,NA,NA
"3762",3762,"Coral/Algae","Reef Crest",0,0,NA,NA
"3763",3763,"Coral/Algae","Reef Crest",0,0,NA,NA
"3764",3764,"Coral/Algae","Reef Crest",0,0,NA,NA
"3765",3765,"Coral/Algae","Reef Crest",0,0,NA,NA
"3766",3766,"Rock","Reef Crest",0,0,NA,NA
"3767",3767,"Rock","Reef Crest",0,0,NA,NA
"3768",3768,"Rock","Reef Crest",0,0,NA,NA
"3769",3769,"Rock","Reef Crest",0,0,NA,NA
"3770",3770,"Rock","Reef Crest",0,0,NA,NA
"3771",3771,"Sand","Outer Reef Flat",0,0,NA,NA
"3772",3772,"Sand","Outer Reef Flat",0,0,NA,NA
"3773",3773,"Sand","Outer Reef Flat",0,0,NA,NA
"3774",3774,"Sand","Outer Reef Flat",0,0,NA,NA
"3775",3775,"Sand","Outer Reef Flat",0,0,NA,NA
"3776",3776,"Sand","Outer Reef Flat",0,0,NA,NA
"3777",3777,"Rock","Reef Crest",0,0,NA,NA
"3778",3778,"Rock","Reef Crest",0,0,NA,NA
"3779",3779,"Rock","Reef Crest",0,0,NA,NA
"3780",3780,"Rock","Reef Crest",0,0,NA,NA
"3781",3781,"Rock","Reef Crest",0,0,NA,NA
"3782",3782,"Rock","Reef Crest",0,0,NA,NA
"3783",3783,"Coral/Algae","Reef Crest",0,0,NA,NA
"3784",3784,"Coral/Algae","Reef Crest",0,0,NA,NA
"3785",3785,"Coral/Algae","Reef Crest",0,0,NA,NA
"3786",3786,"Coral/Algae","Reef Crest",0,0,NA,NA
"3787",3787,"Coral/Algae","Reef Crest",0,0,NA,NA
"3788",3788,"Rock","Reef Crest",0,0,NA,NA
"3789",3789,"Rock","Reef Crest",0,0,NA,NA
"3790",3790,"Rock","Reef Crest",0,0,NA,NA
"3791",3791,"Rock","Reef Crest",0,0,NA,NA
"3792",3792,"Rock","Reef Crest",0,0,NA,NA
"3793",3793,"Rock","Reef Slope",0,0,NA,NA
"3794",3794,"Rock","Reef Slope",0,0,NA,NA
"3795",3795,"Rock","Reef Slope",0,0,NA,NA
"3796",3796,"Rock","Reef Slope",0,0,NA,NA
"3797",3797,"Rock","Reef Slope",0,0,NA,NA
"3798",3798,"Coral/Algae","Reef Crest",0,0,NA,NA
"3799",3799,"Coral/Algae","Reef Crest",0,0,NA,NA
"3800",3800,"Coral/Algae","Reef Crest",0,0,NA,NA
"3801",3801,"Coral/Algae","Reef Crest",0,0,NA,NA
"3802",3802,"Rock","Reef Crest",0,0,NA,NA
"3803",3803,"Rock","Reef Crest",0,0,NA,NA
"3804",3804,"Rock","Reef Crest",0,0,NA,NA
"3805",3805,"Rock","Reef Crest",0,0,NA,NA
"3806",3806,"Rubble","Reef Crest",0,0,NA,NA
"3807",3807,"Rubble","Reef Crest",0,0,NA,NA
"3808",3808,"Rubble","Reef Crest",0,0,NA,NA
"3809",3809,"Rubble","Reef Crest",0,0,NA,NA
"3810",3810,"Rubble","Reef Crest",0,0,NA,NA
"3811",3811,"Coral/Algae","Sheltered Reef Slope",0,0,NA,NA
"3812",3812,"Coral/Algae","Sheltered Reef Slope",0,0,NA,NA
"3813",3813,"Coral/Algae","Sheltered Reef Slope",0,0,NA,NA
"3814",3814,"Coral/Algae","Sheltered Reef Slope",0,0,NA,NA
"3815",3815,"Coral/Algae","Reef Crest",0,0,NA,NA
"3816",3816,"Coral/Algae","Reef Crest",0,0,NA,NA
"3817",3817,"Coral/Algae","Reef Crest",0,0,NA,NA
"3818",3818,"Coral/Algae","Back Reef Slope",0,0,NA,NA
"3819",3819,"Coral/Algae","Back Reef Slope",0,0,NA,NA
"3820",3820,"Coral/Algae","Back Reef Slope",0,0,NA,NA
"3821",3821,"Sand","Inner Reef Flat",0,0,NA,NA
"3822",3822,"Sand","Inner Reef Flat",0,0,NA,NA
"3823",3823,"Sand","Inner Reef Flat",0,0,NA,NA
"3824",3824,"Sand","Inner Reef Flat",0,0,NA,NA
"3825",3825,"Sand","Inner Reef Flat",0,0,NA,NA
"3826",3826,"Coral/Algae","Inner Reef Flat",0,0,NA,NA
"3827",3827,"Coral/Algae","Inner Reef Flat",0,0,NA,NA
"3828",3828,"Coral/Algae","Inner Reef Flat",0,0,NA,NA
"3829",3829,"Coral/Algae","Inner Reef Flat",0,0,NA,NA
"3830",3830,"Coral/Algae","Reef Crest",0,0,NA,NA
"3831",3831,"Coral/Algae","Reef Crest",0,0,NA,NA
"3832",3832,"Coral/Algae","Reef Crest",0,0,NA,NA
"3833",3833,"Coral/Algae","Reef Crest",0,0,NA,NA
"3834",3834,"Coral/Algae","Reef Crest",0,0,NA,NA
"3835",3835,"Coral/Algae","Reef Crest",0,0,NA,NA
"3836",3836,"Sand","Back Reef Slope",0,0,NA,NA
"3837",3837,"Sand","Back Reef Slope",0,0,NA,NA
"3838",3838,"Sand","Back Reef Slope",0,0,NA,NA
"3839",3839,"Sand","Back Reef Slope",0,0,NA,NA
"3840",3840,"Sand","Back Reef Slope",0,0,NA,NA
"3841",3841,"Sand","Deep Lagoon",0,0,NA,NA
"3842",3842,"Sand","Deep Lagoon",0,0,NA,NA
"3843",3843,"Sand","Deep Lagoon",0,0,NA,NA
"3844",3844,"Sand","Deep Lagoon",0,0,NA,NA
"3845",3845,"Sand","Deep Lagoon",0,0,NA,NA
"3846",3846,"Sand","Deep Lagoon",0,0,NA,NA
"3847",3847,"Sand","Inner Reef Flat",0,0,NA,NA
"3848",3848,"Sand","Inner Reef Flat",0,0,NA,NA
"3849",3849,"Sand","Inner Reef Flat",0,0,NA,NA
"3850",3850,"Sand","Inner Reef Flat",0,0,NA,NA
"3851",3851,"Sand","Inner Reef Flat",0,0,NA,NA
"3852",3852,"Sand","Inner Reef Flat",0,0,NA,NA
"3853",3853,"Sand","Inner Reef Flat",0,0,NA,NA
"3854",3854,"Coral/Algae","Inner Reef Flat",0,0,NA,NA
"3855",3855,"Coral/Algae","Sheltered Reef Slope",0,0,NA,NA
"3856",3856,NA,NA,38170.6880668895,38082.2235919887,NA,NA
"3857",3857,NA,NA,29830.1476223112,29802.4373849469,NA,NA
"3858",3858,NA,NA,30065.7873137983,30039.1734888804,NA,NA
"3859",3859,NA,NA,31471.6569947299,31445.2593816041,NA,NA
"3860",3860,NA,NA,31471.6569947299,31445.2593816041,NA,NA
"3861",3861,NA,NA,32235.8342993616,32209.187263988,NA,NA
"3862",3862,NA,NA,39750.86373522,39720.0931080276,NA,NA
"3863",3863,NA,NA,40339.4778485847,40309.0579280337,NA,NA
"3864",3864,NA,NA,40960.6678301576,40930.5723230984,NA,NA
"3865",3865,NA,NA,41579.380253787,41549.6876108414,NA,NA
"3866",3866,NA,NA,41440.9145711904,41414.2580689417,NA,NA
"3867",3867,NA,NA,41915.7406680674,41889.1167232887,NA,NA
"3868",3868,NA,NA,42838.4546485322,42815.7867198474,NA,NA
"3869",3869,NA,NA,41136.511926044,41112.6165034667,NA,NA
"3870",3870,NA,NA,35924.4463523223,35899.8381762269,NA,NA
"3871",3871,NA,NA,36609.7181180265,36584.5929432146,NA,NA
"3872",3872,NA,NA,36609.7181180265,36584.5929432146,NA,NA
"3873",3873,NA,NA,36609.7181180265,36584.5929432146,NA,NA
"3874",3874,NA,NA,36609.7181180265,36584.5929432146,NA,NA
"3875",3875,NA,NA,38133.9852348451,38108.6120334157,NA,NA
"3876",3876,NA,NA,42285.5664062624,42262.0199993672,NA,NA
"3877",3877,NA,NA,37455.0161785264,37429.4443781586,NA,NA
"3878",3878,NA,NA,36970.3089973549,36944.8883388512,NA,NA
"3879",3879,NA,NA,36970.3089973549,36944.8883388512,NA,NA
"3880",3880,NA,NA,36293.4685810468,36268.4738116603,NA,NA
"3881",3881,NA,NA,36293.4685810468,36268.4738116603,NA,NA
"3882",3882,NA,NA,35869.3952134266,35844.8807111304,NA,NA
"3883",3883,NA,NA,35869.3952134266,35844.8807111304,NA,NA
"3884",3884,NA,NA,35869.3952134266,35844.8807111304,NA,NA
"3885",3885,NA,NA,35285.2563863942,35260.9213096693,NA,NA
"3886",3886,NA,NA,35285.2563863942,35260.9213096693,NA,NA
"3887",3887,NA,NA,35285.2563863942,35260.9213096693,NA,NA
"3888",3888,NA,NA,41761.3621890058,41737.6899219805,NA,NA
"3889",3889,NA,NA,40602.0619736402,40577.9494032554,NA,NA
"3890",3890,NA,NA,40183.7375637965,40159.3287800784,NA,NA
"3891",3891,NA,NA,38989.7253753471,38964.7484623588,NA,NA
"3892",3892,NA,NA,38599.4020797801,38574.0174220202,NA,NA
"3893",3893,NA,NA,38099.9766505635,38074.5950119447,NA,NA
"3894",3894,NA,NA,34295.2476445085,34270.0920111952,NA,NA
"3895",3895,NA,NA,34756.4173067925,34731.7066696307,NA,NA
"3896",3896,NA,NA,34756.4173067925,34731.7066696307,NA,NA
"3897",3897,NA,NA,34756.4173067925,34731.7066696307,NA,NA
"3898",3898,NA,NA,34756.4173067925,34731.7066696307,NA,NA
"3899",3899,NA,NA,34756.4173067925,34731.7066696307,NA,NA
"3900",3900,NA,NA,30895.6933988308,30870.2302259375,NA,NA
"3901",3901,NA,NA,30895.6933988308,30870.2302259375,NA,NA
"3902",3902,NA,NA,34323.6943188297,34298.8165316013,NA,NA
"3903",3903,NA,NA,34323.6943188297,34298.8165316013,NA,NA
"3904",3904,NA,NA,34323.6943188297,34298.8165316013,NA,NA
"3905",3905,NA,NA,34323.6943188297,34298.8165316013,NA,NA
"3906",3906,NA,NA,34109.6600493134,34084.2948142175,NA,NA
"3907",3907,NA,NA,34109.6600493134,34084.2948142175,NA,NA
"3908",3908,NA,NA,34109.6600493134,34084.2948142175,NA,NA
"3909",3909,NA,NA,34109.6600493134,34084.2948142175,NA,NA
"3910",3910,NA,NA,33750.6227155185,33724.4553800178,NA,NA
"3911",3911,NA,NA,33750.6227155185,33724.4553800178,NA,NA
"3912",3912,NA,NA,33750.6227155185,33724.4553800178,NA,NA
"3913",3913,NA,NA,33750.6227155185,33724.4553800178,NA,NA
"3914",3914,NA,NA,33750.6227155185,33724.4553800178,NA,NA
"3915",3915,NA,NA,33361.5219484831,33334.8699987981,NA,NA
"3916",3916,NA,NA,33361.5219484831,33334.8699987981,NA,NA
"3917",3917,NA,NA,33361.5219484831,33334.8699987981,NA,NA
"3918",3918,NA,NA,33361.5219484831,33334.8699987981,NA,NA
"3919",3919,NA,NA,33361.5219484831,33334.8699987981,NA,NA
"3920",3920,NA,NA,32883.4206097717,32856.6276729199,NA,NA
"3921",3921,NA,NA,32883.4206097717,32856.6276729199,NA,NA
"3922",3922,NA,NA,32883.4206097717,32856.6276729199,NA,NA
"3923",3923,NA,NA,32883.4206097717,32856.6276729199,NA,NA
"3924",3924,NA,NA,32291.4385919225,32264.7136274575,NA,NA
"3925",3925,NA,NA,31916.5364436895,31890.1729089071,NA,NA
"3926",3926,NA,NA,31320.0168638162,31294.1262600579,NA,NA
"3927",3927,NA,NA,31320.0168638162,31294.1262600579,NA,NA
"3928",3928,NA,NA,31868.4023531536,31844.3333326743,NA,NA
"3929",3929,NA,NA,30831.9056337325,30806.880246693,NA,NA
"3930",3930,NA,NA,30831.9056337325,30806.880246693,NA,NA
"3931",3931,NA,NA,30831.9056337325,30806.880246693,NA,NA
"3932",3932,NA,NA,30831.9056337325,30806.880246693,NA,NA
"3933",3933,NA,NA,30831.9056337325,30806.880246693,NA,NA
"3934",3934,NA,NA,31344.808197764,31320.1486442395,NA,NA
"3935",3935,NA,NA,31344.808197764,31320.1486442395,NA,NA
"3936",3936,NA,NA,31344.808197764,31320.1486442395,NA,NA
"3937",3937,NA,NA,31344.808197764,31320.1486442395,NA,NA
"3938",3938,NA,NA,31344.808197764,31320.1486442395,NA,NA
"3939",3939,NA,NA,31708.1722861114,31683.8700244968,NA,NA
"3940",3940,NA,NA,31708.1722861114,31683.8700244968,NA,NA
"3941",3941,NA,NA,31708.1722861114,31683.8700244968,NA,NA
"3942",3942,NA,NA,31708.1722861114,31683.8700244968,NA,NA
"3943",3943,NA,NA,31708.1722861114,31683.8700244968,NA,NA
"3944",3944,NA,NA,31990.3899411355,31966.4915802563,NA,NA
"3945",3945,NA,NA,31990.3899411355,31966.4915802563,NA,NA
"3946",3946,NA,NA,31990.3899411355,31966.4915802563,NA,NA
"3947",3947,NA,NA,31564.6956993257,31540.8296964287,NA,NA
"3948",3948,NA,NA,31564.6956993257,31540.8296964287,NA,NA
"3949",3949,NA,NA,31564.6956993257,31540.8296964287,NA,NA
"3950",3950,NA,NA,31564.6956993257,31540.8296964287,NA,NA
"3951",3951,NA,NA,31564.6956993257,31540.8296964287,NA,NA
"3952",3952,NA,NA,31189.7125747831,31166.3178787089,NA,NA
"3953",3953,NA,NA,31189.7125747831,31166.3178787089,NA,NA
"3954",3954,NA,NA,31189.7125747831,31166.3178787089,NA,NA
"3955",3955,NA,NA,31189.7125747831,31166.3178787089,NA,NA
"3956",3956,NA,NA,31361.0400845119,31337.6536009048,NA,NA
"3957",3957,NA,NA,30638.7027288992,30615.8836997902,NA,NA
"3958",3958,NA,NA,30638.7027288992,30615.8836997902,NA,NA
"3959",3959,NA,NA,30638.7027288992,30615.8836997902,NA,NA
"3960",3960,NA,NA,30656.3908464819,30633.4488221796,NA,NA
"3961",3961,NA,NA,30656.3908464819,30633.4488221796,NA,NA
"3962",3962,NA,NA,30656.3908464819,30633.4488221796,NA,NA
"3963",3963,NA,NA,30656.3908464819,30633.4488221796,NA,NA
"3964",3964,NA,NA,30656.3908464819,30633.4488221796,NA,NA
"3965",3965,NA,NA,30108.3212589245,30085.6817762396,NA,NA
"3966",3966,NA,NA,30108.3212589245,30085.6817762396,NA,NA
"3967",3967,NA,NA,30108.3212589245,30085.6817762396,NA,NA
"3968",3968,NA,NA,30108.3212589245,30085.6817762396,NA,NA
"3969",3969,NA,NA,30548.4261366103,30525.7629979275,NA,NA
"3970",3970,NA,NA,28843.567782446,28817.9917912511,NA,NA
"3971",3971,NA,NA,28843.567782446,28817.9917912511,NA,NA
"3972",3972,NA,NA,28996.6091948626,28971.7150613459,NA,NA
"3973",3973,NA,NA,28996.6091948626,28971.7150613459,NA,NA
"3974",3974,NA,NA,28996.6091948626,28971.7150613459,NA,NA
"3975",3975,NA,NA,28996.6091948626,28971.7150613459,NA,NA
"3976",3976,NA,NA,29669.7464964686,29645.8040193506,NA,NA
"3977",3977,NA,NA,29669.7464964686,29645.8040193506,NA,NA
"3978",3978,NA,NA,29669.7464964686,29645.8040193506,NA,NA
"3979",3979,NA,NA,29669.7464964686,29645.8040193506,NA,NA
"3980",3980,NA,NA,29832.7853137585,29810.0969177666,NA,NA
"3981",3981,NA,NA,29757.8007763741,29734.9324102836,NA,NA
"3982",3982,NA,NA,29757.8007763741,29734.9324102836,NA,NA
"3983",3983,NA,NA,29757.8007763741,29734.9324102836,NA,NA
"3984",3984,NA,NA,29757.8007763741,29734.9324102836,NA,NA
"3985",3985,NA,NA,29757.8007763741,29734.9324102836,NA,NA
"3986",3986,NA,NA,29481.0214889499,29456.9880260088,NA,NA
"3987",3987,NA,NA,29481.0214889499,29456.9880260088,NA,NA
"3988",3988,NA,NA,29481.0214889499,29456.9880260088,NA,NA
"3989",3989,NA,NA,29481.0214889499,29456.9880260088,NA,NA
"3990",3990,NA,NA,29481.0214889499,29456.9880260088,NA,NA
"3991",3991,NA,NA,28821.7957978957,28796.5539797191,NA,NA
"3992",3992,NA,NA,28821.7957978957,28796.5539797191,NA,NA
"3993",3993,NA,NA,28821.7957978957,28796.5539797191,NA,NA
"3994",3994,NA,NA,28627.0329068499,28600.2641016576,NA,NA
"3995",3995,NA,NA,29765.2703852723,29741.6164996375,NA,NA
"3996",3996,NA,NA,29765.2703852723,29741.6164996375,NA,NA
"3997",3997,NA,NA,29002.5577149174,28977.6315507666,NA,NA
"3998",3998,NA,NA,28821.4106836844,28795.389220695,NA,NA
"3999",3999,"Coral/Algae","Sheltered Reef Slope",0,0,NA,NA
"4000",4000,"Rubble","Sheltered Reef Slope",0,0,NA,NA
"4001",4001,"Coral/Algae","Outer Reef Flat",58.9984226823472,58.9984226823472,"Coral/Algae","Outer Reef Flat"
"4002",4002,"Coral/Algae","Outer Reef Flat",0,0,NA,NA
"4003",4003,"Coral/Algae","Inner Reef Flat",0,0,NA,NA
"4004",4004,"Rock","Outer Reef Flat",0,0,NA,NA
"4005",4005,"Coral/Algae","Outer Reef Flat",0,0,NA,NA
"4006",4006,"Coral/Algae","Outer Reef Flat",32.2628325366618,32.2628325366618,"Coral/Algae","Outer Reef Flat"
"4007",4007,"Coral/Algae","Inner Reef Flat",41.7209077329519,41.7209077329519,"Coral/Algae","Inner Reef Flat"
"4008",4008,"Rock","Outer Reef Flat",51.2792418207956,51.2792418207956,"Rock","Outer Reef Flat"
"4009",4009,"Rock","Outer Reef Flat",0,0,NA,NA
"4010",4010,"Rock","Outer Reef Flat",0,0,NA,NA
"4011",4011,"Sand","Deep Lagoon",0,0,NA,NA
"4012",4012,"Sand","Sheltered Reef Slope",30.7838971551734,0,"Sand",NA
"4013",4013,"Coral/Algae","Outer Reef Flat",0,0,NA,NA
"4014",4014,NA,"Plateau",122.283479009876,0,NA,NA
"4015",4015,NA,"Plateau",122.283479009876,0,NA,NA
"4016",4016,NA,"Plateau",122.283479009876,0,NA,NA
"4017",4017,NA,"Plateau",122.283479009876,0,NA,NA
"4018",4018,"Coral/Algae","Back Reef Slope",0,0,NA,NA
"4019",4019,"Coral/Algae","Back Reef Slope",0,0,NA,NA
"4020",4020,"Coral/Algae","Back Reef Slope",0,0,NA,NA
"4021",4021,"Coral/Algae","Back Reef Slope",0,0,NA,NA
"4022",4022,"Rock","Back Reef Slope",72.1525083871508,0,"Rock",NA
"4023",4023,"Rock","Back Reef Slope",72.1525083871508,0,"Rock",NA
"4024",4024,"Rubble","Reef Slope",0,0,NA,NA
"4025",4025,"Rubble","Reef Slope",0,0,NA,NA
"4026",4026,"Rubble","Reef Slope",0,0,NA,NA
"4027",4027,"Rubble","Reef Slope",0,0,NA,NA
"4028",4028,"Rubble","Reef Slope",0,0,NA,NA
"4029",4029,"Rock","Back Reef Slope",38.0615002356041,0,"Rock",NA
"4030",4030,"Rock","Back Reef Slope",38.0615002356041,0,"Rock",NA
"4031",4031,"Rock","Back Reef Slope",38.0615002356041,0,"Rock",NA
"4032",4032,"Rock","Back Reef Slope",38.0615002356041,0,"Rock",NA
"4033",4033,"Rock","Back Reef Slope",38.0615002356041,0,"Rock",NA
"4034",4034,"Rock","Reef Slope",89.1816573935058,0,"Rock",NA
"4035",4035,"Rock","Reef Slope",89.1816573935058,0,"Rock",NA
"4036",4036,"Rock","Reef Slope",89.1816573935058,0,"Rock",NA
"4037",4037,"Rock","Reef Slope",89.1816573935058,0,"Rock",NA
"4038",4038,"Rock","Reef Slope",0,0,NA,NA
"4039",4039,"Rock","Reef Slope",0,0,NA,NA
"4040",4040,"Rock","Reef Slope",0,0,NA,NA
"4041",4041,"Rock","Reef Slope",0,0,NA,NA
"4042",4042,"Rock","Reef Slope",0,0,NA,NA
"4043",4043,"Rock","Reef Crest",0,0,NA,NA
"4044",4044,"Rock","Reef Crest",0,0,NA,NA
"4045",4045,"Rock","Reef Crest",0,0,NA,NA
"4046",4046,"Rock","Reef Crest",0,0,NA,NA
"4047",4047,"Rock","Back Reef Slope",46.4208600559452,0,"Rock",NA
"4048",4048,"Rock","Back Reef Slope",46.4208600559452,0,"Rock",NA
"4049",4049,"Rock","Back Reef Slope",46.4208600559452,0,"Rock",NA
"4050",4050,"Rock","Back Reef Slope",46.4208600559452,0,"Rock",NA
"4051",4051,"Rock","Back Reef Slope",46.4208600559452,0,"Rock",NA
"4052",4052,"Coral/Algae","Back Reef Slope",0,0,NA,NA
"4053",4053,"Coral/Algae","Back Reef Slope",0,0,NA,NA
"4054",4054,"Coral/Algae","Back Reef Slope",0,0,NA,NA
"4055",4055,"Coral/Algae","Back Reef Slope",0,0,NA,NA
"4056",4056,"Rubble","Back Reef Slope",27.951723263769,0,"Rubble",NA
"4057",4057,"Rubble","Back Reef Slope",27.951723263769,0,"Rubble",NA
"4058",4058,"Rubble","Back Reef Slope",27.951723263769,0,"Rubble",NA
"4059",4059,"Rubble","Back Reef Slope",27.951723263769,0,"Rubble",NA
"4060",4060,"Rock","Reef Slope",68.4447255174963,0,"Rock",NA
"4061",4061,"Rock","Reef Slope",68.4447255174963,0,"Rock",NA
"4062",4062,"Rock","Reef Slope",68.4447255174963,0,"Rock",NA
"4063",4063,"Rock","Reef Slope",68.4447255174963,0,"Rock",NA
"4064",4064,"Rock","Reef Slope",68.4447255174963,0,"Rock",NA
"4065",4065,"Rock","Outer Reef Flat",0,0,NA,NA
"4066",4066,"Rock","Outer Reef Flat",0,0,NA,NA
"4067",4067,"Rock","Outer Reef Flat",0,0,NA,NA
"4068",4068,"Rock","Outer Reef Flat",0,0,NA,NA
"4069",4069,"Rock","Outer Reef Flat",0,0,NA,NA
"4070",4070,"Rock","Outer Reef Flat",0,0,NA,NA
"4071",4071,"Rock","Outer Reef Flat",0,0,NA,NA
"4072",4072,"Rock","Outer Reef Flat",0,0,NA,NA
"4073",4073,"Rock","Outer Reef Flat",0,0,NA,NA
"4074",4074,"Rock","Reef Slope",0,0,NA,NA
"4075",4075,"Rock","Reef Slope",0,0,NA,NA
"4076",4076,"Rock","Reef Slope",0,0,NA,NA
"4077",4077,"Rock","Reef Slope",0,0,NA,NA
"4078",4078,"Rock","Outer Reef Flat",0,0,NA,NA
"4079",4079,"Rock","Outer Reef Flat",0,0,NA,NA
"4080",4080,"Rock","Outer Reef Flat",0,0,NA,NA
"4081",4081,"Rock","Outer Reef Flat",0,0,NA,NA
"4082",4082,"Rock","Reef Slope",0,0,NA,NA
"4083",4083,"Rock","Reef Slope",0,0,NA,NA
"4084",4084,"Rock","Reef Slope",0,0,NA,NA
"4085",4085,"Sand","Sheltered Reef Slope",53.3352783996926,0,"Sand",NA
"4086",4086,"Sand","Sheltered Reef Slope",53.3352783996926,0,"Sand",NA
"4087",4087,"Sand","Sheltered Reef Slope",53.3352783996926,0,"Sand",NA
"4088",4088,"Sand","Back Reef Slope",0,0,NA,NA
"4089",4089,"Sand","Back Reef Slope",0,0,NA,NA
"4090",4090,"Sand","Sheltered Reef Slope",0,0,NA,NA
"4091",4091,"Sand","Inner Reef Flat",0,0,NA,NA
"4092",4092,"Coral/Algae","Outer Reef Flat",0,0,NA,NA
"4093",4093,"Sand","Sheltered Reef Slope",0,0,NA,NA
"4094",4094,"Sand","Inner Reef Flat",0,0,NA,NA
"4095",4095,"Rock","Sheltered Reef Slope",57.2062593469119,0,"Rock",NA
"4096",4096,"Coral/Algae","Outer Reef Flat",0,0,NA,NA
"4097",4097,"Rock","Back Reef Slope",56.4900893026015,56.4900893026015,"Rock","Back Reef Slope"
"4098",4098,NA,"Back Reef Slope",106.816535569357,91.5592786816641,NA,"Back Reef Slope"
"4099",4099,"Rock","Reef Crest",0,0,NA,NA
"4100",4100,"Coral/Algae","Reef Slope",43.7249053626502,0,"Coral/Algae",NA
"4101",4101,"Sand","Inner Reef Flat",0,0,NA,NA
"4102",4102,"Rock","Reef Slope",45.3187251701176,45.3187251701176,"Rock","Reef Slope"
"4103",4103,"Rock","Reef Slope",32.9297495786563,0,"Rock",NA
"4104",4104,"Rock","Outer Reef Flat",0,0,NA,NA
"4105",4105,"Rock","Reef Slope",34.5322880308714,34.5322880308714,"Rock","Reef Slope"
"4106",4106,"Rock","Reef Slope",25.790324593149,0,"Rock",NA
"4107",4107,"Coral/Algae","Sheltered Reef Slope",56.5659610357372,0,"Coral/Algae",NA
"4108",4108,"Rock","Reef Crest",0,0,NA,NA
"4109",4109,"Rock","Reef Slope",45.8943805460618,0,"Rock",NA
"4110",4110,"Rock","Reef Crest",0,0,NA,NA
"4111",4111,"Rock","Reef Crest",0,0,NA,NA
"4112",4112,"Coral/Algae","Reef Slope",32.8284813121661,0,"Coral/Algae",NA
"4113",4113,"Sand","Deep Lagoon",37.3553293660745,0,"Sand",NA
"4114",4114,"Rubble","Deep Lagoon",0,0,NA,NA
"4115",4115,"Sand","Deep Lagoon",0,0,NA,NA
"4116",4116,"Sand","Deep Lagoon",38.7153469920646,0,"Sand",NA
"4117",4117,"Sand","Deep Lagoon",0,0,NA,NA
"4118",4118,"Sand","Inner Reef Flat",0,0,NA,NA
"4119",4119,"Sand","Inner Reef Flat",0,0,NA,NA
"4120",4120,"Rubble","Back Reef Slope",0,0,NA,NA
"4121",4121,"Rubble","Sheltered Reef Slope",0,0,NA,NA
"4122",4122,"Sand","Sheltered Reef Slope",0,0,NA,NA
"4123",4123,"Sand","Deep Lagoon",0,0,NA,NA
"4124",4124,"Sand","Inner Reef Flat",0,0,NA,NA
"4125",4125,"Coral/Algae","Deep Lagoon",0,0,NA,NA
"4126",4126,"Rubble","Deep Lagoon",54.5336192653737,0,"Rubble",NA
"4127",4127,NA,"Deep Lagoon",117.367907535786,0,NA,NA
"4128",4128,"Rubble","Sheltered Reef Slope",0,0,NA,NA
"4129",4129,"Rubble","Sheltered Reef Slope",86.2658979570965,86.2658979570965,"Rubble","Sheltered Reef Slope"
"4130",4130,"Rock","Deep Lagoon",0,0,NA,NA
"4131",4131,"Coral/Algae","Deep Lagoon",33.5735600276327,0,"Coral/Algae",NA
"4132",4132,"Sand","Inner Reef Flat",0,0,NA,NA
"4133",4133,"Rock","Reef Crest",0,0,NA,NA
"4134",4134,"Sand","Deep Lagoon",41.1278615310266,0,"Sand",NA
"4135",4135,"Sand","Deep Lagoon",0,0,NA,NA
"4136",4136,"Sand","Deep Lagoon",0,0,NA,NA
"4137",4137,"Rock","Reef Slope",0,0,NA,NA
"4138",4138,"Rock","Sheltered Reef Slope",0,0,NA,NA
"4139",4139,"Rock","Reef Slope",58.5648410227024,0,"Rock",NA
"4140",4140,"Rock","Reef Slope",58.5648410227024,0,"Rock",NA
"4141",4141,"Rock","Back Reef Slope",66.5665360165146,0,"Rock",NA
"4142",4142,"Rock","Back Reef Slope",66.5665360165146,0,"Rock",NA
"4143",4143,"Rock","Back Reef Slope",66.5665360165146,0,"Rock",NA
"4144",4144,"Rock","Back Reef Slope",66.5665360165146,0,"Rock",NA
"4145",4145,"Rock","Back Reef Slope",37.2096592440323,0,"Rock",NA
"4146",4146,"Rock","Back Reef Slope",37.2096592440323,0,"Rock",NA
"4147",4147,"Rock","Back Reef Slope",37.2096592440323,0,"Rock",NA
"4148",4148,"Rock","Back Reef Slope",37.2096592440323,0,"Rock",NA
"4149",4149,"Coral/Algae","Reef Slope",35.9699187235165,0,"Coral/Algae",NA
"4150",4150,"Coral/Algae","Reef Slope",35.9699187235165,0,"Coral/Algae",NA
"4151",4151,"Coral/Algae","Reef Slope",35.9699187235165,0,"Coral/Algae",NA
"4152",4152,"Sand","Shallow Lagoon",0,0,NA,NA
"4153",4153,"Sand","Shallow Lagoon",0,0,NA,NA
"4154",4154,"Sand","Shallow Lagoon",0,0,NA,NA
"4155",4155,"Sand","Shallow Lagoon",0,0,NA,NA
"4156",4156,"Rock","Reef Slope",0,0,NA,NA
"4157",4157,"Rock","Reef Slope",0,0,NA,NA
"4158",4158,"Rock","Reef Slope",0,0,NA,NA
"4159",4159,"Rock","Reef Slope",35.7915775580412,0,"Rock",NA
"4160",4160,"Rock","Reef Slope",35.9648791878646,0,"Rock",NA
"4161",4161,"Rock","Reef Slope",35.9648791878646,0,"Rock",NA
"4162",4162,"Coral/Algae","Reef Slope",47.7786371489145,0,"Coral/Algae",NA
"4163",4163,"Rock","Reef Slope",48.9305995297735,0,"Rock",NA
"4164",4164,"Rock","Reef Slope",48.9305995297735,0,"Rock",NA
"4165",4165,"Rock","Reef Slope",0,0,NA,NA
"4166",4166,"Rock","Reef Slope",0,0,NA,NA
"4167",4167,"Rock","Reef Slope",0,0,NA,NA
"4168",4168,"Rock","Reef Slope",0,0,NA,NA
"4169",4169,"Rock","Reef Slope",40.0791030250053,0,"Rock",NA
"4170",4170,"Rock","Reef Slope",40.0791030250053,0,"Rock",NA
"4171",4171,"Rock","Reef Slope",40.0791030250053,0,"Rock",NA
"4172",4172,"Coral/Algae","Inner Reef Flat",0,0,NA,NA
"4173",4173,"Sand","Inner Reef Flat",0,0,NA,NA
"4174",4174,"Coral/Algae","Reef Crest",0,0,NA,NA
"4175",4175,"Rubble","Back Reef Slope",0,0,NA,NA
"4176",4176,"Rubble","Back Reef Slope",68.6139334211666,0,"Rubble",NA
"4177",4177,"Coral/Algae","Outer Reef Flat",0,0,NA,NA
"4178",4178,"Sand","Sheltered Reef Slope",0,0,NA,NA
"4179",4179,"Sand","Sheltered Reef Slope",0,0,NA,NA
"4180",4180,"Rock","Back Reef Slope",0,0,NA,NA
"4181",4181,"Rock","Back Reef Slope",0,0,NA,NA
"4182",4182,"Rubble","Back Reef Slope",0,0,NA,NA
"4183",4183,"Rubble","Back Reef Slope",0,0,NA,NA
"4184",4184,"Rubble","Reef Slope",0,0,NA,NA
"4185",4185,"Rubble","Reef Slope",0,0,NA,NA
"4186",4186,"Rock","Reef Slope",0,0,NA,NA
"4187",4187,"Rock","Reef Slope",0,0,NA,NA
"4188",4188,NA,NA,5260.92609087355,5149.27372875069,NA,NA
"4189",4189,NA,NA,5260.92609087355,5149.27372875069,NA,NA
"4190",4190,NA,NA,947.994604032427,947.994604032427,NA,NA
"4191",4191,NA,NA,947.994604032427,947.994604032427,NA,NA
"4192",4192,NA,NA,947.994604032427,947.994604032427,NA,NA
"4193",4193,NA,NA,648.890362668552,648.890362668552,NA,NA
"4194",4194,NA,NA,648.890362668552,648.890362668552,NA,NA
"4195",4195,"Rock","Reef Slope",0,0,NA,NA
"4196",4196,"Rock","Sheltered Reef Slope",0,0,NA,NA
"4197",4197,"Rock","Sheltered Reef Slope",0,0,NA,NA
"4198",4198,"Coral/Algae","Sheltered Reef Slope",38.4840980043971,0,"Coral/Algae",NA
"4199",4199,"Coral/Algae","Sheltered Reef Slope",38.4840980043971,0,"Coral/Algae",NA
"4200",4200,"Rock","Sheltered Reef Slope",0,0,NA,NA
"4201",4201,"Rock","Sheltered Reef Slope",0,0,NA,NA
"4202",4202,"Rock","Sheltered Reef Slope",0,0,NA,NA
"4203",4203,"Rock","Sheltered Reef Slope",0,0,NA,NA
"4204",4204,"Rock","Back Reef Slope",37.3159074689976,0,"Rock",NA
"4205",4205,"Coral/Algae","Reef Slope",0,0,NA,NA
"4206",4206,"Coral/Algae","Reef Slope",0,0,NA,NA
"4207",4207,"Coral/Algae","Reef Crest",0,0,NA,NA
"4208",4208,"Coral/Algae","Reef Crest",0,0,NA,NA
"4209",4209,"Rock","Reef Slope",95.6378917512087,37.1591009937954,"Rock","Reef Slope"
"4210",4210,"Rock","Reef Slope",95.6378917512087,37.1591009937954,"Rock","Reef Slope"
"4211",4211,"Rock","Reef Slope",0,0,NA,NA
"4212",4212,"Rock","Reef Slope",0,0,NA,NA
"4213",4213,"Coral/Algae","Reef Slope",38.9913213602784,0,"Coral/Algae",NA
"4214",4214,"Coral/Algae","Reef Slope",38.9913213602784,0,"Coral/Algae",NA
"4215",4215,"Rock","Reef Slope",0,0,NA,NA
"4216",4216,"Rock","Reef Slope",0,0,NA,NA
"4217",4217,"Coral/Algae","Outer Reef Flat",0,0,NA,NA
"4218",4218,"Coral/Algae","Outer Reef Flat",0,0,NA,NA
"4219",4219,"Coral/Algae","Deep Lagoon",97.6772908665402,0,"Coral/Algae",NA
"4220",4220,"Coral/Algae","Deep Lagoon",97.6772908665402,0,"Coral/Algae",NA
"4221",4221,"Rock","Plateau",0,0,NA,NA
"4222",4222,"Coral/Algae","Sheltered Reef Slope",0,0,NA,NA
"4223",4223,"Coral/Algae","Outer Reef Flat",0,0,NA,NA
"4224",4224,"Coral/Algae","Outer Reef Flat",0,0,NA,NA
"4225",4225,"Coral/Algae","Outer Reef Flat",0,0,NA,NA
"4226",4226,"Coral/Algae","Back Reef Slope",0,0,NA,NA
"4227",4227,"Coral/Algae","Back Reef Slope",0,0,NA,NA
"4228",4228,NA,"Back Reef Slope",226.859327648949,0,NA,NA
"4229",4229,NA,"Back Reef Slope",226.859327648949,0,NA,NA
"4230",4230,"Rock","Sheltered Reef Slope",54.4429183915688,0,"Rock",NA
"4231",4231,"Rock","Sheltered Reef Slope",54.4429183915688,0,"Rock",NA
"4232",4232,"Rock","Reef Slope",0,0,NA,NA
"4233",4233,"Rock","Reef Slope",0,0,NA,NA
"4234",4234,"Rock","Reef Slope",51.4615952004679,0,"Rock",NA
"4235",4235,"Rock","Reef Slope",0,0,NA,NA
"4236",4236,"Rock","Reef Slope",0,0,NA,NA
"4237",4237,"Coral/Algae","Back Reef Slope",65.7785211590477,0,"Coral/Algae",NA
"4238",4238,"Coral/Algae","Back Reef Slope",65.7785211590477,0,"Coral/Algae",NA
"4239",4239,"Coral/Algae","Outer Reef Flat",0,0,NA,NA
"4240",4240,"Coral/Algae","Outer Reef Flat",0,0,NA,NA
"4241",4241,"Coral/Algae","Outer Reef Flat",0,0,NA,NA
"4242",4242,"Coral/Algae","Outer Reef Flat",0,0,NA,NA
"4243",4243,"Rock","Outer Reef Flat",0,0,NA,NA
"4244",4244,"Rock","Outer Reef Flat",0,0,NA,NA
"4245",4245,"Rock","Outer Reef Flat",0,0,NA,NA
"4246",4246,"Rock","Outer Reef Flat",0,0,NA,NA
"4247",4247,"Rock","Sheltered Reef Slope",0,0,NA,NA
"4248",4248,"Rock","Sheltered Reef Slope",0,0,NA,NA
"4249",4249,"Rubble","Sheltered Reef Slope",0,0,NA,NA
"4250",4250,"Rock","Reef Crest",0,0,NA,NA
"4251",4251,"Rock","Reef Crest",0,0,NA,NA
"4252",4252,"Rock","Reef Crest",0,0,NA,NA
"4253",4253,"Rock","Reef Slope",0,0,NA,NA
"4254",4254,"Sand","Sheltered Reef Slope",67.2692046346737,0,"Sand",NA
"4255",4255,"Coral/Algae","Outer Reef Flat",0,0,NA,NA
"4256",4256,"Coral/Algae","Outer Reef Flat",0,0,NA,NA
"4257",4257,"Coral/Algae","Sheltered Reef Slope",44.6200879748829,0,"Coral/Algae",NA
"4258",4258,"Coral/Algae","Sheltered Reef Slope",43.5419895643438,0,"Coral/Algae",NA
"4259",4259,"Coral/Algae","Sheltered Reef Slope",0,0,NA,NA
"4260",4260,"Rubble","Sheltered Reef Slope",0,0,NA,NA
"4261",4261,"Sand","Deep Lagoon",0,0,NA,NA
"4262",4262,"Coral/Algae","Inner Reef Flat",0,0,NA,NA
"4263",4263,"Rock","Sheltered Reef Slope",0,0,NA,NA
"4264",4264,"Coral/Algae","Inner Reef Flat",0,0,NA,NA
"4265",4265,"Rock","Sheltered Reef Slope",0,0,NA,NA
"4266",4266,"Coral/Algae","Outer Reef Flat",0,0,NA,NA
"4267",4267,"Coral/Algae","Reef Crest",0,0,NA,NA
"4268",4268,"Rock","Reef Slope",0,0,NA,NA
"4269",4269,"Rock","Reef Crest",0,0,NA,NA
"4270",4270,"Sand","Reef Slope",0,0,NA,NA
"4271",4271,"Rock","Reef Slope",81.9607739348186,0,"Rock",NA
"4272",4272,"Rock","Reef Slope",81.9607739348186,0,"Rock",NA
"4273",4273,NA,"Reef Slope",130.179698124296,34.2181123998959,NA,"Reef Slope"
"4274",4274,NA,"Reef Slope",108.120798030926,0,NA,NA
"4275",4275,NA,"Reef Slope",108.120798030926,0,NA,NA
"4276",4276,NA,"Reef Slope",108.120798030926,0,NA,NA
"4277",4277,"Coral/Algae","Back Reef Slope",0,0,NA,NA
"4278",4278,"Coral/Algae","Back Reef Slope",0,0,NA,NA
"4279",4279,"Coral/Algae","Back Reef Slope",0,0,NA,NA
"4280",4280,"Coral/Algae","Back Reef Slope",0,0,NA,NA
"4281",4281,"Coral/Algae","Back Reef Slope",0,0,NA,NA
"4282",4282,"Rubble","Back Reef Slope",0,0,NA,NA
"4283",4283,"Rubble","Back Reef Slope",0,0,NA,NA
"4284",4284,"Rubble","Back Reef Slope",0,0,NA,NA
"4285",4285,"Rubble","Back Reef Slope",0,0,NA,NA
"4286",4286,"Rubble","Back Reef Slope",0,0,NA,NA
"4287",4287,"Coral/Algae","Reef Slope",0,0,NA,NA
"4288",4288,"Coral/Algae","Reef Slope",0,0,NA,NA
"4289",4289,"Coral/Algae","Back Reef Slope",40.5982949423611,0,"Coral/Algae",NA
"4290",4290,"Coral/Algae","Back Reef Slope",40.5982949423611,0,"Coral/Algae",NA
"4291",4291,"Coral/Algae","Back Reef Slope",40.5982949423611,0,"Coral/Algae",NA
"4292",4292,"Coral/Algae","Back Reef Slope",40.5982949423611,0,"Coral/Algae",NA
"4293",4293,"Coral/Algae","Back Reef Slope",40.5982949423611,0,"Coral/Algae",NA
"4294",4294,"Rock","Reef Slope",0,0,NA,NA
"4295",4295,"Rock","Reef Slope",0,0,NA,NA
"4296",4296,"Rock","Reef Slope",0,0,NA,NA
"4297",4297,"Rock","Reef Slope",0,0,NA,NA
"4298",4298,"Rock","Reef Slope",0,0,NA,NA
"4299",4299,"Sand","Back Reef Slope",28.4585211797523,0,"Sand",NA
"4300",4300,"Rock","Back Reef Slope",47.5991950278535,0,"Rock",NA
"4301",4301,"Rock","Back Reef Slope",47.5991950278535,0,"Rock",NA
"4302",4302,"Rock","Back Reef Slope",47.5991950278535,0,"Rock",NA
"4303",4303,"Rock","Back Reef Slope",47.5991950278535,0,"Rock",NA
"4304",4304,"Rock","Outer Reef Flat",0,0,NA,NA
"4305",4305,"Rock","Outer Reef Flat",0,0,NA,NA
"4306",4306,"Rock","Outer Reef Flat",0,0,NA,NA
"4307",4307,"Rock","Outer Reef Flat",0,0,NA,NA
"4308",4308,"Rock","Outer Reef Flat",0,0,NA,NA
"4309",4309,"Rock","Reef Slope",0,0,NA,NA
"4310",4310,"Rock","Reef Slope",0,0,NA,NA
"4311",4311,"Rock","Reef Slope",47.0702789287546,0,"Rock",NA
"4312",4312,"Rock","Reef Slope",47.0702789287546,0,"Rock",NA
"4313",4313,"Rubble","Reef Slope",0,0,NA,NA
"4314",4314,"Rubble","Reef Slope",0,0,NA,NA
"4315",4315,"Rubble","Reef Slope",0,0,NA,NA
"4316",4316,"Rock","Reef Slope",53.7410432044918,0,"Rock",NA
"4317",4317,"Rock","Reef Slope",53.7410432044918,0,"Rock",NA
"4318",4318,"Rock","Reef Slope",53.7410432044918,0,"Rock",NA
"4319",4319,"Rock","Reef Slope",53.7410432044918,0,"Rock",NA
"4320",4320,"Rock","Reef Slope",39.369028879434,0,"Rock",NA
"4321",4321,"Rock","Reef Slope",39.369028879434,0,"Rock",NA
"4322",4322,"Rock","Reef Slope",39.369028879434,0,"Rock",NA
"4323",4323,"Rock","Reef Slope",39.369028879434,0,"Rock",NA
"4324",4324,"Coral/Algae","Reef Slope",0,0,NA,NA
"4325",4325,"Coral/Algae","Reef Slope",0,0,NA,NA
"4326",4326,"Coral/Algae","Reef Slope",0,0,NA,NA
"4327",4327,"Coral/Algae","Reef Slope",0,0,NA,NA
"4328",4328,"Sand","Inner Reef Flat",0,0,NA,NA
"4329",4329,"Sand","Inner Reef Flat",0,0,NA,NA
"4330",4330,"Sand","Inner Reef Flat",0,0,NA,NA
"4331",4331,"Sand","Inner Reef Flat",0,0,NA,NA
"4332",4332,"Sand","Inner Reef Flat",0,0,NA,NA
"4333",4333,"Sand","Inner Reef Flat",0,0,NA,NA
"4334",4334,"Rock","Reef Slope",0,0,NA,NA
"4335",4335,"Rock","Reef Slope",0,0,NA,NA
"4336",4336,"Rock","Reef Slope",0,0,NA,NA
"4337",4337,"Rock","Outer Reef Flat",0,0,NA,NA
"4338",4338,"Rock","Outer Reef Flat",0,0,NA,NA
"4339",4339,"Rock","Outer Reef Flat",0,0,NA,NA
"4340",4340,"Rock","Outer Reef Flat",0,0,NA,NA
"4341",4341,"Coral/Algae","Reef Slope",34.0868996318505,0,"Coral/Algae",NA
"4342",4342,"Coral/Algae","Reef Slope",34.0868996318505,0,"Coral/Algae",NA
"4343",4343,"Coral/Algae","Reef Slope",34.0868996318505,0,"Coral/Algae",NA
"4344",4344,"Coral/Algae","Reef Slope",34.0868996318505,0,"Coral/Algae",NA
"4345",4345,"Rock","Reef Slope",0,0,NA,NA
"4346",4346,"Rock","Reef Slope",0,0,NA,NA
"4347",4347,"Rock","Reef Slope",0,0,NA,NA
"4348",4348,"Rock","Reef Slope",0,0,NA,NA
"4349",4349,"Rock","Reef Slope",0,0,NA,NA
"4350",4350,"Rock","Reef Slope",0,0,NA,NA
"4351",4351,"Rock","Reef Slope",0,0,NA,NA
"4352",4352,"Rock","Reef Slope",0,0,NA,NA
"4353",4353,"Rock","Reef Slope",0,0,NA,NA
"4354",4354,"Coral/Algae","Reef Slope",26.3954020836652,0,"Coral/Algae",NA
"4355",4355,"Coral/Algae","Reef Slope",26.3954020836652,0,"Coral/Algae",NA
"4356",4356,"Coral/Algae","Reef Slope",26.3954020836652,0,"Coral/Algae",NA
"4357",4357,"Coral/Algae","Reef Slope",26.3954020836652,0,"Coral/Algae",NA
"4358",4358,"Coral/Algae","Reef Slope",26.3954020836652,0,"Coral/Algae",NA
"4359",4359,"Coral/Algae","Reef Slope",26.3954020836652,0,"Coral/Algae",NA
"4360",4360,"Coral/Algae","Reef Slope",26.3954020836652,0,"Coral/Algae",NA
"4361",4361,NA,"Reef Slope",108.961804832865,0,NA,NA
"4362",4362,NA,"Reef Slope",108.961804832865,0,NA,NA
"4363",4363,NA,"Reef Slope",108.961804832865,0,NA,NA
"4364",4364,NA,"Reef Slope",108.961804832865,0,NA,NA
"4365",4365,NA,"Reef Slope",108.961804832865,0,NA,NA
"4366",4366,NA,"Reef Slope",108.961804832865,0,NA,NA
"4367",4367,NA,"Reef Slope",108.961804832865,0,NA,NA
"4368",4368,"Coral/Algae","Sheltered Reef Slope",52.5228703672958,0,"Coral/Algae",NA
"4369",4369,"Coral/Algae","Sheltered Reef Slope",52.5228703672958,0,"Coral/Algae",NA
"4370",4370,"Coral/Algae","Sheltered Reef Slope",52.5228703672958,0,"Coral/Algae",NA
"4371",4371,"Coral/Algae","Sheltered Reef Slope",52.5228703672958,0,"Coral/Algae",NA
"4372",4372,"Rock","Reef Slope",0,0,NA,NA
"4373",4373,"Rock","Reef Slope",0,0,NA,NA
"4374",4374,"Rock","Reef Slope",0,0,NA,NA
"4375",4375,"Rock","Reef Slope",0,0,NA,NA
"4376",4376,"Rock","Reef Slope",0,0,NA,NA
"4377",4377,"Rock","Reef Slope",0,0,NA,NA
"4378",4378,"Rubble","Sheltered Reef Slope",60.4327698790323,0,"Rubble",NA
"4379",4379,"Rubble","Sheltered Reef Slope",60.4327698790323,0,"Rubble",NA
"4380",4380,"Rubble","Sheltered Reef Slope",60.4327698790323,0,"Rubble",NA
"4381",4381,"Rubble","Sheltered Reef Slope",60.4327698790323,0,"Rubble",NA
"4382",4382,"Rubble","Sheltered Reef Slope",60.4327698790323,0,"Rubble",NA
"4383",4383,"Rubble","Sheltered Reef Slope",60.4327698790323,0,"Rubble",NA
"4384",4384,"Rubble","Sheltered Reef Slope",60.4327698790323,0,"Rubble",NA
"4385",4385,"Rubble","Back Reef Slope",0,0,NA,NA
"4386",4386,"Rubble","Back Reef Slope",0,0,NA,NA
"4387",4387,"Rubble","Back Reef Slope",0,0,NA,NA
"4388",4388,"Coral/Algae","Reef Slope",0,0,NA,NA
"4389",4389,"Coral/Algae","Reef Slope",0,0,NA,NA
"4390",4390,"Coral/Algae","Reef Slope",0,0,NA,NA
"4391",4391,"Coral/Algae","Back Reef Slope",27.0391745111525,0,"Coral/Algae",NA
"4392",4392,"Coral/Algae","Back Reef Slope",27.0391745111525,0,"Coral/Algae",NA
"4393",4393,"Coral/Algae","Back Reef Slope",27.0391745111525,0,"Coral/Algae",NA
"4394",4394,"Coral/Algae","Back Reef Slope",27.0391745111525,0,"Coral/Algae",NA
"4395",4395,"Coral/Algae","Back Reef Slope",27.0391745111525,0,"Coral/Algae",NA
"4396",4396,"Rubble","Back Reef Slope",0,0,NA,NA
"4397",4397,"Rubble","Back Reef Slope",0,0,NA,NA
"4398",4398,"Rubble","Back Reef Slope",0,0,NA,NA
"4399",4399,"Rock","Back Reef Slope",0,0,NA,NA
"4400",4400,"Rock","Back Reef Slope",0,0,NA,NA
"4401",4401,"Sand","Reef Slope",0,0,NA,NA
"4402",4402,"Sand","Reef Slope",0,0,NA,NA
"4403",4403,"Coral/Algae","Back Reef Slope",86.6852356453144,0,"Coral/Algae",NA
"4404",4404,"Coral/Algae","Back Reef Slope",86.6852356453144,0,"Coral/Algae",NA
"4405",4405,"Coral/Algae","Back Reef Slope",86.6852356453144,0,"Coral/Algae",NA
"4406",4406,"Coral/Algae","Back Reef Slope",86.6852356453144,0,"Coral/Algae",NA
"4407",4407,"Sand","Back Reef Slope",0,0,NA,NA
"4408",4408,"Sand","Back Reef Slope",0,0,NA,NA
"4409",4409,"Sand","Back Reef Slope",0,0,NA,NA
"4410",4410,"Sand","Back Reef Slope",0,0,NA,NA
"4411",4411,"Sand","Back Reef Slope",53.6840697182091,0,"Sand",NA
"4412",4412,"Sand","Back Reef Slope",53.6840697182091,0,"Sand",NA
"4413",4413,"Rubble","Back Reef Slope",45.5398576445382,0,"Rubble",NA
"4414",4414,"Rubble","Back Reef Slope",45.5398576445382,0,"Rubble",NA
"4415",4415,"Sand","Back Reef Slope",0,0,NA,NA
"4416",4416,"Sand","Back Reef Slope",0,0,NA,NA
"4417",4417,"Sand","Back Reef Slope",0,0,NA,NA
"4418",4418,"Rock","Reef Slope",0,0,NA,NA
"4419",4419,"Rock","Reef Slope",0,0,NA,NA
"4420",4420,"Rock","Reef Slope",0,0,NA,NA
"4421",4421,"Rock","Reef Slope",0,0,NA,NA
"4422",4422,"Coral/Algae","Back Reef Slope",66.1366682339298,0,"Coral/Algae",NA
"4423",4423,"Coral/Algae","Back Reef Slope",66.1366682339298,0,"Coral/Algae",NA
"4424",4424,"Sand","Back Reef Slope",0,0,NA,NA
"4425",4425,"Sand","Back Reef Slope",0,0,NA,NA
"4426",4426,"Sand","Back Reef Slope",0,0,NA,NA
"4427",4427,"Rubble","Back Reef Slope",26.916832077839,0,"Rubble",NA
"4428",4428,"Rubble","Back Reef Slope",26.916832077839,0,"Rubble",NA
"4429",4429,"Rubble","Back Reef Slope",81.164194806898,0,"Rubble",NA
"4430",4430,"Rubble","Back Reef Slope",81.164194806898,0,"Rubble",NA
"4431",4431,"Sand","Back Reef Slope",83.3557411653536,0,"Sand",NA
"4432",4432,"Sand","Back Reef Slope",83.3557411653536,0,"Sand",NA
"4433",4433,"Sand","Back Reef Slope",59.6305999702146,0,"Sand",NA
"4434",4434,"Sand","Back Reef Slope",59.6305999702146,0,"Sand",NA
"4435",4435,"Rubble","Back Reef Slope",97.7076569431316,0,"Rubble",NA
"4436",4436,"Rubble","Back Reef Slope",97.7076569431316,0,"Rubble",NA
"4437",4437,"Sand","Reef Slope",0,0,NA,NA
"4438",4438,"Sand","Reef Slope",0,0,NA,NA
"4439",4439,"Sand","Back Reef Slope",0,0,NA,NA
"4440",4440,"Sand","Back Reef Slope",0,0,NA,NA
"4441",4441,"Sand","Reef Slope",0,0,NA,NA
"4442",4442,"Sand","Reef Slope",0,0,NA,NA
"4443",4443,"Rock","Reef Slope",0,0,NA,NA
"4444",4444,"Rock","Reef Slope",0,0,NA,NA
"4445",4445,"Rock","Reef Slope",0,0,NA,NA
"4446",4446,"Sand","Back Reef Slope",0,0,NA,NA
"4447",4447,NA,"Plateau",173.427967945502,0,NA,NA
"4448",4448,"Rubble","Back Reef Slope",41.1586128577559,0,"Rubble",NA
"4449",4449,"Rock","Deep Lagoon",37.9959951301558,0,"Rock",NA
"4450",4450,"Rock","Deep Lagoon",37.9959951301558,0,"Rock",NA
"4451",4451,NA,"Plateau",123.135227201175,0,NA,NA
"4452",4452,NA,"Plateau",123.135227201175,0,NA,NA
"4453",4453,"Sand","Back Reef Slope",0,0,NA,NA
"4454",4454,"Rock","Plateau",56.8659373234346,0,"Rock",NA
"4455",4455,"Sand","Deep Lagoon",93.8833499041949,0,"Sand",NA
"4456",4456,"Sand","Back Reef Slope",0,0,NA,NA
"4457",4457,"Rock","Reef Slope",0,0,NA,NA
"4458",4458,"Rock","Reef Slope",0,0,NA,NA
"4459",4459,"Rock","Reef Slope",0,0,NA,NA
"4460",4460,"Sand","Back Reef Slope",0,0,NA,NA
"4461",4461,"Sand","Back Reef Slope",82.0912855211089,0,"Sand",NA
"4462",4462,"Rubble","Deep Lagoon",0,0,NA,NA
"4463",4463,NA,"Deep Lagoon",104.239787318321,0,NA,NA
"4464",4464,"Rock","Plateau",93.3205997140328,0,"Rock",NA
"4465",4465,"Rock","Plateau",93.3205997140328,0,"Rock",NA
"4466",4466,"Rubble","Sheltered Reef Slope",0,0,NA,NA
"4467",4467,"Rubble","Sheltered Reef Slope",0,0,NA,NA
"4468",4468,"Rubble","Sheltered Reef Slope",0,0,NA,NA
"4469",4469,"Rubble","Deep Lagoon",38.5201474037253,0,"Rubble",NA
"4470",4470,"Sand","Deep Lagoon",85.8420132809937,0,"Sand",NA
"4471",4471,"Sand","Back Reef Slope",0,0,NA,NA
"4472",4472,"Sand","Back Reef Slope",0,0,NA,NA
"4473",4473,"Rock","Outer Reef Flat",0,0,NA,NA
"4474",4474,"Rock","Outer Reef Flat",0,0,NA,NA
"4475",4475,"Rock","Outer Reef Flat",0,0,NA,NA
"4476",4476,NA,"Plateau",178.814643145054,0,NA,NA
"4477",4477,"Sand","Back Reef Slope",0,0,NA,NA
"4478",4478,"Sand","Back Reef Slope",0,0,NA,NA
"4479",4479,"Rock","Outer Reef Flat",0,0,NA,NA
"4480",4480,"Rock","Outer Reef Flat",0,0,NA,NA
"4481",4481,"Rock","Outer Reef Flat",0,0,NA,NA
"4482",4482,"Rock","Reef Slope",0,0,NA,NA
"4483",4483,"Rock","Reef Slope",0,0,NA,NA
"4484",4484,"Sand","Back Reef Slope",0,0,NA,NA
"4485",4485,"Sand","Back Reef Slope",0,0,NA,NA
"4486",4486,"Sand","Back Reef Slope",0,0,NA,NA
"4487",4487,"Sand","Back Reef Slope",0,0,NA,NA
"4488",4488,"Sand","Back Reef Slope",0,0,NA,NA
"4489",4489,"Sand","Reef Slope",0,0,NA,NA
"4490",4490,"Sand","Reef Slope",0,0,NA,NA
"4491",4491,"Sand","Deep Lagoon",0,0,NA,NA
"4492",4492,"Sand","Deep Lagoon",0,0,NA,NA
"4493",4493,"Rubble","Back Reef Slope",0,0,NA,NA
"4494",4494,"Rubble","Back Reef Slope",0,0,NA,NA
"4495",4495,"Rubble","Back Reef Slope",71.4340187068381,0,"Rubble",NA
"4496",4496,"Coral/Algae","Outer Reef Flat",0,0,NA,NA
"4497",4497,"Coral/Algae","Outer Reef Flat",0,0,NA,NA
"4498",4498,"Coral/Algae","Outer Reef Flat",0,0,NA,NA
"4499",4499,"Coral/Algae","Reef Slope",0,0,NA,NA
"4500",4500,"Coral/Algae","Reef Slope",0,0,NA,NA
"4501",4501,"Coral/Algae","Back Reef Slope",0,0,NA,NA
"4502",4502,NA,"Reef Slope",115.518828734748,65.5206619683379,NA,"Reef Slope"
"4503",4503,"Rock","Reef Slope",55.2133469946836,32.0632867181964,"Rock","Reef Slope"
"4504",4504,"Rock","Reef Slope",0,0,NA,NA
"4505",4505,"Rock","Reef Slope",0,0,NA,NA
"4506",4506,"Rock","Reef Slope",0,0,NA,NA
"4507",4507,"Coral/Algae","Reef Crest",0,0,NA,NA
"4508",4508,"Coral/Algae","Reef Crest",0,0,NA,NA
"4509",4509,"Rock","Outer Reef Flat",0,0,NA,NA
"4510",4510,"Rock","Reef Crest",0,0,NA,NA
"4511",4511,"Rock","Reef Crest",0,0,NA,NA
"4512",4512,"Sand","Back Reef Slope",0,0,NA,NA
"4513",4513,"Rubble","Reef Slope",37.335088794227,0,"Rubble",NA
"4514",4514,"Rubble","Reef Slope",37.335088794227,0,"Rubble",NA
"4515",4515,"Sand","Deep Lagoon",49.9841788354738,0,"Sand",NA
"4516",4516,"Sand","Deep Lagoon",49.9841788354738,0,"Sand",NA
"4517",4517,"Sand","Reef Slope",0,0,NA,NA
"4518",4518,"Sand","Reef Slope",0,0,NA,NA
"4519",4519,"Sand","Reef Slope",0,0,NA,NA
"4520",4520,"Coral/Algae","Reef Slope",33.2379740589873,0,"Coral/Algae",NA
"4521",4521,"Sand","Sheltered Reef Slope",74.2747968601632,0,"Sand",NA
"4522",4522,"Coral/Algae","Sheltered Reef Slope",0,0,NA,NA
"4523",4523,"Rubble","Sheltered Reef Slope",36.8339452599405,0,"Rubble",NA
"4524",4524,"Rock","Outer Reef Flat",0,0,NA,NA
"4525",4525,"Rock","Outer Reef Flat",0,0,NA,NA
"4526",4526,"Rock","Outer Reef Flat",0,0,NA,NA
"4527",4527,"Rock","Outer Reef Flat",0,0,NA,NA
"4528",4528,"Coral/Algae","Outer Reef Flat",0,0,NA,NA
"4529",4529,"Sand","Back Reef Slope",0,0,NA,NA
"4530",4530,"Sand","Back Reef Slope",0,0,NA,NA
"4531",4531,"Sand","Back Reef Slope",0,0,NA,NA
"4532",4532,"Coral/Algae","Back Reef Slope",0,0,NA,NA
"4533",4533,"Rock","Back Reef Slope",46.5836293232568,0,"Rock",NA
"4534",4534,"Rock","Sheltered Reef Slope",45.2382039993508,0,"Rock",NA
"4535",4535,"Rock","Sheltered Reef Slope",45.2382039993508,0,"Rock",NA
"4536",4536,"Rock","Outer Reef Flat",0,0,NA,NA
"4537",4537,"Rock","Outer Reef Flat",0,0,NA,NA
"4538",4538,"Rock","Outer Reef Flat",0,0,NA,NA
"4539",4539,"Coral/Algae","Outer Reef Flat",0,0,NA,NA
"4540",4540,"Coral/Algae","Outer Reef Flat",0,0,NA,NA
"4541",4541,"Rock","Reef Slope",30.414761560554,0,"Rock",NA
"4542",4542,"Rock","Outer Reef Flat",0,0,NA,NA
"4543",4543,"Rock","Outer Reef Flat",0,0,NA,NA
"4544",4544,"Rock","Outer Reef Flat",0,0,NA,NA
"4545",4545,"Coral/Algae","Outer Reef Flat",0,0,NA,NA
"4546",4546,"Coral/Algae","Outer Reef Flat",0,0,NA,NA
"4547",4547,"Rock","Back Reef Slope",0,0,NA,NA
"4548",4548,NA,"Deep",134.971670760115,0,NA,NA
"4549",4549,"Coral/Algae","Deep",39.3838199073749,0,"Coral/Algae",NA
"4550",4550,NA,"Deep",157.617295473975,75.6923002826685,NA,"Deep"
"4551",4551,"Coral/Algae","Sheltered Reef Slope",47.5173630712129,0,"Coral/Algae",NA
"4552",4552,"Rock","Sheltered Reef Slope",67.3165806721576,0,"Rock",NA
"4553",4553,"Rock","Sheltered Reef Slope",67.3165806721576,0,"Rock",NA
"4554",4554,"Rock","Deep",84.1395719549599,0,"Rock",NA
"4555",4555,"Rock","Reef Slope",0,0,NA,NA
"4556",4556,"Rock","Reef Slope",0,0,NA,NA
"4557",4557,"Rock","Reef Slope",0,0,NA,NA
"4558",4558,"Sand","Sheltered Reef Slope",73.273714829192,0,"Sand",NA
"4559",4559,"Sand","Sheltered Reef Slope",73.273714829192,0,"Sand",NA
"4560",4560,"Sand","Sheltered Reef Slope",73.273714829192,0,"Sand",NA
"4561",4561,"Rock","Reef Slope",0,0,NA,NA
"4562",4562,"Rock","Reef Slope",0,0,NA,NA
"4563",4563,"Rock","Reef Slope",0,0,NA,NA
"4564",4564,"Rock","Reef Slope",0,0,NA,NA
"4565",4565,"Rock","Back Reef Slope",60.6752220670306,0,"Rock",NA
"4566",4566,"Rock","Back Reef Slope",60.6752220670306,0,"Rock",NA
"4567",4567,"Rock","Back Reef Slope",60.6752220670306,0,"Rock",NA
"4568",4568,"Rock","Back Reef Slope",60.6752220670306,0,"Rock",NA
"4569",4569,"Rock","Back Reef Slope",60.6752220670306,0,"Rock",NA
"4570",4570,NA,"Sheltered Reef Slope",172.919191063796,0,NA,NA
"4571",4571,NA,"Sheltered Reef Slope",172.919191063796,0,NA,NA
"4572",4572,"Rock","Reef Slope",0,0,NA,NA
"4573",4573,"Rock","Reef Slope",0,0,NA,NA
"4574",4574,"Rock","Reef Slope",0,0,NA,NA
"4575",4575,"Rock","Reef Slope",0,0,NA,NA
"4576",4576,"Rock","Reef Slope",0,0,NA,NA
"4577",4577,"Rock","Reef Slope",0,0,NA,NA
"4578",4578,"Rock","Reef Slope",0,0,NA,NA
"4579",4579,"Rock","Reef Slope",0,0,NA,NA
"4580",4580,"Rock","Reef Slope",0,0,NA,NA
"4581",4581,"Rock","Deep",82.8708417697273,0,"Rock",NA
"4582",4582,"Rock","Deep",82.8708417697273,0,"Rock",NA
"4583",4583,"Rock","Deep",82.8708417697273,0,"Rock",NA
"4584",4584,"Rock","Deep",82.8708417697273,0,"Rock",NA
"4585",4585,"Rubble","Sheltered Reef Slope",0,0,NA,NA
"4586",4586,"Rubble","Sheltered Reef Slope",0,0,NA,NA
"4587",4587,"Rubble","Sheltered Reef Slope",0,0,NA,NA
"4588",4588,"Sand","Sheltered Reef Slope",0,0,NA,NA
"4589",4589,"Sand","Sheltered Reef Slope",0,0,NA,NA
"4590",4590,"Sand","Sheltered Reef Slope",0,0,NA,NA
"4591",4591,"Coral/Algae","Reef Slope",0,0,NA,NA
"4592",4592,"Coral/Algae","Reef Slope",0,0,NA,NA
"4593",4593,"Coral/Algae","Reef Slope",0,0,NA,NA
"4594",4594,"Sand","Inner Reef Flat",0,0,NA,NA
"4595",4595,"Sand","Inner Reef Flat",0,0,NA,NA
"4596",4596,"Sand","Inner Reef Flat",0,0,NA,NA
"4597",4597,"Sand","Reef Slope",0,0,NA,NA
"4598",4598,"Sand","Reef Slope",0,0,NA,NA
"4599",4599,NA,"Deep",150.705770428591,49.4071424818432,NA,"Deep"
"4600",4600,NA,"Deep",150.705770428591,49.4071424818432,NA,"Deep"
"4601",4601,"Rock","Deep",42.0981945441802,0,"Rock",NA
"4602",4602,"Rock","Deep",42.0981945441802,0,"Rock",NA
"4603",4603,"Rock","Deep",42.0981945441802,0,"Rock",NA
"4604",4604,"Rock","Deep",42.0981945441802,0,"Rock",NA
"4605",4605,"Rock","Deep",52.4814971050486,0,"Rock",NA
"4606",4606,"Rock","Deep",52.4814971050486,0,"Rock",NA
"4607",4607,"Rock","Deep",52.4814971050486,0,"Rock",NA
"4608",4608,"Rock","Reef Slope",39.0569958037829,0,"Rock",NA
"4609",4609,"Rock","Reef Slope",39.0569958037829,0,"Rock",NA
"4610",4610,"Rock","Reef Slope",39.0569958037829,0,"Rock",NA
"4611",4611,NA,"Deep",128.96069402148,0,NA,NA
"4612",4612,NA,"Deep",128.96069402148,0,NA,NA
"4613",4613,NA,"Deep",128.96069402148,0,NA,NA
"4614",4614,"Rock","Deep",69.5268483725468,0,"Rock",NA
"4615",4615,"Rock","Deep",69.5268483725468,0,"Rock",NA
"4616",4616,"Rock","Deep",69.5268483725468,0,"Rock",NA
"4617",4617,"Rock","Deep",56.3587396126903,0,"Rock",NA
"4618",4618,"Rock","Deep",56.3587396126903,0,"Rock",NA
"4619",4619,"Rock","Deep",39.2351483093842,0,"Rock",NA
"4620",4620,"Rock","Deep",39.2351483093842,0,"Rock",NA
"4621",4621,"Rock","Deep",39.2351483093842,0,"Rock",NA
"4622",4622,"Rock","Reef Slope",0,0,NA,NA
"4623",4623,"Rock","Reef Slope",0,0,NA,NA
"4624",4624,"Rock","Reef Slope",0,0,NA,NA
"4625",4625,"Rock","Reef Slope",0,0,NA,NA
"4626",4626,"Coral/Algae","Sheltered Reef Slope",40.0013853244831,0,"Coral/Algae",NA
"4627",4627,"Coral/Algae","Sheltered Reef Slope",40.0013853244831,0,"Coral/Algae",NA
"4628",4628,"Coral/Algae","Outer Reef Flat",0,0,NA,NA
"4629",4629,"Coral/Algae","Outer Reef Flat",0,0,NA,NA
"4630",4630,"Rock","Outer Reef Flat",0,0,NA,NA
"4631",4631,"Rock","Outer Reef Flat",0,0,NA,NA
"4632",4632,"Rock","Reef Slope",0,0,NA,NA
"4633",4633,"Coral/Algae","Outer Reef Flat",0,0,NA,NA
"4634",4634,"Sand","Back Reef Slope",83.6176654087039,0,"Sand",NA
"4635",4635,"Sand","Back Reef Slope",83.6176654087039,0,"Sand",NA
"4636",4636,"Sand","Back Reef Slope",83.6176654087039,0,"Sand",NA
"4637",4637,"Coral/Algae","Reef Slope",0,0,NA,NA
"4638",4638,"Coral/Algae","Reef Slope",0,0,NA,NA
"4639",4639,"Rock","Sheltered Reef Slope",37.5025664951952,0,"Rock",NA
"4640",4640,"Rock","Sheltered Reef Slope",37.5025664951952,0,"Rock",NA
"4641",4641,"Rock","Sheltered Reef Slope",37.5025664951952,0,"Rock",NA
"4642",4642,"Rock","Sheltered Reef Slope",37.5025664951952,0,"Rock",NA
"4643",4643,"Sand","Sheltered Reef Slope",0,0,NA,NA
"4644",4644,"Sand","Sheltered Reef Slope",0,0,NA,NA
"4645",4645,"Sand","Sheltered Reef Slope",0,0,NA,NA
"4646",4646,"Sand","Sheltered Reef Slope",0,0,NA,NA
"4647",4647,"Sand","Sheltered Reef Slope",0,0,NA,NA
"4648",4648,"Sand","Sheltered Reef Slope",0,0,NA,NA
"4649",4649,"Sand","Sheltered Reef Slope",0,0,NA,NA
"4650",4650,"Sand","Sheltered Reef Slope",0,0,NA,NA
"4651",4651,"Sand","Sheltered Reef Slope",0,0,NA,NA
"4652",4652,"Sand","Sheltered Reef Slope",0,0,NA,NA
"4653",4653,"Rubble","Back Reef Slope",0,0,NA,NA
"4654",4654,"Rock","Sheltered Reef Slope",0,0,NA,NA
"4655",4655,"Rock","Back Reef Slope",64.013856169465,0,"Rock",NA
"4656",4656,"Rock","Back Reef Slope",64.013856169465,0,"Rock",NA
"4657",4657,"Rock","Reef Slope",60.9085933521199,0,"Rock",NA
"4658",4658,"Rock","Back Reef Slope",98.9026792034794,51.1108889412166,"Rock","Back Reef Slope"
"4659",4659,"Rock","Back Reef Slope",98.9026792034794,51.1108889412166,"Rock","Back Reef Slope"
"4660",4660,"Coral/Algae","Patch Reef",0,0,NA,NA
"4661",4661,"Coral/Algae","Patch Reef",0,0,NA,NA
"4662",4662,"Coral/Algae","Patch Reef",0,0,NA,NA
"4663",4663,"Coral/Algae","Patch Reef",0,0,NA,NA
"4664",4664,"Rock","Reef Slope",28.878095417818,0,"Rock",NA
"4665",4665,"Rock","Reef Slope",28.878095417818,0,"Rock",NA
"4666",4666,"Rock","Reef Slope",28.878095417818,0,"Rock",NA
"4667",4667,"Coral/Algae","Reef Slope",38.8068084047577,0,"Coral/Algae",NA
"4668",4668,"Coral/Algae","Reef Slope",38.8068084047577,0,"Coral/Algae",NA
"4669",4669,"Rock","Reef Slope",0,0,NA,NA
"4670",4670,"Rock","Reef Slope",0,0,NA,NA
"4671",4671,"Sand","Sheltered Reef Slope",0,0,NA,NA
"4672",4672,"Rock","Sheltered Reef Slope",29.3215518945234,0,"Rock",NA
"4673",4673,"Rock","Sheltered Reef Slope",29.3215518945234,0,"Rock",NA
"4674",4674,"Sand","Inner Reef Flat",0,0,NA,NA
"4675",4675,"Rock","Reef Slope",0,0,NA,NA
"4676",4676,"Rock","Reef Slope",0,0,NA,NA
"4677",4677,"Rock","Reef Slope",0,0,NA,NA
"4678",4678,"Rock","Reef Slope",0,0,NA,NA
"4679",4679,"Rock","Reef Slope",0,0,NA,NA
"4680",4680,"Rock","Reef Slope",0,0,NA,NA
"4681",4681,"Rock","Outer Reef Flat",0,0,NA,NA
"4682",4682,"Rock","Outer Reef Flat",0,0,NA,NA
"4683",4683,"Rock","Outer Reef Flat",0,0,NA,NA
"4684",4684,"Rock","Outer Reef Flat",0,0,NA,NA
"4685",4685,"Rock","Outer Reef Flat",0,0,NA,NA
"4686",4686,NA,"Sheltered Reef Slope",108.700020073708,0,NA,NA
"4687",4687,NA,"Sheltered Reef Slope",108.700020073708,0,NA,NA
"4688",4688,"Rock","Outer Reef Flat",0,0,NA,NA
"4689",4689,"Rock","Outer Reef Flat",0,0,NA,NA
"4690",4690,"Rock","Outer Reef Flat",0,0,NA,NA
"4691",4691,"Rock","Outer Reef Flat",0,0,NA,NA
"4692",4692,"Rock","Outer Reef Flat",0,0,NA,NA
"4693",4693,"Coral/Algae","Sheltered Reef Slope",0,0,NA,NA
"4694",4694,NA,"Plateau",127.170663709007,0,NA,NA
"4695",4695,NA,"Plateau",127.170663709007,0,NA,NA
"4696",4696,"Rock","Back Reef Slope",40.4461081595789,0,"Rock",NA
"4697",4697,"Coral/Algae","Sheltered Reef Slope",0,0,NA,NA
"4698",4698,NA,NA,36882.2758014219,36836.1895255662,NA,NA
"4699",4699,NA,NA,36882.2758014219,36836.1895255662,NA,NA
"4700",4700,NA,NA,36882.2758014219,36836.1895255662,NA,NA
"4701",4701,NA,NA,36882.2758014219,36836.1895255662,NA,NA
"4702",4702,NA,NA,37355.7130012242,37314.4311138806,NA,NA
"4703",4703,NA,NA,37355.7130012242,37314.4311138806,NA,NA
"4704",4704,NA,NA,37355.7130012242,37314.4311138806,NA,NA
"4705",4705,NA,NA,36691.4514774854,36649.8827130456,NA,NA
"4706",4706,NA,NA,36691.4514774854,36649.8827130456,NA,NA
"4707",4707,NA,NA,36691.4514774854,36649.8827130456,NA,NA
"4708",4708,NA,NA,36691.4514774854,36649.8827130456,NA,NA
"4709",4709,NA,NA,36691.4514774854,36649.8827130456,NA,NA
"4710",4710,NA,NA,36495.6047770295,36454.8212506986,NA,NA
"4711",4711,NA,NA,36495.6047770295,36454.8212506986,NA,NA
"4712",4712,NA,NA,36495.6047770295,36454.8212506986,NA,NA
"4713",4713,NA,NA,36443.3921648743,36400.4900291071,NA,NA
"4714",4714,NA,NA,36443.3921648743,36400.4900291071,NA,NA
"4715",4715,NA,NA,36443.3921648743,36400.4900291071,NA,NA
"4716",4716,NA,NA,36820.761520106,36774.3042617059,NA,NA
"4717",4717,NA,NA,36820.761520106,36774.3042617059,NA,NA
"4718",4718,NA,NA,36427.3325975972,36381.9271342336,NA,NA
"4719",4719,NA,NA,36427.3325975972,36381.9271342336,NA,NA
"4720",4720,NA,NA,37386.723087909,37340.2918796889,NA,NA
"4721",4721,NA,NA,37386.723087909,37340.2918796889,NA,NA
"4722",4722,NA,NA,37447.2881340964,37401.4510157575,NA,NA
"4723",4723,NA,NA,37447.2881340964,37401.4510157575,NA,NA
"4724",4724,NA,NA,37447.2881340964,37401.4510157575,NA,NA
"4725",4725,NA,NA,37447.2881340964,37401.4510157575,NA,NA
"4726",4726,NA,NA,37815.5181766267,37771.045311052,NA,NA
"4727",4727,NA,NA,37815.5181766267,37771.045311052,NA,NA
"4728",4728,NA,NA,37815.5181766267,37771.045311052,NA,NA
"4729",4729,NA,NA,37815.5181766267,37771.045311052,NA,NA
"4730",4730,NA,NA,37815.5181766267,37771.045311052,NA,NA
"4731",4731,NA,NA,37664.717671261,37621.7988163871,NA,NA
"4732",4732,NA,NA,37664.717671261,37621.7988163871,NA,NA
"4733",4733,NA,NA,37664.717671261,37621.7988163871,NA,NA
"4734",4734,NA,NA,37664.717671261,37621.7988163871,NA,NA
"4735",4735,NA,NA,37264.5496630873,37222.5969128908,NA,NA
"4736",4736,NA,NA,37264.5496630873,37222.5969128908,NA,NA
"4737",4737,NA,NA,37264.5496630873,37222.5969128908,NA,NA
"4738",4738,NA,NA,37264.5496630873,37222.5969128908,NA,NA
"4739",4739,NA,NA,37264.5496630873,37222.5969128908,NA,NA
"4740",4740,NA,NA,37264.5496630873,37222.5969128908,NA,NA
"4741",4741,NA,NA,36780.9888886225,36738.7706586422,NA,NA
"4742",4742,NA,NA,36780.9888886225,36738.7706586422,NA,NA
"4743",4743,NA,NA,36780.9888886225,36738.7706586422,NA,NA
"4744",4744,NA,NA,36780.9888886225,36738.7706586422,NA,NA
"4745",4745,NA,NA,36780.9888886225,36738.7706586422,NA,NA
"4746",4746,NA,NA,36780.9888886225,36738.7706586422,NA,NA
"4747",4747,NA,NA,36559.9909972443,36516.3884261502,NA,NA
"4748",4748,NA,NA,36559.9909972443,36516.3884261502,NA,NA
"4749",4749,NA,NA,36559.9909972443,36516.3884261502,NA,NA
"4750",4750,NA,NA,36559.9909972443,36516.3884261502,NA,NA
"4751",4751,NA,NA,36559.9909972443,36516.3884261502,NA,NA
"4752",4752,NA,NA,36561.9620722394,36516.8175929793,NA,NA
"4753",4753,NA,NA,36561.9620722394,36516.8175929793,NA,NA
"4754",4754,NA,NA,36561.9620722394,36516.8175929793,NA,NA
"4755",4755,NA,NA,36561.9620722394,36516.8175929793,NA,NA
"4756",4756,NA,NA,37778.6664913244,37736.0048425968,NA,NA
"4757",4757,NA,NA,37778.6664913244,37736.0048425968,NA,NA
"4758",4758,"Rock","Reef Slope",0,0,NA,NA
"4759",4759,"Rock","Reef Slope",0,0,NA,NA
"4760",4760,"Rock","Reef Slope",0,0,NA,NA
"4761",4761,"Rock","Reef Slope",0,0,NA,NA
"4762",4762,"Rock","Reef Slope",0,0,NA,NA
"4763",4763,"Coral/Algae","Reef Crest",0,0,NA,NA
"4764",4764,"Coral/Algae","Reef Crest",0,0,NA,NA
"4765",4765,"Rock","Reef Crest",0,0,NA,NA
"4766",4766,"Rock","Reef Crest",0,0,NA,NA
"4767",4767,"Rock","Reef Crest",0,0,NA,NA
"4768",4768,"Coral/Algae","Reef Crest",0,0,NA,NA
"4769",4769,"Coral/Algae","Reef Crest",0,0,NA,NA
"4770",4770,"Rock","Reef Crest",0,0,NA,NA
"4771",4771,"Rock","Reef Crest",0,0,NA,NA
"4772",4772,"Rock","Reef Crest",0,0,NA,NA
"4773",4773,"Rock","Reef Crest",0,0,NA,NA
"4774",4774,"Rock","Reef Crest",0,0,NA,NA
"4775",4775,"Rock","Reef Crest",0,0,NA,NA
"4776",4776,"Sand","Back Reef Slope",0,0,NA,NA
"4777",4777,"Sand","Back Reef Slope",0,0,NA,NA
"4778",4778,"Sand","Back Reef Slope",0,0,NA,NA
"4779",4779,"Sand","Back Reef Slope",0,0,NA,NA
"4780",4780,"Sand","Back Reef Slope",0,0,NA,NA
"4781",4781,"Rock","Back Reef Slope",0,0,NA,NA
"4782",4782,"Rock","Back Reef Slope",0,0,NA,NA
"4783",4783,"Rock","Back Reef Slope",0,0,NA,NA
"4784",4784,"Rock","Back Reef Slope",0,0,NA,NA
"4785",4785,"Rock","Back Reef Slope",0,0,NA,NA
"4786",4786,"Coral/Algae","Back Reef Slope",0,0,NA,NA
"4787",4787,"Coral/Algae","Back Reef Slope",0,0,NA,NA
"4788",4788,"Coral/Algae","Back Reef Slope",0,0,NA,NA
"4789",4789,"Coral/Algae","Back Reef Slope",0,0,NA,NA
"4790",4790,"Coral/Algae","Back Reef Slope",0,0,NA,NA
"4791",4791,"Coral/Algae","Back Reef Slope",0,0,NA,NA
"4792",4792,"Coral/Algae","Back Reef Slope",0,0,NA,NA
"4793",4793,"Coral/Algae","Back Reef Slope",0,0,NA,NA
"4794",4794,"Coral/Algae","Back Reef Slope",0,0,NA,NA
"4795",4795,"Coral/Algae","Back Reef Slope",0,0,NA,NA
"4796",4796,"Coral/Algae","Back Reef Slope",0,0,NA,NA
"4797",4797,"Coral/Algae","Back Reef Slope",0,0,NA,NA
"4798",4798,"Coral/Algae","Back Reef Slope",0,0,NA,NA
"4799",4799,"Rock","Reef Crest",0,0,NA,NA
"4800",4800,"Rock","Reef Crest",0,0,NA,NA
"4801",4801,"Rock","Reef Crest",0,0,NA,NA
"4802",4802,"Rock","Reef Crest",0,0,NA,NA
"4803",4803,"Rock","Reef Crest",0,0,NA,NA
"4804",4804,"Rock","Reef Crest",0,0,NA,NA
"4805",4805,"Rock","Reef Crest",0,0,NA,NA
"4806",4806,"Rock","Reef Crest",0,0,NA,NA
"4807",4807,"Rock","Reef Crest",0,0,NA,NA
"4808",4808,"Rock","Reef Crest",0,0,NA,NA
"4809",4809,"Rock","Reef Crest",0,0,NA,NA
"4810",4810,"Rock","Reef Crest",0,0,NA,NA
"4811",4811,"Rock","Reef Crest",0,0,NA,NA
"4812",4812,"Rock","Reef Crest",0,0,NA,NA
"4813",4813,"Rock","Reef Crest",0,0,NA,NA
"4814",4814,"Rock","Reef Crest",0,0,NA,NA
"4815",4815,"Rock","Reef Crest",0,0,NA,NA
"4816",4816,"Rock","Reef Crest",0,0,NA,NA
"4817",4817,"Rock","Reef Crest",0,0,NA,NA
"4818",4818,"Rock","Reef Crest",0,0,NA,NA
"4819",4819,"Rock","Reef Crest",0,0,NA,NA
"4820",4820,"Rock","Reef Crest",0,0,NA,NA
"4821",4821,"Rock","Reef Crest",0,0,NA,NA
"4822",4822,"Rock","Reef Crest",0,0,NA,NA
"4823",4823,"Rock","Reef Crest",0,0,NA,NA
"4824",4824,"Rock","Reef Crest",0,0,NA,NA
"4825",4825,"Rock","Reef Crest",0,0,NA,NA
"4826",4826,"Rock","Reef Crest",0,0,NA,NA
"4827",4827,"Rock","Reef Crest",0,0,NA,NA
"4828",4828,"Rock","Reef Crest",0,0,NA,NA
"4829",4829,"Rock","Reef Crest",0,0,NA,NA
"4830",4830,"Rock","Reef Slope",0,0,NA,NA
"4831",4831,"Rock","Reef Slope",0,0,NA,NA
"4832",4832,"Rock","Reef Slope",0,0,NA,NA
"4833",4833,"Rock","Reef Slope",0,0,NA,NA
"4834",4834,"Rock","Reef Slope",0,0,NA,NA
"4835",4835,"Rock","Outer Reef Flat",0,0,NA,NA
"4836",4836,"Rock","Outer Reef Flat",0,0,NA,NA
"4837",4837,"Rock","Outer Reef Flat",0,0,NA,NA
"4838",4838,"Rock","Outer Reef Flat",0,0,NA,NA
"4839",4839,"Rock","Outer Reef Flat",0,0,NA,NA
"4840",4840,"Rock","Outer Reef Flat",0,0,NA,NA
"4841",4841,"Rock","Reef Crest",0,0,NA,NA
"4842",4842,"Rock","Reef Crest",0,0,NA,NA
"4843",4843,"Rock","Reef Crest",0,0,NA,NA
"4844",4844,"Rock","Reef Crest",0,0,NA,NA
"4845",4845,"Rock","Reef Crest",0,0,NA,NA
"4846",4846,"Coral/Algae","Outer Reef Flat",0,0,NA,NA
"4847",4847,"Coral/Algae","Outer Reef Flat",0,0,NA,NA
"4848",4848,"Coral/Algae","Outer Reef Flat",0,0,NA,NA
"4849",4849,"Coral/Algae","Outer Reef Flat",0,0,NA,NA
"4850",4850,"Coral/Algae","Outer Reef Flat",0,0,NA,NA
"4851",4851,"Coral/Algae","Outer Reef Flat",0,0,NA,NA
"4852",4852,"Coral/Algae","Outer Reef Flat",0,0,NA,NA
"4853",4853,"Coral/Algae","Outer Reef Flat",0,0,NA,NA
"4854",4854,"Coral/Algae","Outer Reef Flat",0,0,NA,NA
"4855",4855,"Coral/Algae","Outer Reef Flat",0,0,NA,NA
"4856",4856,"Coral/Algae","Outer Reef Flat",0,0,NA,NA
"4857",4857,"Coral/Algae","Outer Reef Flat",0,0,NA,NA
"4858",4858,"Coral/Algae","Outer Reef Flat",0,0,NA,NA
"4859",4859,"Coral/Algae","Outer Reef Flat",0,0,NA,NA
"4860",4860,"Sand","Inner Reef Flat",0,0,NA,NA
"4861",4861,"Sand","Inner Reef Flat",0,0,NA,NA
"4862",4862,"Sand","Inner Reef Flat",0,0,NA,NA
"4863",4863,"Sand","Inner Reef Flat",0,0,NA,NA
"4864",4864,"Sand","Inner Reef Flat",0,0,NA,NA
"4865",4865,"Sand","Inner Reef Flat",0,0,NA,NA
"4866",4866,"Sand","Inner Reef Flat",0,0,NA,NA
"4867",4867,"Rock","Reef Crest",0,0,NA,NA
"4868",4868,"Rock","Reef Crest",0,0,NA,NA
"4869",4869,"Rock","Reef Crest",0,0,NA,NA
"4870",4870,"Sand","Inner Reef Flat",0,0,NA,NA
"4871",4871,"Sand","Inner Reef Flat",0,0,NA,NA
"4872",4872,"Sand","Inner Reef Flat",0,0,NA,NA
"4873",4873,"Sand","Inner Reef Flat",0,0,NA,NA
"4874",4874,"Sand","Inner Reef Flat",0,0,NA,NA
"4875",4875,"Sand","Inner Reef Flat",0,0,NA,NA
"4876",4876,"Coral/Algae","Inner Reef Flat",0,0,NA,NA
"4877",4877,"Coral/Algae","Inner Reef Flat",0,0,NA,NA
"4878",4878,"Coral/Algae","Inner Reef Flat",0,0,NA,NA
"4879",4879,"Coral/Algae","Inner Reef Flat",0,0,NA,NA
"4880",4880,"Coral/Algae","Inner Reef Flat",0,0,NA,NA
"4881",4881,"Coral/Algae","Inner Reef Flat",0,0,NA,NA
"4882",4882,"Coral/Algae","Outer Reef Flat",0,0,NA,NA
"4883",4883,"Coral/Algae","Outer Reef Flat",0,0,NA,NA
"4884",4884,"Coral/Algae","Outer Reef Flat",0,0,NA,NA
"4885",4885,"Coral/Algae","Outer Reef Flat",0,0,NA,NA
"4886",4886,"Coral/Algae","Outer Reef Flat",0,0,NA,NA
"4887",4887,"Sand","Inner Reef Flat",0,0,NA,NA
"4888",4888,"Sand","Inner Reef Flat",0,0,NA,NA
"4889",4889,"Sand","Inner Reef Flat",0,0,NA,NA
"4890",4890,"Sand","Inner Reef Flat",0,0,NA,NA
"4891",4891,"Sand","Shallow Lagoon",0,0,NA,NA
"4892",4892,"Sand","Shallow Lagoon",0,0,NA,NA
"4893",4893,"Sand","Shallow Lagoon",0,0,NA,NA
"4894",4894,"Sand","Shallow Lagoon",0,0,NA,NA
"4895",4895,"Sand","Shallow Lagoon",0,0,NA,NA
"4896",4896,"Sand","Shallow Lagoon",0,0,NA,NA
"4897",4897,"Sand","Outer Reef Flat",0,0,NA,NA
"4898",4898,"Sand","Outer Reef Flat",0,0,NA,NA
"4899",4899,"Sand","Outer Reef Flat",0,0,NA,NA
"4900",4900,"Sand","Deep Lagoon",0,0,NA,NA
"4901",4901,"Sand","Deep Lagoon",0,0,NA,NA
"4902",4902,"Sand","Deep Lagoon",0,0,NA,NA
"4903",4903,"Rock","Outer Reef Flat",0,0,NA,NA
"4904",4904,"Rock","Outer Reef Flat",0,0,NA,NA
"4905",4905,"Rock","Outer Reef Flat",0,0,NA,NA
"4906",4906,"Coral/Algae","Outer Reef Flat",0,0,NA,NA
"4907",4907,"Coral/Algae","Outer Reef Flat",0,0,NA,NA
"4908",4908,"Coral/Algae","Outer Reef Flat",0,0,NA,NA
"4909",4909,"Coral/Algae","Outer Reef Flat",0,0,NA,NA
"4910",4910,"Coral/Algae","Outer Reef Flat",0,0,NA,NA
"4911",4911,"Coral/Algae","Outer Reef Flat",0,0,NA,NA
"4912",4912,"Coral/Algae","Reef Crest",0,0,NA,NA
"4913",4913,"Coral/Algae","Reef Crest",0,0,NA,NA
"4914",4914,"Coral/Algae","Reef Crest",0,0,NA,NA
"4915",4915,"Coral/Algae","Outer Reef Flat",0,0,NA,NA
"4916",4916,"Coral/Algae","Outer Reef Flat",0,0,NA,NA
"4917",4917,"Coral/Algae","Outer Reef Flat",0,0,NA,NA
"4918",4918,"Coral/Algae","Outer Reef Flat",0,0,NA,NA
"4919",4919,"Coral/Algae","Outer Reef Flat",0,0,NA,NA
"4920",4920,"Coral/Algae","Outer Reef Flat",0,0,NA,NA
"4921",4921,"Coral/Algae","Outer Reef Flat",0,0,NA,NA
"4922",4922,"Coral/Algae","Outer Reef Flat",0,0,NA,NA
"4923",4923,"Coral/Algae","Outer Reef Flat",0,0,NA,NA
"4924",4924,"Coral/Algae","Outer Reef Flat",0,0,NA,NA
"4925",4925,"Coral/Algae","Outer Reef Flat",0,0,NA,NA
"4926",4926,"Sand","Deep Lagoon",26.7513753653561,0,"Sand",NA
"4927",4927,"Sand","Deep Lagoon",26.7513753653561,0,"Sand",NA
"4928",4928,"Sand","Deep Lagoon",26.7513753653561,0,"Sand",NA
"4929",4929,"Sand","Deep Lagoon",26.7513753653561,0,"Sand",NA
"4930",4930,"Sand","Deep Lagoon",26.7513753653561,0,"Sand",NA
"4931",4931,"Sand","Deep Lagoon",26.7513753653561,0,"Sand",NA
"4932",4932,"Rock","Reef Crest",0,0,NA,NA
"4933",4933,"Rock","Reef Crest",0,0,NA,NA
"4934",4934,"Rock","Reef Crest",0,0,NA,NA
"4935",4935,"Rock","Reef Crest",0,0,NA,NA
"4936",4936,"Rock","Reef Crest",0,0,NA,NA
"4937",4937,"Coral/Algae","Deep Lagoon",0,0,NA,NA
"4938",4938,"Coral/Algae","Deep Lagoon",0,0,NA,NA
"4939",4939,"Coral/Algae","Deep Lagoon",0,0,NA,NA
"4940",4940,"Coral/Algae","Deep Lagoon",0,0,NA,NA
"4941",4941,"Coral/Algae","Deep Lagoon",0,0,NA,NA
"4942",4942,"Coral/Algae","Deep Lagoon",0,0,NA,NA
"4943",4943,"Coral/Algae","Back Reef Slope",0,0,NA,NA
"4944",4944,"Coral/Algae","Back Reef Slope",0,0,NA,NA
"4945",4945,"Coral/Algae","Back Reef Slope",0,0,NA,NA
"4946",4946,"Coral/Algae","Back Reef Slope",0,0,NA,NA
"4947",4947,"Coral/Algae","Back Reef Slope",0,0,NA,NA
"4948",4948,"Coral/Algae","Back Reef Slope",0,0,NA,NA
"4949",4949,"Coral/Algae","Back Reef Slope",0,0,NA,NA
"4950",4950,NA,"Deep",249.193820284206,39.5873947401039,NA,"Deep"
"4951",4951,NA,"Deep",249.193820284206,39.5873947401039,NA,"Deep"
"4952",4952,NA,"Deep",249.193820284206,39.5873947401039,NA,"Deep"
"4953",4953,NA,"Plateau",242.657442304243,0,NA,NA
"4954",4954,NA,"Plateau",242.657442304243,0,NA,NA
"4955",4955,"Coral/Algae","Deep Lagoon",0,0,NA,NA
"4956",4956,"Coral/Algae","Deep Lagoon",0,0,NA,NA
"4957",4957,"Coral/Algae","Deep Lagoon",0,0,NA,NA
"4958",4958,"Coral/Algae","Deep Lagoon",0,0,NA,NA
"4959",4959,"Coral/Algae","Deep Lagoon",0,0,NA,NA
"4960",4960,"Sand","Deep Lagoon",0,0,NA,NA
"4961",4961,"Sand","Deep Lagoon",0,0,NA,NA
"4962",4962,"Sand","Deep Lagoon",0,0,NA,NA
"4963",4963,"Sand","Deep Lagoon",0,0,NA,NA
"4964",4964,"Coral/Algae","Reef Crest",0,0,NA,NA
"4965",4965,"Coral/Algae","Reef Crest",0,0,NA,NA
"4966",4966,"Coral/Algae","Reef Crest",0,0,NA,NA
"4967",4967,"Rock","Deep Lagoon",0,0,NA,NA
"4968",4968,"Rock","Deep Lagoon",0,0,NA,NA
"4969",4969,"Rock","Deep Lagoon",0,0,NA,NA
"4970",4970,"Rock","Deep Lagoon",0,0,NA,NA
"4971",4971,"Sand","Deep Lagoon",0,0,NA,NA
"4972",4972,"Sand","Deep Lagoon",0,0,NA,NA
"4973",4973,"Sand","Deep Lagoon",0,0,NA,NA
"4974",4974,"Sand","Deep Lagoon",0,0,NA,NA
"4975",4975,"Sand","Deep Lagoon",0,0,NA,NA
"4976",4976,"Sand","Deep Lagoon",0,0,NA,NA
"4977",4977,"Sand","Deep Lagoon",0,0,NA,NA
"4978",4978,"Sand","Deep Lagoon",0,0,NA,NA
"4979",4979,"Coral/Algae","Deep Lagoon",0,0,NA,NA
"4980",4980,"Coral/Algae","Deep Lagoon",0,0,NA,NA
"4981",4981,"Coral/Algae","Deep Lagoon",0,0,NA,NA
"4982",4982,"Coral/Algae","Deep Lagoon",0,0,NA,NA
"4983",4983,"Coral/Algae","Inner Reef Flat",0,0,NA,NA
"4984",4984,"Coral/Algae","Inner Reef Flat",0,0,NA,NA
"4985",4985,"Coral/Algae","Inner Reef Flat",0,0,NA,NA
"4986",4986,"Sand","Deep Lagoon",0,0,NA,NA
"4987",4987,"Sand","Deep Lagoon",0,0,NA,NA
"4988",4988,"Sand","Deep Lagoon",0,0,NA,NA
"4989",4989,"Sand","Deep Lagoon",0,0,NA,NA
"4990",4990,"Sand","Outer Reef Flat",0,0,NA,NA
"4991",4991,"Sand","Outer Reef Flat",0,0,NA,NA
"4992",4992,"Sand","Outer Reef Flat",0,0,NA,NA
"4993",4993,"Sand","Deep Lagoon",50.7977605973413,0,"Sand",NA
"4994",4994,"Coral/Algae","Reef Crest",0,0,NA,NA
"4995",4995,"Coral/Algae","Reef Crest",0,0,NA,NA
"4996",4996,"Coral/Algae","Reef Crest",0,0,NA,NA
"4997",4997,"Coral/Algae","Reef Crest",0,0,NA,NA
"4998",4998,"Coral/Algae","Reef Crest",0,0,NA,NA
"4999",4999,"Coral/Algae","Reef Crest",0,0,NA,NA
"5000",5000,"Coral/Algae","Reef Crest",0,0,NA,NA
"5001",5001,"Coral/Algae","Reef Crest",0,0,NA,NA
"5002",5002,"Coral/Algae","Reef Crest",0,0,NA,NA
"5003",5003,"Coral/Algae","Reef Crest",0,0,NA,NA
"5004",5004,"Rock","Reef Slope",0,0,NA,NA
"5005",5005,NA,"Back Reef Slope",211.895118794223,0,NA,NA
"5006",5006,NA,"Reef Slope",131.153474888732,0,NA,NA
"5007",5007,NA,"Reef Slope",131.153474888732,0,NA,NA
"5008",5008,"Sand","Back Reef Slope",0,0,NA,NA
"5009",5009,"Sand","Back Reef Slope",0,0,NA,NA
"5010",5010,"Sand","Back Reef Slope",0,0,NA,NA
"5011",5011,"Sand","Back Reef Slope",0,0,NA,NA
"5012",5012,"Sand","Back Reef Slope",0,0,NA,NA
"5013",5013,"Sand","Back Reef Slope",0,0,NA,NA
"5014",5014,"Sand","Back Reef Slope",0,0,NA,NA
"5015",5015,"Sand","Back Reef Slope",0,0,NA,NA
"5016",5016,"Sand","Back Reef Slope",0,0,NA,NA
"5017",5017,"Sand","Back Reef Slope",0,0,NA,NA
"5018",5018,"Coral/Algae","Back Reef Slope",71.1517961839664,0,"Coral/Algae",NA
"5019",5019,"Coral/Algae","Back Reef Slope",71.1517961839664,0,"Coral/Algae",NA
"5020",5020,"Coral/Algae","Back Reef Slope",71.1517961839664,0,"Coral/Algae",NA
"5021",5021,"Coral/Algae","Back Reef Slope",71.1517961839664,0,"Coral/Algae",NA
"5022",5022,"Rock","Sheltered Reef Slope",38.9372364920077,0,"Rock",NA
"5023",5023,"Rock","Sheltered Reef Slope",38.9372364920077,0,"Rock",NA
"5024",5024,"Rock","Sheltered Reef Slope",38.9372364920077,0,"Rock",NA
"5025",5025,"Rock","Sheltered Reef Slope",38.9372364920077,0,"Rock",NA
"5026",5026,"Rock","Reef Slope",53.2537835010802,0,"Rock",NA
"5027",5027,"Rock","Reef Slope",53.2537835010802,0,"Rock",NA
"5028",5028,"Rock","Reef Slope",53.2537835010802,0,"Rock",NA
"5029",5029,"Rock","Reef Slope",53.2537835010802,0,"Rock",NA
"5030",5030,"Rock","Back Reef Slope",35.8884598692612,0,"Rock",NA
"5031",5031,"Rock","Back Reef Slope",35.8884598692612,0,"Rock",NA
"5032",5032,"Rock","Reef Slope",43.0632285273973,0,"Rock",NA
"5033",5033,"Rock","Reef Slope",43.0632285273973,0,"Rock",NA
"5034",5034,"Rock","Reef Slope",0,0,NA,NA
"5035",5035,"Rock","Reef Slope",34.6774564689222,0,"Rock",NA
"5036",5036,"Rock","Reef Slope",34.6774564689222,0,"Rock",NA
"5037",5037,"Rock","Reef Slope",34.6774564689222,0,"Rock",NA
"5038",5038,"Rock","Reef Slope",34.6774564689222,0,"Rock",NA
"5039",5039,"Rock","Reef Slope",0,0,NA,NA
"5040",5040,"Rock","Reef Slope",0,0,NA,NA
"5041",5041,"Rock","Reef Slope",0,0,NA,NA
"5042",5042,"Rock","Reef Slope",0,0,NA,NA
"5043",5043,"Rock","Reef Slope",0,0,NA,NA
"5044",5044,"Rock","Reef Slope",72.1849732629828,0,"Rock",NA
"5045",5045,"Rock","Reef Slope",72.1849732629828,0,"Rock",NA
"5046",5046,"Rock","Reef Slope",72.1849732629828,0,"Rock",NA
"5047",5047,"Rock","Reef Slope",43.2486466605302,0,"Rock",NA
"5048",5048,"Rock","Reef Slope",43.2486466605302,0,"Rock",NA
"5049",5049,"Rock","Reef Slope",44.8994816046317,0,"Rock",NA
"5050",5050,"Rock","Reef Slope",44.8994816046317,0,"Rock",NA
"5051",5051,"Rock","Reef Slope",72.9357806188328,0,"Rock",NA
"5052",5052,NA,NA,35014.1619332747,34984.9090435511,NA,NA
"5053",5053,NA,NA,35014.1619332747,34984.9090435511,NA,NA
"5054",5054,NA,NA,35014.1619332747,34984.9090435511,NA,NA
"5055",5055,NA,NA,35968.326487564,35939.413374075,NA,NA
"5056",5056,NA,NA,35968.326487564,35939.413374075,NA,NA
"5057",5057,NA,NA,35968.326487564,35939.413374075,NA,NA
"5058",5058,NA,NA,35609.7749880841,35580.8982318402,NA,NA
"5059",5059,NA,NA,35609.7749880841,35580.8982318402,NA,NA
"5060",5060,NA,NA,35609.7749880841,35580.8982318402,NA,NA
"5061",5061,NA,NA,35354.8964690319,35325.6400537601,NA,NA
"5062",5062,NA,NA,35354.8964690319,35325.6400537601,NA,NA
"5063",5063,NA,NA,35354.8964690319,35325.6400537601,NA,NA
"5064",5064,NA,NA,35145.2049844363,35115.5859207982,NA,NA
"5065",5065,NA,NA,35145.2049844363,35115.5859207982,NA,NA
"5066",5066,NA,NA,35145.2049844363,35115.5859207982,NA,NA
"5067",5067,NA,NA,35145.2049844363,35115.5859207982,NA,NA
"5068",5068,NA,NA,35040.6003280531,35012.0507648281,NA,NA
"5069",5069,NA,NA,35040.6003280531,35012.0507648281,NA,NA
"5070",5070,NA,NA,35040.6003280531,35012.0507648281,NA,NA
"5071",5071,NA,NA,35040.6003280531,35012.0507648281,NA,NA
"5072",5072,NA,NA,35064.3997072609,35036.4171827732,NA,NA
"5073",5073,NA,NA,35064.3997072609,35036.4171827732,NA,NA
"5074",5074,NA,NA,35064.3997072609,35036.4171827732,NA,NA
"5075",5075,NA,NA,35363.0075094886,35335.4173533516,NA,NA
"5076",5076,NA,NA,35363.0075094886,35335.4173533516,NA,NA
"5077",5077,NA,NA,35363.0075094886,35335.4173533516,NA,NA
"5078",5078,NA,NA,35363.0075094886,35335.4173533516,NA,NA
"5079",5079,NA,NA,35802.0175728129,35774.4675185962,NA,NA
"5080",5080,NA,NA,35802.0175728129,35774.4675185962,NA,NA
"5081",5081,NA,NA,35802.0175728129,35774.4675185962,NA,NA
"5082",5082,NA,NA,35802.0175728129,35774.4675185962,NA,NA
"5083",5083,NA,NA,36223.4463160693,36195.7789492002,NA,NA
"5084",5084,NA,NA,36223.4463160693,36195.7789492002,NA,NA
"5085",5085,NA,NA,36223.4463160693,36195.7789492002,NA,NA
"5086",5086,NA,NA,36223.4463160693,36195.7789492002,NA,NA
"5087",5087,NA,NA,36510.6903891482,36482.751811764,NA,NA
"5088",5088,NA,NA,36510.6903891482,36482.751811764,NA,NA
"5089",5089,NA,NA,36550.4285300514,36521.9938222698,NA,NA
"5090",5090,NA,NA,36550.4285300514,36521.9938222698,NA,NA
"5091",5091,NA,NA,36348.2336660784,36319.3158308773,NA,NA
"5092",5092,NA,NA,36348.2336660784,36319.3158308773,NA,NA
"5093",5093,NA,NA,36348.2336660784,36319.3158308773,NA,NA
"5094",5094,NA,NA,35014.079238521,34985.3453846063,NA,NA
"5095",5095,NA,NA,35014.079238521,34985.3453846063,NA,NA
"5096",5096,NA,NA,35669.1243083479,35640.1052345984,NA,NA
"5097",5097,NA,"Deep Lagoon",108.207260188108,0,NA,NA
"5098",5098,"Sand","Sheltered Reef Slope",0,0,NA,NA
"5099",5099,"Sand","Sheltered Reef Slope",0,0,NA,NA
"5100",5100,"Rubble","Sheltered Reef Slope",0,0,NA,NA
"5101",5101,"Sand","Back Reef Slope",0,0,NA,NA
"5102",5102,"Coral/Algae","Back Reef Slope",0,0,NA,NA
"5103",5103,"Coral/Algae","Sheltered Reef Slope",0,0,NA,NA
"5104",5104,"Coral/Algae","Sheltered Reef Slope",0,0,NA,NA
"5105",5105,"Rock","Sheltered Reef Slope",0,0,NA,NA
"5106",5106,"Rubble","Plateau",0,0,NA,NA
"5107",5107,"Rock","Outer Reef Flat",0,0,NA,NA
"5108",5108,"Sand","Back Reef Slope",0,0,NA,NA
"5109",5109,"Rock","Back Reef Slope",0,0,NA,NA
"5110",5110,"Rock","Back Reef Slope",0,0,NA,NA
"5111",5111,"Rock","Reef Slope",71.371255429785,45.6364529430178,"Rock","Reef Slope"
"5112",5112,"Sand","Sheltered Reef Slope",0,0,NA,NA
"5113",5113,"Rubble","Plateau",0,0,NA,NA
"5114",5114,"Rubble","Outer Reef Flat",0,0,NA,NA
"5115",5115,"Rock","Reef Slope",41.8842127560117,32.832584596345,"Rock","Reef Slope"
"5116",5116,"Rubble","Reef Slope",41.2155646410271,0,"Rubble",NA
"5117",5117,"Rock","Reef Slope",0,0,NA,NA
"5118",5118,"Rock","Plateau",0,0,NA,NA
"5119",5119,"Rubble","Reef Slope",0,0,NA,NA
"5120",5120,"Rubble","Reef Slope",0,0,NA,NA
"5121",5121,"Sand","Reef Slope",0,0,NA,NA
"5122",5122,"Sand","Reef Slope",0,0,NA,NA
"5123",5123,"Rubble","Back Reef Slope",0,0,NA,NA
"5124",5124,"Rock","Back Reef Slope",0,0,NA,NA
"5125",5125,"Rock","Back Reef Slope",68.2813017955136,68.2813017955136,"Rock","Back Reef Slope"
"5126",5126,"Rubble","Back Reef Slope",0,0,NA,NA
"5127",5127,"Coral/Algae","Back Reef Slope",0,0,NA,NA
"5128",5128,"Coral/Algae","Back Reef Slope",0,0,NA,NA
"5129",5129,"Coral/Algae","Back Reef Slope",0,0,NA,NA
"5130",5130,"Rubble","Back Reef Slope",0,0,NA,NA
"5131",5131,"Coral/Algae","Back Reef Slope",0,0,NA,NA
"5132",5132,"Rock","Back Reef Slope",30.4376930014877,0,"Rock",NA
"5133",5133,"Rock","Back Reef Slope",0,0,NA,NA
"5134",5134,"Rock","Back Reef Slope",72.6484987359302,0,"Rock",NA
"5135",5135,"Rubble","Back Reef Slope",48.9923304944531,0,"Rubble",NA
"5136",5136,"Rubble","Back Reef Slope",84.8448127310974,0,"Rubble",NA
"5137",5137,"Coral/Algae","Outer Reef Flat",0,0,NA,NA
"5138",5138,"Sand","Back Reef Slope",0,0,NA,NA
"5139",5139,"Coral/Algae","Outer Reef Flat",0,0,NA,NA
"5140",5140,"Coral/Algae","Outer Reef Flat",0,0,NA,NA
"5141",5141,"Coral/Algae","Outer Reef Flat",0,0,NA,NA
"5142",5142,"Coral/Algae","Outer Reef Flat",0,0,NA,NA
"5143",5143,"Coral/Algae","Outer Reef Flat",0,0,NA,NA
"5144",5144,"Coral/Algae","Inner Reef Flat",0,0,NA,NA
"5145",5145,"Coral/Algae","Inner Reef Flat",0,0,NA,NA
"5146",5146,"Rock","Outer Reef Flat",0,0,NA,NA
"5147",5147,"Rock","Outer Reef Flat",0,0,NA,NA
"5148",5148,"Rock","Reef Slope",0,0,NA,NA
"5149",5149,"Coral/Algae","Back Reef Slope",40.9822973131341,0,"Coral/Algae",NA
"5150",5150,"Sand","Deep Lagoon",70.4196309828898,56.4554404679934,"Sand","Deep Lagoon"
"5151",5151,"Sand","Deep Lagoon",70.4196309828898,56.4554404679934,"Sand","Deep Lagoon"
"5152",5152,"Sand","Back Reef Slope",46.7507653166009,0,"Sand",NA
"5153",5153,"Rock","Back Reef Slope",27.4843643582035,27.4843643582035,"Rock","Back Reef Slope"
"5154",5154,"Rock","Reef Slope",0,0,NA,NA
"5155",5155,"Rock","Reef Slope",48.0966197364959,0,"Rock",NA
"5156",5156,"Rock","Reef Slope",0,0,NA,NA
"5157",5157,"Rock","Reef Slope",0,0,NA,NA
"5158",5158,NA,NA,5855.19334877041,5750.48527032588,NA,NA
"5159",5159,NA,NA,7457.61529483279,7329.50173954426,NA,NA
"5160",5160,NA,NA,7457.61529483279,7329.50173954426,NA,NA
"5161",5161,NA,NA,7457.61529483279,7329.50173954426,NA,NA
"5162",5162,NA,NA,7457.61529483279,7329.50173954426,NA,NA
"5163",5163,NA,NA,7076.9185450446,6968.20565860844,NA,NA
"5164",5164,NA,NA,7076.9185450446,6968.20565860844,NA,NA
"5165",5165,NA,NA,7076.9185450446,6968.20565860844,NA,NA
"5166",5166,NA,NA,7076.9185450446,6968.20565860844,NA,NA
"5167",5167,NA,NA,6658.38102805883,6566.77138034462,NA,NA
"5168",5168,NA,NA,6658.38102805883,6566.77138034462,NA,NA
"5169",5169,NA,NA,6658.38102805883,6566.77138034462,NA,NA
"5170",5170,NA,NA,6148.47236233229,6063.2700648951,NA,NA
"5171",5171,NA,NA,5578.02581657357,5423.96149656959,NA,NA
"5172",5172,NA,NA,5983.75927576193,5847.42845929416,NA,NA
"5173",5173,NA,NA,5983.75927576193,5847.42845929416,NA,NA
"5174",5174,NA,NA,6505.79232742535,6366.34987887877,NA,NA
"5175",5175,NA,NA,6505.79232742535,6366.34987887877,NA,NA
"5176",5176,NA,NA,6505.79232742535,6366.34987887877,NA,NA
"5177",5177,NA,NA,6505.79232742535,6366.34987887877,NA,NA
"5178",5178,NA,NA,7026.54133042654,6881.29619177229,NA,NA
"5179",5179,NA,NA,7026.54133042654,6881.29619177229,NA,NA
"5180",5180,NA,NA,7026.54133042654,6881.29619177229,NA,NA
"5181",5181,NA,NA,7026.54133042654,6881.29619177229,NA,NA
"5182",5182,NA,NA,7567.12688529059,7410.38396992893,NA,NA
"5183",5183,NA,NA,7567.12688529059,7410.38396992893,NA,NA
"5184",5184,NA,NA,7567.12688529059,7410.38396992893,NA,NA
"5185",5185,NA,NA,7731.01712052196,7563.67647122831,NA,NA
"5186",5186,NA,NA,7731.01712052196,7563.67647122831,NA,NA
"5187",5187,NA,NA,6349.32940522579,6256.62235267125,NA,NA
"5188",5188,NA,NA,6349.32940522579,6256.62235267125,NA,NA
"5189",5189,NA,NA,5871.82350859822,5730.82167338351,NA,NA
"5190",5190,NA,NA,5871.82350859822,5730.82167338351,NA,NA
"5191",5191,"Rock","Reef Slope",82.0523356959598,37.6489630183364,"Rock","Reef Slope"
"5192",5192,NA,"Back Reef Slope",303.927143831713,0,NA,NA
"5193",5193,NA,NA,13960.9648719185,13467.8288870591,NA,NA
"5194",5194,NA,NA,13960.9648719185,13467.8288870591,NA,NA
"5195",5195,NA,NA,13960.9648719185,13467.8288870591,NA,NA
"5196",5196,NA,NA,13960.9648719185,13467.8288870591,NA,NA
"5197",5197,NA,NA,13960.9648719185,13467.8288870591,NA,NA
"5198",5198,NA,NA,13924.902268669,13413.8393937607,NA,NA
"5199",5199,NA,NA,13924.902268669,13413.8393937607,NA,NA
"5200",5200,NA,NA,13924.902268669,13413.8393937607,NA,NA
"5201",5201,NA,NA,13924.902268669,13413.8393937607,NA,NA
"5202",5202,NA,NA,14331.9237710304,13824.2218192439,NA,NA
"5203",5203,NA,NA,14331.9237710304,13824.2218192439,NA,NA
"5204",5204,NA,NA,14331.9237710304,13824.2218192439,NA,NA
"5205",5205,NA,NA,14117.1859772833,13619.0718826561,NA,NA
"5206",5206,NA,NA,14117.1859772833,13619.0718826561,NA,NA
"5207",5207,NA,NA,14117.1859772833,13619.0718826561,NA,NA
"5208",5208,NA,NA,14117.1859772833,13619.0718826561,NA,NA
"5209",5209,NA,NA,14117.1859772833,13619.0718826561,NA,NA
"5210",5210,NA,NA,14117.1859772833,13619.0718826561,NA,NA
"5211",5211,NA,NA,14117.1859772833,13619.0718826561,NA,NA
"5212",5212,"Rock","Reef Slope",0,0,NA,NA
"5213",5213,"Coral/Algae","Reef Slope",0,0,NA,NA
"5214",5214,"Rock","Outer Reef Flat",0,0,NA,NA
"5215",5215,"Rubble","Sheltered Reef Slope",49.3431711234977,0,"Rubble",NA
"5216",5216,"Sand","Sheltered Reef Slope",0,0,NA,NA
"5217",5217,"Coral/Algae","Sheltered Reef Slope",0,0,NA,NA
"5218",5218,NA,"Reef Slope",126.161437421853,0,NA,NA
"5219",5219,"Coral/Algae","Reef Slope",37.7329065894748,0,"Coral/Algae",NA
"5220",5220,"Sand","Back Reef Slope",0,0,NA,NA
"5221",5221,"Sand","Back Reef Slope",0,0,NA,NA
"5222",5222,"Sand","Sheltered Reef Slope",0,0,NA,NA
"5223",5223,"Sand","Outer Reef Flat",0,0,NA,NA
"5224",5224,"Sand","Reef Slope",43.8280127769596,0,"Sand",NA
"5225",5225,"Sand","Reef Slope",43.8280127769596,0,"Sand",NA
"5226",5226,"Rock","Reef Slope",35.2520566928273,0,"Rock",NA
"5227",5227,"Rock","Reef Slope",35.2520566928273,0,"Rock",NA
"5228",5228,"Rock","Reef Slope",0,0,NA,NA
"5229",5229,"Sand","Outer Reef Flat",0,0,NA,NA
"5230",5230,"Sand","Outer Reef Flat",0,0,NA,NA
"5231",5231,"Rock","Reef Slope",0,0,NA,NA
"5232",5232,"Rock","Reef Slope",0,0,NA,NA
"5233",5233,"Rock","Reef Slope",0,0,NA,NA
"5234",5234,"Rock","Reef Slope",0,0,NA,NA
"5235",5235,"Rock","Outer Reef Flat",0,0,NA,NA
"5236",5236,"Rock","Outer Reef Flat",0,0,NA,NA
"5237",5237,"Rock","Outer Reef Flat",0,0,NA,NA
"5238",5238,"Rock","Reef Slope",0,0,NA,NA
"5239",5239,"Rock","Reef Slope",0,0,NA,NA
"5240",5240,"Rock","Reef Slope",0,0,NA,NA
"5241",5241,"Rock","Reef Slope",0,0,NA,NA
"5242",5242,"Rock","Reef Slope",0,0,NA,NA
"5243",5243,"Rock","Reef Slope",0,0,NA,NA
"5244",5244,"Coral/Algae","Sheltered Reef Slope",0,0,NA,NA
"5245",5245,"Rock","Reef Crest",0,0,NA,NA
"5246",5246,"Rock","Reef Crest",0,0,NA,NA
"5247",5247,"Rock","Reef Crest",0,0,NA,NA
"5248",5248,"Coral/Algae","Reef Slope",81.9574778271096,44.7160303021547,"Coral/Algae","Reef Slope"
"5249",5249,"Coral/Algae","Reef Slope",81.9574778271096,44.7160303021547,"Coral/Algae","Reef Slope"
"5250",5250,"Coral/Algae","Reef Slope",81.9574778271096,44.7160303021547,"Coral/Algae","Reef Slope"
"5251",5251,"Rock","Sheltered Reef Slope",51.87657174151,0,"Rock",NA
"5252",5252,"Coral/Algae","Reef Crest",0,0,NA,NA
"5253",5253,"Coral/Algae","Reef Crest",0,0,NA,NA
"5254",5254,"Coral/Algae","Reef Crest",0,0,NA,NA
"5255",5255,"Rock","Sheltered Reef Slope",0,0,NA,NA
"5256",5256,"Rock","Sheltered Reef Slope",0,0,NA,NA
"5257",5257,NA,"Back Reef Slope",107.967660920462,0,NA,NA
"5258",5258,NA,"Back Reef Slope",107.967660920462,0,NA,NA
"5259",5259,"Rubble","Back Reef Slope",0,0,NA,NA
"5260",5260,"Rubble","Back Reef Slope",0,0,NA,NA
"5261",5261,"Rubble","Back Reef Slope",0,0,NA,NA
"5262",5262,"Rubble","Back Reef Slope",0,0,NA,NA
"5263",5263,"Sand","Back Reef Slope",0,0,NA,NA
"5264",5264,"Sand","Back Reef Slope",0,0,NA,NA
"5265",5265,"Sand","Back Reef Slope",0,0,NA,NA
"5266",5266,"Sand","Back Reef Slope",0,0,NA,NA
"5267",5267,"Rock","Back Reef Slope",85.5002080426019,0,"Rock",NA
"5268",5268,"Rock","Back Reef Slope",85.5002080426019,0,"Rock",NA
"5269",5269,"Rock","Back Reef Slope",85.5002080426019,0,"Rock",NA
"5270",5270,"Rock","Back Reef Slope",85.5002080426019,0,"Rock",NA
"5271",5271,"Rubble","Deep Lagoon",0,0,NA,NA
"5272",5272,"Sand","Deep Lagoon",0,0,NA,NA
"5273",5273,"Sand","Deep Lagoon",0,0,NA,NA
"5274",5274,"Sand","Deep Lagoon",0,0,NA,NA
"5275",5275,"Sand","Deep Lagoon",0,0,NA,NA
"5276",5276,"Sand","Deep Lagoon",0,0,NA,NA
"5277",5277,"Sand","Deep Lagoon",0,0,NA,NA
"5278",5278,"Rock","Deep Lagoon",0,0,NA,NA
"5279",5279,"Rock","Deep Lagoon",0,0,NA,NA
"5280",5280,"Rock","Deep Lagoon",0,0,NA,NA
"5281",5281,"Rock","Deep Lagoon",0,0,NA,NA
"5282",5282,"Rock","Deep Lagoon",0,0,NA,NA
"5283",5283,"Sand","Deep Lagoon",0,0,NA,NA
"5284",5284,"Sand","Deep Lagoon",0,0,NA,NA
"5285",5285,"Rubble","Deep Lagoon",0,0,NA,NA
"5286",5286,"Rubble","Deep Lagoon",0,0,NA,NA
"5287",5287,"Rubble","Deep Lagoon",0,0,NA,NA
"5288",5288,"Rock","Back Reef Slope",0,0,NA,NA
"5289",5289,"Coral/Algae","Sheltered Reef Slope",0,0,NA,NA
"5290",5290,"Rock","Outer Reef Flat",0,0,NA,NA
"5291",5291,"Rock","Outer Reef Flat",0,0,NA,NA
"5292",5292,"Rock","Outer Reef Flat",0,0,NA,NA
"5293",5293,"Rock","Outer Reef Flat",0,0,NA,NA
"5294",5294,"Coral/Algae","Deep Lagoon",0,0,NA,NA
"5295",5295,"Coral/Algae","Sheltered Reef Slope",0,0,NA,NA
"5296",5296,"Coral/Algae","Sheltered Reef Slope",0,0,NA,NA
"5297",5297,"Rock","Reef Slope",58.9342895307857,58.9342895307857,"Rock","Reef Slope"
"5298",5298,"Rock","Sheltered Reef Slope",69.7221549428647,35.8743173308468,"Rock","Sheltered Reef Slope"
"5299",5299,"Coral/Algae","Sheltered Reef Slope",32.6018569394161,32.6018569394161,"Coral/Algae","Sheltered Reef Slope"
"5300",5300,"Coral/Algae","Sheltered Reef Slope",32.6018569394161,32.6018569394161,"Coral/Algae","Sheltered Reef Slope"
"5301",5301,"Coral/Algae","Sheltered Reef Slope",32.6018569394161,32.6018569394161,"Coral/Algae","Sheltered Reef Slope"
"5302",5302,"Rock","Back Reef Slope",76.3678155201624,43.5560360650919,"Rock","Back Reef Slope"
"5303",5303,"Rock","Back Reef Slope",76.3678155201624,43.5560360650919,"Rock","Back Reef Slope"
"5304",5304,"Rock","Sheltered Reef Slope",53.7136970238125,29.8377118962257,"Rock","Sheltered Reef Slope"
"5305",5305,"Rock","Sheltered Reef Slope",53.7136970238125,29.8377118962257,"Rock","Sheltered Reef Slope"
"5306",5306,"Rock","Sheltered Reef Slope",81.9366715149184,32.0005257749,"Rock","Sheltered Reef Slope"
"5307",5307,"Rock","Sheltered Reef Slope",81.9366715149184,32.0005257749,"Rock","Sheltered Reef Slope"
"5308",5308,"Rock","Sheltered Reef Slope",81.9366715149184,32.0005257749,"Rock","Sheltered Reef Slope"
"5309",5309,"Rubble","Sheltered Reef Slope",47.4096919080348,47.4096919080348,"Rubble","Sheltered Reef Slope"
"5310",5310,"Rock","Sheltered Reef Slope",53.6166613991311,0,"Rock",NA
"5311",5311,"Rock","Sheltered Reef Slope",53.6166613991311,0,"Rock",NA
"5312",5312,"Coral/Algae","Back Reef Slope",0,0,NA,NA
"5313",5313,"Rock","Sheltered Reef Slope",0,0,NA,NA
"5314",5314,"Coral/Algae","Sheltered Reef Slope",0,0,NA,NA
"5315",5315,"Coral/Algae","Sheltered Reef Slope",0,0,NA,NA
"5316",5316,"Rock","Deep Lagoon",0,0,NA,NA
"5317",5317,"Rock","Deep Lagoon",0,0,NA,NA
"5318",5318,"Rock","Deep Lagoon",0,0,NA,NA
"5319",5319,"Rock","Deep Lagoon",0,0,NA,NA
"5320",5320,"Rock","Deep Lagoon",0,0,NA,NA
"5321",5321,"Rock","Deep Lagoon",0,0,NA,NA
"5322",5322,"Rock","Deep Lagoon",0,0,NA,NA
"5323",5323,"Rock","Deep Lagoon",0,0,NA,NA
"5324",5324,"Rock","Deep Lagoon",0,0,NA,NA
"5325",5325,"Rock","Deep Lagoon",0,0,NA,NA
"5326",5326,"Rock","Deep Lagoon",0,0,NA,NA
"5327",5327,"Sand","Deep Lagoon",0,0,NA,NA
"5328",5328,"Sand","Deep Lagoon",0,0,NA,NA
"5329",5329,"Sand","Deep Lagoon",0,0,NA,NA
"5330",5330,"Sand","Deep Lagoon",0,0,NA,NA
"5331",5331,"Sand","Deep Lagoon",0,0,NA,NA
"5332",5332,"Sand","Deep Lagoon",0,0,NA,NA
"5333",5333,"Coral/Algae","Deep Lagoon",0,0,NA,NA
"5334",5334,"Coral/Algae","Deep Lagoon",0,0,NA,NA
"5335",5335,"Coral/Algae","Deep Lagoon",0,0,NA,NA
"5336",5336,"Coral/Algae","Deep Lagoon",0,0,NA,NA
"5337",5337,"Coral/Algae","Deep Lagoon",0,0,NA,NA
"5338",5338,"Coral/Algae","Deep Lagoon",0,0,NA,NA
"5339",5339,"Coral/Algae","Deep Lagoon",0,0,NA,NA
"5340",5340,"Coral/Algae","Deep Lagoon",0,0,NA,NA
"5341",5341,"Coral/Algae","Deep Lagoon",0,0,NA,NA
"5342",5342,"Coral/Algae","Deep Lagoon",0,0,NA,NA
"5343",5343,"Coral/Algae","Deep Lagoon",0,0,NA,NA
"5344",5344,"Coral/Algae","Deep Lagoon",0,0,NA,NA
"5345",5345,"Coral/Algae","Deep Lagoon",0,0,NA,NA
"5346",5346,"Sand","Back Reef Slope",73.5160376505723,0,"Sand",NA
"5347",5347,"Sand","Back Reef Slope",73.5160376505723,0,"Sand",NA
"5348",5348,"Sand","Back Reef Slope",73.5160376505723,0,"Sand",NA
"5349",5349,"Sand","Back Reef Slope",73.5160376505723,0,"Sand",NA
"5350",5350,"Sand","Back Reef Slope",73.5160376505723,0,"Sand",NA
"5351",5351,"Coral/Algae","Sheltered Reef Slope",0,0,NA,NA
"5352",5352,"Coral/Algae","Sheltered Reef Slope",0,0,NA,NA
"5353",5353,"Coral/Algae","Sheltered Reef Slope",0,0,NA,NA
"5354",5354,"Coral/Algae","Sheltered Reef Slope",0,0,NA,NA
"5355",5355,"Coral/Algae","Deep Lagoon",0,0,NA,NA
"5356",5356,"Coral/Algae","Deep Lagoon",0,0,NA,NA
"5357",5357,"Coral/Algae","Deep Lagoon",0,0,NA,NA
"5358",5358,"Coral/Algae","Patch Reef",0,0,NA,NA
"5359",5359,"Coral/Algae","Outer Reef Flat",0,0,NA,NA
"5360",5360,"Coral/Algae","Outer Reef Flat",0,0,NA,NA
"5361",5361,"Coral/Algae","Outer Reef Flat",0,0,NA,NA
"5362",5362,"Rock","Reef Slope",0,0,NA,NA
"5363",5363,"Rock","Reef Slope",0,0,NA,NA
"5364",5364,"Rock","Reef Slope",0,0,NA,NA
"5365",5365,"Rock","Reef Slope",31.250960357409,0,"Rock",NA
"5366",5366,"Coral/Algae","Reef Slope",45.4672104284324,0,"Coral/Algae",NA
"5367",5367,"Coral/Algae","Reef Slope",45.4672104284324,0,"Coral/Algae",NA
"5368",5368,"Coral/Algae","Reef Slope",45.4672104284324,0,"Coral/Algae",NA
"5369",5369,"Coral/Algae","Reef Slope",55.3354069386123,0,"Coral/Algae",NA
"5370",5370,"Coral/Algae","Reef Slope",55.3354069386123,0,"Coral/Algae",NA
"5371",5371,"Coral/Algae","Reef Slope",45.5164510623491,0,"Coral/Algae",NA
"5372",5372,"Coral/Algae","Reef Slope",45.5164510623491,0,"Coral/Algae",NA
"5373",5373,"Rock","Reef Slope",53.0806422499277,0,"Rock",NA
"5374",5374,"Coral/Algae","Reef Slope",50.2431176860299,0,"Coral/Algae",NA
"5375",5375,"Rock","Reef Slope",0,0,NA,NA
"5376",5376,"Rock","Reef Slope",41.0361319115881,0,"Rock",NA
"5377",5377,"Rock","Reef Slope",41.0361319115881,0,"Rock",NA
"5378",5378,"Rock","Reef Slope",41.0361319115881,0,"Rock",NA
"5379",5379,"Rock","Reef Slope",74.7720182242432,0,"Rock",NA
"5380",5380,"Rock","Reef Slope",74.7720182242432,0,"Rock",NA
"5381",5381,"Rock","Reef Slope",74.7720182242432,0,"Rock",NA
"5382",5382,"Rock","Reef Slope",74.7720182242432,0,"Rock",NA
"5383",5383,"Rubble","Reef Slope",68.2293336140711,0,"Rubble",NA
"5384",5384,"Rubble","Reef Slope",68.2293336140711,0,"Rubble",NA
"5385",5385,"Rubble","Reef Slope",68.2293336140711,0,"Rubble",NA
"5386",5386,"Rubble","Reef Slope",68.2293336140711,0,"Rubble",NA
"5387",5387,"Rubble","Reef Slope",68.2293336140711,0,"Rubble",NA
"5388",5388,"Rock","Reef Slope",0,0,NA,NA
"5389",5389,"Rock","Reef Slope",0,0,NA,NA
"5390",5390,"Rubble","Back Reef Slope",45.1598442872973,0,"Rubble",NA
"5391",5391,"Rubble","Back Reef Slope",45.1598442872973,0,"Rubble",NA
"5392",5392,"Rubble","Back Reef Slope",45.1598442872973,0,"Rubble",NA
"5393",5393,"Rubble","Back Reef Slope",45.1598442872973,0,"Rubble",NA
"5394",5394,"Rubble","Back Reef Slope",45.1598442872973,0,"Rubble",NA
"5395",5395,NA,"Back Reef Slope",100.390191243484,0,NA,NA
"5396",5396,NA,"Back Reef Slope",100.390191243484,0,NA,NA
"5397",5397,NA,"Back Reef Slope",100.390191243484,0,NA,NA
"5398",5398,NA,"Back Reef Slope",100.390191243484,0,NA,NA
"5399",5399,NA,"Back Reef Slope",100.390191243484,0,NA,NA
"5400",5400,"Rock","Back Reef Slope",61.6551004358779,0,"Rock",NA
"5401",5401,"Rock","Back Reef Slope",61.6551004358779,0,"Rock",NA
"5402",5402,"Rock","Back Reef Slope",61.6551004358779,0,"Rock",NA
"5403",5403,"Rock","Back Reef Slope",61.6551004358779,0,"Rock",NA
"5404",5404,"Rock","Back Reef Slope",61.6551004358779,0,"Rock",NA
"5405",5405,"Coral/Algae","Back Reef Slope",44.0573784541658,0,"Coral/Algae",NA
"5406",5406,"Coral/Algae","Back Reef Slope",44.0573784541658,0,"Coral/Algae",NA
"5407",5407,"Coral/Algae","Back Reef Slope",44.0573784541658,0,"Coral/Algae",NA
"5408",5408,"Coral/Algae","Back Reef Slope",44.0573784541658,0,"Coral/Algae",NA
"5409",5409,"Rock","Back Reef Slope",0,0,NA,NA
"5410",5410,"Rock","Back Reef Slope",0,0,NA,NA
"5411",5411,"Rock","Back Reef Slope",0,0,NA,NA
"5412",5412,"Rock","Back Reef Slope",0,0,NA,NA
"5413",5413,"Rock","Back Reef Slope",0,0,NA,NA
"5414",5414,"Rubble","Back Reef Slope",47.1721344083516,0,"Rubble",NA
"5415",5415,"Rubble","Back Reef Slope",47.1721344083516,0,"Rubble",NA
"5416",5416,"Rubble","Back Reef Slope",47.1721344083516,0,"Rubble",NA
"5417",5417,"Rubble","Back Reef Slope",47.1721344083516,0,"Rubble",NA
"5418",5418,"Rock","Reef Slope",46.7327380425513,0,"Rock",NA
"5419",5419,"Rock","Reef Slope",46.7327380425513,0,"Rock",NA
"5420",5420,"Rock","Reef Slope",46.7327380425513,0,"Rock",NA
"5421",5421,"Rock","Reef Slope",46.7327380425513,0,"Rock",NA
"5422",5422,"Rock","Reef Slope",46.7327380425513,0,"Rock",NA
"5423",5423,"Rock","Back Reef Slope",0,0,NA,NA
"5424",5424,"Rock","Back Reef Slope",0,0,NA,NA
"5425",5425,"Rock","Back Reef Slope",0,0,NA,NA
"5426",5426,"Rock","Back Reef Slope",0,0,NA,NA
"5427",5427,"Rock","Reef Slope",50.327647678949,0,"Rock",NA
"5428",5428,"Rock","Reef Slope",50.327647678949,0,"Rock",NA
"5429",5429,"Rock","Reef Slope",50.327647678949,0,"Rock",NA
"5430",5430,"Rock","Reef Slope",50.327647678949,0,"Rock",NA
"5431",5431,"Rock","Reef Slope",0,0,NA,NA
"5432",5432,"Rock","Reef Slope",0,0,NA,NA
"5433",5433,"Rock","Reef Slope",0,0,NA,NA
"5434",5434,"Coral/Algae","Reef Slope",0,0,NA,NA
"5435",5435,"Coral/Algae","Reef Slope",0,0,NA,NA
"5436",5436,"Coral/Algae","Reef Slope",0,0,NA,NA
"5437",5437,"Sand","Deep Lagoon",0,0,NA,NA
"5438",5438,"Sand","Deep Lagoon",0,0,NA,NA
"5439",5439,"Sand","Deep Lagoon",0,0,NA,NA
"5440",5440,"Sand","Outer Reef Flat",0,0,NA,NA
"5441",5441,"Sand","Deep Lagoon",0,0,NA,NA
"5442",5442,"Rock","Outer Reef Flat",0,0,NA,NA
"5443",5443,"Sand","Shallow Lagoon",0,0,NA,NA
"5444",5444,"Sand","Shallow Lagoon",0,0,NA,NA
"5445",5445,"Sand","Shallow Lagoon",0,0,NA,NA
"5446",5446,"Sand","Shallow Lagoon",0,0,NA,NA
"5447",5447,"Rock","Reef Slope",0,0,NA,NA
"5448",5448,"Rock","Reef Slope",0,0,NA,NA
"5449",5449,"Sand","Shallow Lagoon",0,0,NA,NA
"5450",5450,"Sand","Shallow Lagoon",0,0,NA,NA
"5451",5451,"Sand","Shallow Lagoon",0,0,NA,NA
"5452",5452,"Sand","Shallow Lagoon",0,0,NA,NA
"5453",5453,"Sand","Shallow Lagoon",0,0,NA,NA
"5454",5454,"Sand","Inner Reef Flat",0,0,NA,NA
"5455",5455,"Sand","Deep Lagoon",0,0,NA,NA
"5456",5456,"Sand","Deep Lagoon",0,0,NA,NA
"5457",5457,"Coral/Algae","Deep Lagoon",0,0,NA,NA
"5458",5458,"Rock","Reef Slope",0,0,NA,NA
"5459",5459,"Coral/Algae","Deep Lagoon",0,0,NA,NA
"5460",5460,"Sand","Deep Lagoon",0,0,NA,NA
"5461",5461,"Sand","Deep Lagoon",0,0,NA,NA
"5462",5462,"Sand","Deep Lagoon",0,0,NA,NA
"5463",5463,"Coral/Algae","Deep Lagoon",0,0,NA,NA
"5464",5464,"Rock","Reef Slope",0,0,NA,NA
"5465",5465,"Rubble","Reef Slope",41.2619274562673,0,"Rubble",NA
"5466",5466,"Coral/Algae","Reef Slope",0,0,NA,NA
"5467",5467,"Rock","Reef Slope",0,0,NA,NA
"5468",5468,"Sand","Inner Reef Flat",0,0,NA,NA
"5469",5469,"Sand","Inner Reef Flat",0,0,NA,NA
"5470",5470,"Coral/Algae","Back Reef Slope",0,0,NA,NA
"5471",5471,"Coral/Algae","Back Reef Slope",0,0,NA,NA
"5472",5472,"Rock","Outer Reef Flat",0,0,NA,NA
"5473",5473,"Rock","Outer Reef Flat",0,0,NA,NA
"5474",5474,"Rock","Outer Reef Flat",0,0,NA,NA
"5475",5475,"Rock","Outer Reef Flat",0,0,NA,NA
"5476",5476,"Rock","Reef Crest",0,0,NA,NA
"5477",5477,"Rock","Reef Crest",0,0,NA,NA
"5478",5478,"Rock","Reef Crest",0,0,NA,NA
"5479",5479,"Rock","Reef Crest",0,0,NA,NA
"5480",5480,"Sand","Sheltered Reef Slope",0,0,NA,NA
"5481",5481,"Sand","Sheltered Reef Slope",0,0,NA,NA
"5482",5482,"Rock","Sheltered Reef Slope",0,0,NA,NA
"5483",5483,"Rock","Sheltered Reef Slope",0,0,NA,NA
"5484",5484,"Coral/Algae","Sheltered Reef Slope",0,0,NA,NA
"5485",5485,"Coral/Algae","Sheltered Reef Slope",0,0,NA,NA
"5486",5486,"Coral/Algae","Sheltered Reef Slope",0,0,NA,NA
"5487",5487,"Coral/Algae","Sheltered Reef Slope",0,0,NA,NA
"5488",5488,NA,NA,12592.5112653368,12194.562689161,NA,NA
"5489",5489,NA,NA,13316.0690413496,12917.4555007152,NA,NA
"5490",5490,NA,NA,13316.0690413496,12917.4555007152,NA,NA
"5491",5491,NA,NA,13157.6351684734,12762.0302383911,NA,NA
"5492",5492,NA,NA,13157.6351684734,12762.0302383911,NA,NA
"5493",5493,NA,NA,12954.4338858638,12557.3786824899,NA,NA
"5494",5494,NA,NA,12423.9468516674,12030.1062802114,NA,NA
"5495",5495,NA,NA,12378.8786566849,11990.3250729919,NA,NA
"5496",5496,NA,NA,12521.3415076141,11933.8135680156,NA,NA
"5497",5497,NA,NA,12695.6610908233,12123.1855893599,NA,NA
"5498",5498,NA,NA,13712.9572924951,13194.5858340523,NA,NA
"5499",5499,NA,NA,14024.7394392727,13630.6523642126,NA,NA
"5500",5500,NA,NA,13927.2530918855,13529.3926609467,NA,NA
"5501",5501,NA,NA,12583.5255421259,12191.3208493508,NA,NA
"5502",5502,NA,NA,12583.5255421259,12191.3208493508,NA,NA
"5503",5503,NA,NA,12583.5255421259,12191.3208493508,NA,NA
"5504",5504,NA,NA,12583.5255421259,12191.3208493508,NA,NA
"5505",5505,NA,NA,13743.4498364317,13238.6180253819,NA,NA
"5506",5506,NA,NA,13743.4498364317,13238.6180253819,NA,NA
"5507",5507,NA,NA,13343.4728662459,12945.4524374611,NA,NA
"5508",5508,NA,NA,13343.4728662459,12945.4524374611,NA,NA
"5509",5509,NA,NA,13343.4728662459,12945.4524374611,NA,NA
"5510",5510,NA,NA,13419.4486583913,13329.6973166247,NA,NA
"5511",5511,NA,NA,13419.4486583913,13329.6973166247,NA,NA
"5512",5512,"Rock","Reef Crest",0,0,NA,NA
"5513",5513,"Rock","Reef Crest",0,0,NA,NA
"5514",5514,"Rock","Reef Crest",0,0,NA,NA
"5515",5515,"Rock","Reef Slope",66.3556923632649,0,"Rock",NA
"5516",5516,"Rock","Reef Slope",30.0382521703587,0,"Rock",NA
"5517",5517,"Rock","Reef Slope",30.0382521703587,0,"Rock",NA
"5518",5518,"Rock","Reef Slope",67.4083301290544,0,"Rock",NA
"5519",5519,"Rock","Reef Slope",67.4083301290544,0,"Rock",NA
"5520",5520,"Rock","Reef Slope",87.477340809393,0,"Rock",NA
"5521",5521,"Rock","Reef Slope",87.477340809393,0,"Rock",NA
"5522",5522,"Sand","Reef Slope",0,0,NA,NA
"5523",5523,"Coral/Algae","Patch Reef",0,0,NA,NA
"5524",5524,"Coral/Algae","Patch Reef",0,0,NA,NA
"5525",5525,"Rock","Reef Slope",0,0,NA,NA
"5526",5526,"Rock","Reef Slope",0,0,NA,NA
"5527",5527,"Coral/Algae","Reef Slope",0,0,NA,NA
"5528",5528,"Rock","Reef Slope",64.9984006917511,0,"Rock",NA
"5529",5529,"Rock","Deep",76.4138433738894,0,"Rock",NA
"5530",5530,"Rock","Reef Slope",96.214860672237,0,"Rock",NA
"5531",5531,"Rock","Reef Slope",0,0,NA,NA
"5532",5532,"Rock","Reef Slope",50.6156144007732,0,"Rock",NA
"5533",5533,"Rock","Reef Slope",31.5253260787158,0,"Rock",NA
"5534",5534,"Rock","Reef Slope",31.5253260787158,0,"Rock",NA
"5535",5535,"Rock","Reef Slope",31.5253260787158,0,"Rock",NA
"5536",5536,"Rock","Reef Slope",31.5253260787158,0,"Rock",NA
"5537",5537,"Rock","Reef Slope",31.5253260787158,0,"Rock",NA
"5538",5538,"Coral/Algae","Reef Slope",77.2289062452154,0,"Coral/Algae",NA
"5539",5539,"Coral/Algae","Reef Slope",77.2289062452154,0,"Coral/Algae",NA
"5540",5540,"Coral/Algae","Reef Slope",77.2289062452154,0,"Coral/Algae",NA
"5541",5541,"Coral/Algae","Reef Slope",77.2289062452154,0,"Coral/Algae",NA
"5542",5542,"Rock","Reef Slope",40.2361310151028,0,"Rock",NA
"5543",5543,"Rock","Reef Slope",40.2361310151028,0,"Rock",NA
"5544",5544,"Rock","Reef Slope",40.2361310151028,0,"Rock",NA
"5545",5545,"Rock","Reef Slope",40.2361310151028,0,"Rock",NA
"5546",5546,"Rock","Outer Reef Flat",0,0,NA,NA
"5547",5547,"Rock","Outer Reef Flat",0,0,NA,NA
"5548",5548,"Rock","Outer Reef Flat",0,0,NA,NA
"5549",5549,"Rock","Outer Reef Flat",0,0,NA,NA
"5550",5550,"Rock","Outer Reef Flat",0,0,NA,NA
"5551",5551,"Rock","Sheltered Reef Slope",35.8649045241475,0,"Rock",NA
"5552",5552,"Rock","Sheltered Reef Slope",35.8649045241475,0,"Rock",NA
"5553",5553,"Rock","Sheltered Reef Slope",35.8649045241475,0,"Rock",NA
"5554",5554,"Rock","Sheltered Reef Slope",35.8649045241475,0,"Rock",NA
"5555",5555,NA,"Deep",109.54137953642,0,NA,NA
"5556",5556,NA,"Deep",109.54137953642,0,NA,NA
"5557",5557,NA,"Deep",109.54137953642,0,NA,NA
"5558",5558,"Rubble","Deep",90.4170965479009,54.7529432730254,"Rubble","Deep"
"5559",5559,"Rubble","Deep",90.4170965479009,54.7529432730254,"Rubble","Deep"
"5560",5560,"Rubble","Deep",90.4170965479009,54.7529432730254,"Rubble","Deep"
"5561",5561,"Rock","Reef Slope",0,0,NA,NA
"5562",5562,"Rock","Reef Slope",0,0,NA,NA
"5563",5563,"Rock","Reef Slope",0,0,NA,NA
"5564",5564,"Rock","Deep",80.5031600543745,0,"Rock",NA
"5565",5565,"Rock","Deep",80.5031600543745,0,"Rock",NA
"5566",5566,"Rock","Deep",80.5031600543745,0,"Rock",NA
"5567",5567,"Rock","Deep",80.5031600543745,0,"Rock",NA
"5568",5568,"Rock","Deep",65.8575874374366,0,"Rock",NA
"5569",5569,"Rock","Deep",65.8575874374366,0,"Rock",NA
"5570",5570,"Rock","Deep",65.8575874374366,0,"Rock",NA
"5571",5571,"Rock","Reef Slope",0,0,NA,NA
"5572",5572,"Rock","Reef Slope",0,0,NA,NA
"5573",5573,"Rock","Reef Slope",0,0,NA,NA
"5574",5574,"Rock","Reef Slope",71.783009816597,0,"Rock",NA
"5575",5575,"Rock","Reef Slope",71.783009816597,0,"Rock",NA
"5576",5576,"Rock","Reef Slope",0,0,NA,NA
"5577",5577,"Rock","Reef Slope",0,0,NA,NA
"5578",5578,"Rock","Reef Slope",0,0,NA,NA
"5579",5579,"Rock","Reef Slope",36.3149869337594,0,"Rock",NA
"5580",5580,"Rock","Reef Slope",36.3149869337594,0,"Rock",NA
"5581",5581,"Rock","Reef Slope",36.3149869337594,0,"Rock",NA
"5582",5582,"Rock","Reef Slope",0,0,NA,NA
"5583",5583,"Rock","Reef Slope",0,0,NA,NA
"5584",5584,"Rock","Back Reef Slope",57.8352765057515,57.8352765057515,"Rock","Back Reef Slope"
"5585",5585,NA,"Reef Slope",145.554430619721,34.1758313996215,NA,"Reef Slope"
"5586",5586,"Rock","Reef Slope",40.2619170489994,0,"Rock",NA
"5587",5587,"Rock","Outer Reef Flat",0,0,NA,NA
"5588",5588,"Rock","Outer Reef Flat",0,0,NA,NA
"5589",5589,"Coral/Algae","Reef Slope",0,0,NA,NA
"5590",5590,"Coral/Algae","Reef Slope",0,0,NA,NA
"5591",5591,"Rubble","Reef Slope",0,0,NA,NA
"5592",5592,"Rubble","Reef Slope",0,0,NA,NA
"5593",5593,"Rock","Back Reef Slope",0,0,NA,NA
"5594",5594,"Coral/Algae","Sheltered Reef Slope",0,0,NA,NA
"5595",5595,"Rock","Sheltered Reef Slope",0,0,NA,NA
"5596",5596,"Coral/Algae","Outer Reef Flat",0,0,NA,NA
"5597",5597,"Rubble","Sheltered Reef Slope",95.4882420565654,35.1524405260207,"Rubble","Sheltered Reef Slope"
"5598",5598,"Rock","Reef Crest",0,0,NA,NA
"5599",5599,"Rock","Reef Crest",0,0,NA,NA
"5600",5600,"Rock","Reef Slope",48.6665327510895,48.6665327510895,"Rock","Reef Slope"
"5601",5601,"Rock","Sheltered Reef Slope",38.3244385526535,32.7955199449685,"Rock","Sheltered Reef Slope"
"5602",5602,"Rock","Sheltered Reef Slope",0,0,NA,NA
"5603",5603,"Sand","Outer Reef Flat",0,0,NA,NA
"5604",5604,"Rock","Reef Crest",0,0,NA,NA
"5605",5605,"Rubble","Outer Reef Flat",0,0,NA,NA
"5606",5606,"Rubble","Outer Reef Flat",0,0,NA,NA
"5607",5607,"Rubble","Outer Reef Flat",0,0,NA,NA
"5608",5608,"Rubble","Outer Reef Flat",0,0,NA,NA
"5609",5609,"Rubble","Outer Reef Flat",0,0,NA,NA
"5610",5610,"Rock","Back Reef Slope",56.2108771088227,0,"Rock",NA
"5611",5611,"Sand","Back Reef Slope",0,0,NA,NA
"5612",5612,"Sand","Back Reef Slope",0,0,NA,NA
"5613",5613,"Sand","Back Reef Slope",0,0,NA,NA
"5614",5614,"Sand","Back Reef Slope",0,0,NA,NA
"5615",5615,"Rubble","Back Reef Slope",39.7120612965763,0,"Rubble",NA
"5616",5616,"Rubble","Back Reef Slope",39.7120612965763,0,"Rubble",NA
"5617",5617,"Rubble","Back Reef Slope",39.7120612965763,0,"Rubble",NA
"5618",5618,"Rock","Reef Slope",0,0,NA,NA
"5619",5619,"Coral/Algae","Back Reef Slope",0,0,NA,NA
"5620",5620,"Coral/Algae","Back Reef Slope",0,0,NA,NA
"5621",5621,"Coral/Algae","Back Reef Slope",0,0,NA,NA
"5622",5622,"Coral/Algae","Back Reef Slope",0,0,NA,NA
"5623",5623,"Coral/Algae","Reef Slope",31.5508492186688,0,"Coral/Algae",NA
"5624",5624,"Coral/Algae","Reef Slope",66.4034653107375,43.0146749102136,"Coral/Algae","Reef Slope"
"5625",5625,"Rock","Reef Slope",53.6060691949096,0,"Rock",NA
"5626",5626,"Rock","Sheltered Reef Slope",0,0,NA,NA
"5627",5627,"Rock","Sheltered Reef Slope",0,0,NA,NA
"5628",5628,"Rock","Outer Reef Flat",0,0,NA,NA
"5629",5629,"Rock","Outer Reef Flat",0,0,NA,NA
"5630",5630,"Rock","Outer Reef Flat",0,0,NA,NA
"5631",5631,"Rock","Reef Slope",0,0,NA,NA
"5632",5632,"Rock","Reef Slope",0,0,NA,NA
"5633",5633,"Rock","Reef Slope",0,0,NA,NA
"5634",5634,"Rock","Reef Slope",83.6452746204282,0,"Rock",NA
"5635",5635,"Rock","Reef Slope",83.6452746204282,0,"Rock",NA
"5636",5636,"Coral/Algae","Plateau",0,0,NA,NA
"5637",5637,"Coral/Algae","Plateau",0,0,NA,NA
"5638",5638,"Sand","Sheltered Reef Slope",0,0,NA,NA
"5639",5639,"Rubble","Back Reef Slope",0,0,NA,NA
"5640",5640,"Rubble","Back Reef Slope",0,0,NA,NA
"5641",5641,"Coral/Algae","Back Reef Slope",40.8149827353976,0,"Coral/Algae",NA
"5642",5642,"Coral/Algae","Back Reef Slope",40.8149827353976,0,"Coral/Algae",NA
"5643",5643,"Rubble","Back Reef Slope",81.8284507707633,0,"Rubble",NA
"5644",5644,"Rubble","Back Reef Slope",0,0,NA,NA
"5645",5645,"Rubble","Sheltered Reef Slope",51.2191967014386,0,"Rubble",NA
"5646",5646,"Rubble","Sheltered Reef Slope",51.2191967014386,0,"Rubble",NA
"5647",5647,"Rock","Reef Slope",93.4565818526772,40.724370903419,"Rock","Reef Slope"
"5648",5648,"Rock","Reef Slope",93.4565818526772,40.724370903419,"Rock","Reef Slope"
"5649",5649,"Coral/Algae","Back Reef Slope",43.0642986953292,0,"Coral/Algae",NA
"5650",5650,"Rock","Sheltered Reef Slope",46.5250201949994,0,"Rock",NA
"5651",5651,"Rock","Sheltered Reef Slope",46.5250201949994,0,"Rock",NA
"5652",5652,"Rock","Back Reef Slope",73.2200737904323,0,"Rock",NA
"5653",5653,"Rock","Back Reef Slope",73.2200737904323,0,"Rock",NA
"5654",5654,"Rock","Outer Reef Flat",0,0,NA,NA
"5655",5655,"Rock","Outer Reef Flat",0,0,NA,NA
"5656",5656,"Rock","Back Reef Slope",37.4414354354486,0,"Rock",NA
"5657",5657,"Sand","Back Reef Slope",0,0,NA,NA
"5658",5658,"Sand","Back Reef Slope",0,0,NA,NA
"5659",5659,"Coral/Algae","Deep Lagoon",0,0,NA,NA
"5660",5660,"Rubble","Reef Slope",96.2279287855153,0,"Rubble",NA
"5661",5661,"Rubble","Reef Slope",96.2279287855153,0,"Rubble",NA
"5662",5662,NA,"Back Reef Slope",144.267344230875,47.8305074534545,NA,"Back Reef Slope"
"5663",5663,"Rock","Sheltered Reef Slope",0,0,NA,NA
"5664",5664,"Rock","Sheltered Reef Slope",0,0,NA,NA
"5665",5665,"Rock","Sheltered Reef Slope",0,0,NA,NA
"5666",5666,"Rock","Back Reef Slope",0,0,NA,NA
"5667",5667,"Rock","Back Reef Slope",0,0,NA,NA
"5668",5668,"Rock","Back Reef Slope",0,0,NA,NA
"5669",5669,"Coral/Algae","Reef Slope",28.5905653949932,0,"Coral/Algae",NA
"5670",5670,"Coral/Algae","Reef Slope",28.5905653949932,0,"Coral/Algae",NA
"5671",5671,"Coral/Algae","Reef Slope",28.5905653949932,0,"Coral/Algae",NA
"5672",5672,"Sand","Back Reef Slope",0,0,NA,NA
"5673",5673,"Sand","Back Reef Slope",0,0,NA,NA
"5674",5674,"Sand","Back Reef Slope",0,0,NA,NA
"5675",5675,"Sand","Back Reef Slope",0,0,NA,NA
"5676",5676,"Sand","Back Reef Slope",0,0,NA,NA
"5677",5677,"Sand","Deep Lagoon",0,0,NA,NA
"5678",5678,"Sand","Deep Lagoon",0,0,NA,NA
"5679",5679,"Sand","Deep Lagoon",0,0,NA,NA
"5680",5680,"Sand","Deep Lagoon",0,0,NA,NA
"5681",5681,NA,NA,2625.14377304174,2517.38414600644,NA,NA
"5682",5682,NA,NA,4610.26230928406,4561.2334626047,NA,NA
"5683",5683,NA,NA,4610.26230928406,4561.2334626047,NA,NA
"5684",5684,NA,NA,4610.26230928406,4561.2334626047,NA,NA
"5685",5685,NA,NA,4610.26230928406,4561.2334626047,NA,NA
"5686",5686,NA,NA,5015.06718880616,4936.6457295103,NA,NA
"5687",5687,NA,NA,5015.06718880616,4936.6457295103,NA,NA
"5688",5688,NA,NA,5015.06718880616,4936.6457295103,NA,NA
"5689",5689,NA,NA,5015.06718880616,4936.6457295103,NA,NA
"5690",5690,NA,NA,5377.39039519095,5259.36792354897,NA,NA
"5691",5691,NA,NA,5377.39039519095,5259.36792354897,NA,NA
"5692",5692,NA,NA,5377.39039519095,5259.36792354897,NA,NA
"5693",5693,NA,NA,5377.39039519095,5259.36792354897,NA,NA
"5694",5694,NA,NA,5416.95657766983,5266.53952270577,NA,NA
"5695",5695,NA,NA,5416.95657766983,5266.53952270577,NA,NA
"5696",5696,NA,NA,5416.95657766983,5266.53952270577,NA,NA
"5697",5697,NA,NA,5297.64267244944,5122.80768231041,NA,NA
"5698",5698,NA,NA,5297.64267244944,5122.80768231041,NA,NA
"5699",5699,NA,NA,5297.64267244944,5122.80768231041,NA,NA
"5700",5700,NA,NA,5109.2348644632,4975.7512858905,NA,NA
"5701",5701,NA,NA,5109.2348644632,4975.7512858905,NA,NA
"5702",5702,NA,NA,4805.09273464867,4702.00959300563,NA,NA
"5703",5703,NA,NA,4509.79318900046,4432.08384883813,NA,NA
"5704",5704,NA,NA,4509.79318900046,4432.08384883813,NA,NA
"5705",5705,NA,NA,4509.79318900046,4432.08384883813,NA,NA
"5706",5706,NA,NA,4509.79318900046,4432.08384883813,NA,NA
"5707",5707,NA,NA,2598.664086702,2422.03512657057,NA,NA
"5708",5708,NA,NA,2598.664086702,2422.03512657057,NA,NA
"5709",5709,NA,NA,2598.664086702,2422.03512657057,NA,NA
"5710",5710,NA,NA,4414.46142515961,4336.51533380317,NA,NA
"5711",5711,NA,NA,4414.46142515961,4336.51533380317,NA,NA
"5712",5712,NA,NA,4414.46142515961,4336.51533380317,NA,NA
"5713",5713,NA,NA,4414.46142515961,4336.51533380317,NA,NA
"5714",5714,NA,NA,4414.46142515961,4336.51533380317,NA,NA
"5715",5715,NA,NA,4205.41612975576,4107.9237929866,NA,NA
"5716",5716,NA,NA,4205.41612975576,4107.9237929866,NA,NA
"5717",5717,NA,NA,4205.41612975576,4107.9237929866,NA,NA
"5718",5718,NA,NA,4205.41612975576,4107.9237929866,NA,NA
"5719",5719,NA,NA,3767.58266463373,3673.31910549328,NA,NA
"5720",5720,NA,NA,3429.01113987209,3356.68778978585,NA,NA
"5721",5721,NA,NA,3429.01113987209,3356.68778978585,NA,NA
"5722",5722,NA,NA,3429.01113987209,3356.68778978585,NA,NA
"5723",5723,NA,NA,3011.27305403027,2942.77498078009,NA,NA
"5724",5724,NA,NA,3011.27305403027,2942.77498078009,NA,NA
"5725",5725,NA,NA,3011.27305403027,2942.77498078009,NA,NA
"5726",5726,NA,NA,2245.90909038729,2103.40369979772,NA,NA
"5727",5727,NA,NA,2245.90909038729,2103.40369979772,NA,NA
"5728",5728,NA,NA,2245.90909038729,2103.40369979772,NA,NA
"5729",5729,NA,NA,2510.54593936775,2355.60393351662,NA,NA
"5730",5730,NA,NA,2510.54593936775,2355.60393351662,NA,NA
"5731",5731,NA,NA,2510.54593936775,2355.60393351662,NA,NA
"5732",5732,NA,NA,2419.30186008488,2338.04697702577,NA,NA
"5733",5733,NA,NA,2419.30186008488,2338.04697702577,NA,NA
"5734",5734,NA,NA,2419.30186008488,2338.04697702577,NA,NA
"5735",5735,NA,NA,2393.7882004502,2344.49989780385,NA,NA
"5736",5736,NA,NA,2393.7882004502,2344.49989780385,NA,NA
"5737",5737,NA,NA,2393.7882004502,2344.49989780385,NA,NA
"5738",5738,NA,NA,2393.7882004502,2344.49989780385,NA,NA
"5739",5739,NA,NA,2393.7882004502,2344.49989780385,NA,NA
"5740",5740,NA,NA,2700.48025344239,2650.48228099476,NA,NA
"5741",5741,NA,NA,2700.48025344239,2650.48228099476,NA,NA
"5742",5742,NA,NA,2700.48025344239,2650.48228099476,NA,NA
"5743",5743,NA,NA,2700.48025344239,2650.48228099476,NA,NA
"5744",5744,NA,NA,3242.45568758382,3192.45599181884,NA,NA
"5745",5745,NA,NA,3242.45568758382,3192.45599181884,NA,NA
"5746",5746,NA,NA,3242.45568758382,3192.45599181884,NA,NA
"5747",5747,NA,NA,3725.6506100852,3675.72769209499,NA,NA
"5748",5748,NA,NA,3725.6506100852,3675.72769209499,NA,NA
"5749",5749,NA,NA,3725.6506100852,3675.72769209499,NA,NA
"5750",5750,NA,NA,3725.6506100852,3675.72769209499,NA,NA
"5751",5751,NA,NA,4177.38267272014,4127.80111732247,NA,NA
"5752",5752,NA,NA,4177.38267272014,4127.80111732247,NA,NA
"5753",5753,NA,NA,4177.38267272014,4127.80111732247,NA,NA
"5754",5754,NA,NA,4177.38267272014,4127.80111732247,NA,NA
"5755",5755,NA,NA,4177.38267272014,4127.80111732247,NA,NA
"5756",5756,NA,NA,4317.05298260148,4249.01399989864,NA,NA
"5757",5757,NA,NA,4317.05298260148,4249.01399989864,NA,NA
"5758",5758,"Rock","Reef Crest",0,0,NA,NA
"5759",5759,"Rock","Reef Crest",0,0,NA,NA
"5760",5760,"Rubble","Outer Reef Flat",0,0,NA,NA
"5761",5761,"Rubble","Outer Reef Flat",0,0,NA,NA
"5762",5762,"Coral/Algae","Outer Reef Flat",0,0,NA,NA
"5763",5763,"Coral/Algae","Outer Reef Flat",0,0,NA,NA
"5764",5764,"Sand","Back Reef Slope",0,0,NA,NA
"5765",5765,"Rock","Reef Slope",0,0,NA,NA
"5766",5766,"Rock","Reef Slope",0,0,NA,NA
"5767",5767,"Rock","Reef Slope",0,0,NA,NA
"5768",5768,"Rock","Reef Slope",0,0,NA,NA
"5769",5769,"Rock","Reef Slope",0,0,NA,NA
"5770",5770,"Rock","Reef Slope",0,0,NA,NA
"5771",5771,"Rock","Reef Slope",0,0,NA,NA
"5772",5772,"Rock","Reef Slope",0,0,NA,NA
"5773",5773,"Coral/Algae","Reef Slope",0,0,NA,NA
"5774",5774,"Rock","Reef Slope",0,0,NA,NA
"5775",5775,"Coral/Algae","Reef Slope",34.2296551322479,0,"Coral/Algae",NA
"5776",5776,"Sand","Reef Slope",0,0,NA,NA
"5777",5777,"Sand","Back Reef Slope",0,0,NA,NA
"5778",5778,"Rock","Reef Slope",0,0,NA,NA
"5779",5779,"Sand","Back Reef Slope",0,0,NA,NA
"5780",5780,"Sand","Back Reef Slope",0,0,NA,NA
"5781",5781,"Sand","Back Reef Slope",0,0,NA,NA
"5782",5782,"Coral/Algae","Reef Slope",0,0,NA,NA
"5783",5783,"Rubble","Reef Slope",0,0,NA,NA
"5784",5784,"Rubble","Reef Slope",0,0,NA,NA
"5785",5785,"Rock","Reef Slope",0,0,NA,NA
"5786",5786,"Rock","Reef Slope",0,0,NA,NA
"5787",5787,"Rock","Reef Slope",0,0,NA,NA
"5788",5788,"Rock","Reef Slope",0,0,NA,NA
"5789",5789,"Rock","Reef Slope",0,0,NA,NA
"5790",5790,"Coral/Algae","Reef Slope",0,0,NA,NA
"5791",5791,"Coral/Algae","Reef Slope",0,0,NA,NA
"5792",5792,"Coral/Algae","Reef Slope",0,0,NA,NA
"5793",5793,"Sand","Back Reef Slope",0,0,NA,NA
"5794",5794,"Sand","Back Reef Slope",0,0,NA,NA
"5795",5795,"Sand","Back Reef Slope",0,0,NA,NA
"5796",5796,"Rock","Back Reef Slope",47.8211665553265,0,"Rock",NA
"5797",5797,"Rock","Back Reef Slope",47.8211665553265,0,"Rock",NA
"5798",5798,NA,NA,274370.05828428,274349.237214682,NA,NA
"5799",5799,NA,NA,273987.634555874,273966.790200784,NA,NA
"5800",5800,NA,NA,273436.875594456,273416.331267582,NA,NA
"5801",5801,NA,NA,273027.082247981,273006.584993834,NA,NA
"5802",5802,NA,NA,272283.309343689,272262.996196644,NA,NA
"5803",5803,NA,NA,272011.434984623,271991.291482586,NA,NA
"5804",5804,NA,NA,271877.13373502,271857.157631338,NA,NA
"5805",5805,NA,NA,273251.519278805,273231.525347443,NA,NA
"5806",5806,NA,NA,273450.6798761,273430.503901913,NA,NA
"5807",5807,NA,NA,273450.6798761,273430.503901913,NA,NA
"5808",5808,NA,NA,273664.560703806,273644.239891794,NA,NA
"5809",5809,NA,NA,273860.866730778,273840.352229496,NA,NA
"5810",5810,"Rubble","Reef Slope",0,0,NA,NA
"5811",5811,"Rubble","Reef Slope",0,0,NA,NA
"5812",5812,"Rubble","Reef Slope",0,0,NA,NA
"5813",5813,"Rubble","Reef Slope",0,0,NA,NA
"5814",5814,"Rubble","Reef Slope",0,0,NA,NA
"5815",5815,"Rock","Back Reef Slope",58.3565485768878,0,"Rock",NA
"5816",5816,"Rock","Sheltered Reef Slope",67.7533756379903,0,"Rock",NA
"5817",5817,"Rock","Sheltered Reef Slope",67.7533756379903,0,"Rock",NA
"5818",5818,"Rock","Sheltered Reef Slope",55.3505721125177,0,"Rock",NA
"5819",5819,"Rock","Sheltered Reef Slope",55.3505721125177,0,"Rock",NA
"5820",5820,"Rock","Sheltered Reef Slope",55.3505721125177,0,"Rock",NA
"5821",5821,"Rock","Sheltered Reef Slope",55.3505721125177,0,"Rock",NA
"5822",5822,"Rock","Sheltered Reef Slope",55.3505721125177,0,"Rock",NA
"5823",5823,"Rock","Deep Lagoon",0,0,NA,NA
"5824",5824,"Sand","Deep Lagoon",0,0,NA,NA
"5825",5825,"Sand","Deep Lagoon",0,0,NA,NA
"5826",5826,"Sand","Deep Lagoon",0,0,NA,NA
"5827",5827,"Sand","Reef Slope",0,0,NA,NA
"5828",5828,"Rock","Reef Slope",0,0,NA,NA
"5829",5829,"Rock","Reef Slope",0,0,NA,NA
"5830",5830,"Rock","Reef Slope",0,0,NA,NA
"5831",5831,"Rock","Reef Slope",0,0,NA,NA
"5832",5832,"Rock","Reef Slope",0,0,NA,NA
"5833",5833,"Coral/Algae","Reef Slope",49.5262761026566,0,"Coral/Algae",NA
"5834",5834,"Rock","Reef Slope",34.2792952621689,0,"Rock",NA
"5835",5835,"Rock","Back Reef Slope",33.4019506611053,0,"Rock",NA
"5836",5836,"Rock","Reef Slope",96.4372181903725,0,"Rock",NA
"5837",5837,"Rock","Reef Slope",96.4372181903725,0,"Rock",NA
"5838",5838,"Rock","Reef Slope",28.799879513291,0,"Rock",NA
"5839",5839,"Rock","Reef Slope",28.799879513291,0,"Rock",NA
"5840",5840,"Rock","Reef Slope",28.799879513291,0,"Rock",NA
"5841",5841,"Rock","Reef Slope",0,0,NA,NA
"5842",5842,"Rock","Reef Slope",0,0,NA,NA
"5843",5843,"Rock","Reef Slope",0,0,NA,NA
"5844",5844,"Rock","Reef Slope",0,0,NA,NA
"5845",5845,"Coral/Algae","Sheltered Reef Slope",0,0,NA,NA
"5846",5846,"Coral/Algae","Sheltered Reef Slope",0,0,NA,NA
"5847",5847,"Coral/Algae","Sheltered Reef Slope",0,0,NA,NA
"5848",5848,"Coral/Algae","Sheltered Reef Slope",0,0,NA,NA
"5849",5849,"Coral/Algae","Sheltered Reef Slope",0,0,NA,NA
"5850",5850,"Rubble","Back Reef Slope",52.9436583642466,0,"Rubble",NA
"5851",5851,"Rubble","Back Reef Slope",52.9436583642466,0,"Rubble",NA
"5852",5852,"Coral/Algae","Deep Lagoon",67.4495367868581,0,"Coral/Algae",NA
"5853",5853,"Rubble","Back Reef Slope",0,0,NA,NA
"5854",5854,"Rubble","Back Reef Slope",0,0,NA,NA
"5855",5855,NA,"Back Reef Slope",101.425959865737,0,NA,NA
"5856",5856,"Rubble","Sheltered Reef Slope",50.0503235403997,0,"Rubble",NA
"5857",5857,NA,"Sheltered Reef Slope",111.425581921124,0,NA,NA
"5858",5858,"Rubble","Back Reef Slope",36.2619974939743,0,"Rubble",NA
"5859",5859,NA,"Back Reef Slope",121.161216472172,0,NA,NA
"5860",5860,NA,"Back Reef Slope",121.161216472172,0,NA,NA
"5861",5861,"Rubble","Back Reef Slope",35.3385227798563,0,"Rubble",NA
"5862",5862,"Rubble","Back Reef Slope",35.3385227798563,0,"Rubble",NA
"5863",5863,"Rock","Deep Lagoon",42.8846875700543,0,"Rock",NA
"5864",5864,"Coral/Algae","Back Reef Slope",37.925792679931,0,"Coral/Algae",NA
"5865",5865,"Rock","Reef Slope",0,0,NA,NA
"5866",5866,"Sand","Deep Lagoon",0,0,NA,NA
"5867",5867,"Sand","Deep Lagoon",0,0,NA,NA
"5868",5868,"Sand","Deep Lagoon",0,0,NA,NA
"5869",5869,"Sand","Deep Lagoon",0,0,NA,NA
"5870",5870,"Sand","Deep Lagoon",0,0,NA,NA
"5871",5871,"Sand","Deep Lagoon",0,0,NA,NA
"5872",5872,"Rock","Reef Slope",73.8291114233327,0,"Rock",NA
"5873",5873,"Rock","Reef Slope",73.8291114233327,0,"Rock",NA
"5874",5874,"Coral/Algae","Reef Slope",0,0,NA,NA
"5875",5875,"Coral/Algae","Reef Slope",0,0,NA,NA
"5876",5876,"Coral/Algae","Reef Slope",0,0,NA,NA
"5877",5877,"Coral/Algae","Reef Slope",0,0,NA,NA
"5878",5878,"Rock","Deep Lagoon",0,0,NA,NA
"5879",5879,"Rubble","Back Reef Slope",81.4330822248757,0,"Rubble",NA
"5880",5880,"Rubble","Back Reef Slope",81.4330822248757,0,"Rubble",NA
"5881",5881,"Rubble","Back Reef Slope",81.4330822248757,0,"Rubble",NA
"5882",5882,"Rubble","Back Reef Slope",81.4330822248757,0,"Rubble",NA
"5883",5883,"Rubble","Back Reef Slope",81.4330822248757,0,"Rubble",NA
"5884",5884,"Rubble","Back Reef Slope",81.4330822248757,0,"Rubble",NA
"5885",5885,"Sand","Sheltered Reef Slope",0,0,NA,NA
"5886",5886,"Sand","Sheltered Reef Slope",0,0,NA,NA
"5887",5887,"Sand","Sheltered Reef Slope",0,0,NA,NA
"5888",5888,"Sand","Sheltered Reef Slope",0,0,NA,NA
"5889",5889,"Sand","Sheltered Reef Slope",0,0,NA,NA
"5890",5890,"Sand","Sheltered Reef Slope",0,0,NA,NA
"5891",5891,"Sand","Sheltered Reef Slope",0,0,NA,NA
"5892",5892,"Sand","Deep Lagoon",0,0,NA,NA
"5893",5893,"Sand","Deep Lagoon",0,0,NA,NA
"5894",5894,"Sand","Deep Lagoon",0,0,NA,NA
"5895",5895,"Sand","Deep Lagoon",0,0,NA,NA
"5896",5896,"Sand","Deep Lagoon",0,0,NA,NA
"5897",5897,"Sand","Deep Lagoon",0,0,NA,NA
"5898",5898,"Sand","Deep Lagoon",0,0,NA,NA
"5899",5899,NA,NA,301.8171844472,199.417691293369,NA,NA
"5900",5900,NA,NA,301.8171844472,199.417691293369,NA,NA
"5901",5901,NA,NA,301.8171844472,199.417691293369,NA,NA
"5902",5902,"Coral/Algae","Reef Slope",0,0,NA,NA
"5903",5903,"Rock","Reef Slope",44.1915609973066,0,"Rock",NA
"5904",5904,"Rock","Reef Slope",53.3359072340786,0,"Rock",NA
"5905",5905,"Coral/Algae","Reef Slope",0,0,NA,NA
"5906",5906,"Coral/Algae","Reef Slope",0,0,NA,NA
"5907",5907,"Coral/Algae","Reef Slope",0,0,NA,NA
"5908",5908,"Coral/Algae","Reef Slope",0,0,NA,NA
"5909",5909,"Rock","Reef Slope",44.6166150417043,0,"Rock",NA
"5910",5910,"Rock","Reef Slope",26.4791908409826,0,"Rock",NA
"5911",5911,"Rock","Reef Slope",26.4791908409826,0,"Rock",NA
"5912",5912,"Coral/Algae","Back Reef Slope",0,0,NA,NA
"5913",5913,"Rock","Reef Slope",0,0,NA,NA
"5914",5914,"Rock","Reef Slope",0,0,NA,NA
"5915",5915,"Rock","Deep Lagoon",47.5463169493007,0,"Rock",NA
"5916",5916,"Sand","Sheltered Reef Slope",44.2607116886016,0,"Sand",NA
"5917",5917,"Coral/Algae","Reef Slope",0,0,NA,NA
"5918",5918,"Coral/Algae","Reef Slope",0,0,NA,NA
"5919",5919,"Sand","Reef Slope",0,0,NA,NA
"5920",5920,"Rock","Reef Slope",0,0,NA,NA
"5921",5921,"Rock","Reef Slope",0,0,NA,NA
"5922",5922,"Rock","Reef Slope",0,0,NA,NA
"5923",5923,"Rock","Reef Slope",0,0,NA,NA
"5924",5924,"Coral/Algae","Reef Slope",71.3394090340357,0,"Coral/Algae",NA
"5925",5925,"Coral/Algae","Reef Slope",71.3394090340357,0,"Coral/Algae",NA
"5926",5926,"Coral/Algae","Back Reef Slope",0,0,NA,NA
"5927",5927,"Coral/Algae","Back Reef Slope",0,0,NA,NA
"5928",5928,"Rock","Outer Reef Flat",0,0,NA,NA
"5929",5929,"Rock","Back Reef Slope",33.1847542205576,0,"Rock",NA
"5930",5930,"Rock","Back Reef Slope",33.1847542205576,0,"Rock",NA
"5931",5931,"Rock","Back Reef Slope",33.1847542205576,0,"Rock",NA
"5932",5932,"Rock","Back Reef Slope",33.1847542205576,0,"Rock",NA
"5933",5933,"Rock","Back Reef Slope",33.1847542205576,0,"Rock",NA
"5934",5934,"Rubble","Back Reef Slope",0,0,NA,NA
"5935",5935,"Rubble","Back Reef Slope",0,0,NA,NA
"5936",5936,"Rubble","Back Reef Slope",0,0,NA,NA
"5937",5937,"Rubble","Back Reef Slope",0,0,NA,NA
"5938",5938,"Rubble","Back Reef Slope",0,0,NA,NA
"5939",5939,"Rock","Back Reef Slope",98.7124322707445,58.060265724416,"Rock","Back Reef Slope"
"5940",5940,"Rock","Back Reef Slope",98.7124322707445,58.060265724416,"Rock","Back Reef Slope"
"5941",5941,"Rock","Back Reef Slope",98.7124322707445,58.060265724416,"Rock","Back Reef Slope"
"5942",5942,"Coral/Algae","Back Reef Slope",59.213403258727,0,"Coral/Algae",NA
"5943",5943,"Coral/Algae","Back Reef Slope",59.213403258727,0,"Coral/Algae",NA
"5944",5944,NA,"Back Reef Slope",118.125930615342,0,NA,NA
"5945",5945,NA,"Back Reef Slope",118.125930615342,0,NA,NA
"5946",5946,"Rubble","Back Reef Slope",52.6139104515229,0,"Rubble",NA
"5947",5947,"Rubble","Back Reef Slope",52.6139104515229,0,"Rubble",NA
"5948",5948,"Rubble","Back Reef Slope",52.6139104515229,0,"Rubble",NA
"5949",5949,NA,"Reef Slope",167.282766951256,0,NA,NA
"5950",5950,"Rock","Reef Slope",0,0,NA,NA
"5951",5951,"Coral/Algae","Back Reef Slope",0,0,NA,NA
"5952",5952,"Coral/Algae","Back Reef Slope",0,0,NA,NA
"5953",5953,"Coral/Algae","Back Reef Slope",0,0,NA,NA
"5954",5954,"Coral/Algae","Back Reef Slope",0,0,NA,NA
"5955",5955,"Coral/Algae","Back Reef Slope",45.6822738416101,0,"Coral/Algae",NA
"5956",5956,"Coral/Algae","Back Reef Slope",45.6822738416101,0,"Coral/Algae",NA
"5957",5957,"Coral/Algae","Back Reef Slope",45.6822738416101,0,"Coral/Algae",NA
"5958",5958,"Coral/Algae","Back Reef Slope",45.6822738416101,0,"Coral/Algae",NA
"5959",5959,"Coral/Algae","Back Reef Slope",27.2868101207363,0,"Coral/Algae",NA
"5960",5960,"Coral/Algae","Back Reef Slope",27.2868101207363,0,"Coral/Algae",NA
"5961",5961,"Rock","Reef Slope",55.2253403133059,0,"Rock",NA
"5962",5962,"Sand","Back Reef Slope",45.0812249712351,0,"Sand",NA
"5963",5963,"Sand","Back Reef Slope",45.0812249712351,0,"Sand",NA
"5964",5964,"Sand","Back Reef Slope",45.0812249712351,0,"Sand",NA
"5965",5965,NA,NA,261342.551893789,261321.730295854,NA,NA
"5966",5966,"Rock","Back Reef Slope",59.4576894518391,0,"Rock",NA
"5967",5967,"Rock","Back Reef Slope",59.4576894518391,0,"Rock",NA
"5968",5968,"Rock","Back Reef Slope",59.4576894518391,0,"Rock",NA
"5969",5969,"Rock","Back Reef Slope",59.4576894518391,0,"Rock",NA
"5970",5970,"Rubble","Sheltered Reef Slope",0,0,NA,NA
"5971",5971,"Rubble","Sheltered Reef Slope",0,0,NA,NA
"5972",5972,"Rubble","Sheltered Reef Slope",0,0,NA,NA
"5973",5973,"Rubble","Sheltered Reef Slope",0,0,NA,NA
"5974",5974,"Rubble","Sheltered Reef Slope",0,0,NA,NA
"5975",5975,"Rubble","Sheltered Reef Slope",0,0,NA,NA
"5976",5976,"Rubble","Sheltered Reef Slope",0,0,NA,NA
"5977",5977,"Rock","Back Reef Slope",0,0,NA,NA
"5978",5978,"Rock","Back Reef Slope",0,0,NA,NA
"5979",5979,"Rock","Back Reef Slope",0,0,NA,NA
"5980",5980,"Rock","Back Reef Slope",0,0,NA,NA
"5981",5981,"Rock","Back Reef Slope",0,0,NA,NA
"5982",5982,"Rock","Back Reef Slope",0,0,NA,NA
"5983",5983,"Rock","Back Reef Slope",0,0,NA,NA
"5984",5984,NA,NA,723.720690129156,675.821052410985,NA,NA
"5985",5985,NA,NA,723.720690129156,675.821052410985,NA,NA
"5986",5986,"Rubble","Reef Slope",84.1288846236371,34.68916356011,"Rubble","Reef Slope"
"5987",5987,NA,"Back Reef Slope",132.218680455285,0,NA,NA
"5988",5988,NA,"Back Reef Slope",132.218680455285,0,NA,NA
"5989",5989,NA,"Back Reef Slope",132.218680455285,0,NA,NA
"5990",5990,NA,"Back Reef Slope",132.218680455285,0,NA,NA
"5991",5991,"Rock","Reef Slope",39.0785816229897,0,"Rock",NA
"5992",5992,"Rock","Reef Slope",39.0785816229897,0,"Rock",NA
"5993",5993,"Rock","Reef Slope",39.0785816229897,0,"Rock",NA
"5994",5994,"Rock","Reef Slope",39.0785816229897,0,"Rock",NA
"5995",5995,"Coral/Algae","Reef Slope",0,0,NA,NA
"5996",5996,"Coral/Algae","Reef Slope",0,0,NA,NA
"5997",5997,"Coral/Algae","Reef Slope",0,0,NA,NA
"5998",5998,"Coral/Algae","Reef Slope",0,0,NA,NA
"5999",5999,"Coral/Algae","Reef Slope",0,0,NA,NA
"6000",6000,"Coral/Algae","Sheltered Reef Slope",79.4598876199317,0,"Coral/Algae",NA
"6001",6001,"Coral/Algae","Sheltered Reef Slope",79.4598876199317,0,"Coral/Algae",NA
"6002",6002,"Coral/Algae","Sheltered Reef Slope",79.4598876199317,0,"Coral/Algae",NA
"6003",6003,"Coral/Algae","Sheltered Reef Slope",79.4598876199317,0,"Coral/Algae",NA
"6004",6004,"Coral/Algae","Sheltered Reef Slope",79.4598876199317,0,"Coral/Algae",NA
"6005",6005,"Rock","Reef Slope",48.2091533838429,0,"Rock",NA
"6006",6006,"Rock","Reef Slope",48.2091533838429,0,"Rock",NA
"6007",6007,"Coral/Algae","Reef Slope",80.2680020986202,0,"Coral/Algae",NA
"6008",6008,"Rock","Reef Slope",62.2135040363696,0,"Rock",NA
"6009",6009,"Rubble","Sheltered Reef Slope",29.6298114844014,0,"Rubble",NA
"6010",6010,"Rock","Sheltered Reef Slope",47.6202537913379,0,"Rock",NA
"6011",6011,"Rock","Sheltered Reef Slope",47.6202537913379,0,"Rock",NA
"6012",6012,"Rock","Back Reef Slope",0,0,NA,NA
"6013",6013,"Rock","Back Reef Slope",0,0,NA,NA
"6014",6014,"Rock","Back Reef Slope",0,0,NA,NA
"6015",6015,"Rock","Back Reef Slope",0,0,NA,NA
"6016",6016,"Rock","Back Reef Slope",0,0,NA,NA
"6017",6017,"Rock","Reef Slope",72.2315073230736,0,"Rock",NA
"6018",6018,"Rock","Reef Slope",72.2315073230736,0,"Rock",NA
"6019",6019,"Rock","Reef Slope",72.2315073230736,0,"Rock",NA
"6020",6020,"Rock","Reef Slope",71.4362762334117,0,"Rock",NA
"6021",6021,"Rock","Reef Slope",40.826586384689,0,"Rock",NA
"6022",6022,"Rock","Reef Slope",46.3670832098488,0,"Rock",NA
"6023",6023,"Rubble","Reef Slope",67.8326462870541,0,"Rubble",NA
"6024",6024,"Rubble","Reef Slope",32.1617330895802,0,"Rubble",NA
"6025",6025,"Rubble","Reef Slope",32.1617330895802,0,"Rubble",NA
"6026",6026,"Rubble","Reef Slope",32.1617330895802,0,"Rubble",NA
"6027",6027,"Coral/Algae","Outer Reef Flat",0,0,NA,NA
"6028",6028,"Coral/Algae","Outer Reef Flat",0,0,NA,NA
"6029",6029,"Rock","Reef Slope",58.0784426194399,0,"Rock",NA
"6030",6030,"Rock","Reef Slope",58.0784426194399,0,"Rock",NA
"6031",6031,"Rock","Back Reef Slope",89.8953252911501,0,"Rock",NA
"6032",6032,"Rock","Sheltered Reef Slope",0,0,NA,NA
"6033",6033,"Rock","Back Reef Slope",53.8087610049994,0,"Rock",NA
"6034",6034,"Rock","Back Reef Slope",53.8087610049994,0,"Rock",NA
"6035",6035,"Coral/Algae","Sheltered Reef Slope",0,0,NA,NA
"6036",6036,"Coral/Algae","Sheltered Reef Slope",0,0,NA,NA
"6037",6037,"Coral/Algae","Sheltered Reef Slope",0,0,NA,NA
"6038",6038,"Coral/Algae","Sheltered Reef Slope",0,0,NA,NA
"6039",6039,"Coral/Algae","Sheltered Reef Slope",0,0,NA,NA
"6040",6040,"Coral/Algae","Sheltered Reef Slope",0,0,NA,NA
"6041",6041,"Rubble","Sheltered Reef Slope",0,0,NA,NA
"6042",6042,"Rubble","Sheltered Reef Slope",0,0,NA,NA
"6043",6043,"Coral/Algae","Back Reef Slope",73.6805771148745,0,"Coral/Algae",NA
"6044",6044,"Coral/Algae","Back Reef Slope",73.6805771148745,0,"Coral/Algae",NA
"6045",6045,"Coral/Algae","Back Reef Slope",73.6805771148745,0,"Coral/Algae",NA
"6046",6046,"Rubble","Reef Slope",40.3051318179735,0,"Rubble",NA
"6047",6047,"Rubble","Reef Slope",40.3051318179735,0,"Rubble",NA
"6048",6048,"Rubble","Reef Slope",40.3051318179735,0,"Rubble",NA
"6049",6049,"Rubble","Reef Slope",61.9259203884472,0,"Rubble",NA
"6050",6050,"Rubble","Reef Slope",61.9259203884472,0,"Rubble",NA
"6051",6051,"Rubble","Reef Slope",61.9259203884472,0,"Rubble",NA
"6052",6052,"Rubble","Reef Slope",78.7099034333773,0,"Rubble",NA
"6053",6053,"Rubble","Reef Slope",78.7099034333773,0,"Rubble",NA
"6054",6054,"Rubble","Reef Slope",78.7099034333773,0,"Rubble",NA
"6055",6055,"Rock","Reef Slope",0,0,NA,NA
"6056",6056,"Rock","Reef Slope",0,0,NA,NA
"6057",6057,NA,"Back Reef Slope",188.532347841605,0,NA,NA
"6058",6058,"Coral/Algae","Sheltered Reef Slope",33.3916933726849,0,"Coral/Algae",NA
"6059",6059,"Rock","Reef Slope",0,0,NA,NA
"6060",6060,"Rock","Reef Slope",0,0,NA,NA
"6061",6061,"Rock","Sheltered Reef Slope",48.4389840430152,0,"Rock",NA
"6062",6062,"Rock","Sheltered Reef Slope",48.4389840430152,0,"Rock",NA
"6063",6063,"Rubble","Back Reef Slope",89.1223580306474,0,"Rubble",NA
"6064",6064,"Rubble","Back Reef Slope",89.1223580306474,0,"Rubble",NA
"6065",6065,"Rubble","Back Reef Slope",89.1223580306474,0,"Rubble",NA
"6066",6066,"Rock","Reef Slope",30.4846325129398,0,"Rock",NA
"6067",6067,"Rock","Reef Slope",30.4846325129398,0,"Rock",NA
"6068",6068,"Rock","Reef Slope",30.4846325129398,0,"Rock",NA
"6069",6069,"Rubble","Reef Slope",0,0,NA,NA
"6070",6070,"Rubble","Reef Slope",0,0,NA,NA
"6071",6071,"Rubble","Reef Slope",0,0,NA,NA
"6072",6072,"Rubble","Reef Slope",0,0,NA,NA
"6073",6073,"Coral/Algae","Reef Slope",0,0,NA,NA
"6074",6074,"Coral/Algae","Reef Slope",0,0,NA,NA
"6075",6075,"Coral/Algae","Reef Slope",0,0,NA,NA
"6076",6076,"Coral/Algae","Reef Slope",0,0,NA,NA
"6077",6077,"Rubble","Sheltered Reef Slope",75.9294436163766,0,"Rubble",NA
"6078",6078,"Rubble","Sheltered Reef Slope",75.9294436163766,0,"Rubble",NA
"6079",6079,"Coral/Algae","Outer Reef Flat",0,0,NA,NA
"6080",6080,"Coral/Algae","Outer Reef Flat",0,0,NA,NA
"6081",6081,"Rubble","Reef Slope",72.6034416759614,0,"Rubble",NA
"6082",6082,"Rubble","Reef Slope",72.6034416759614,0,"Rubble",NA
"6083",6083,"Rock","Reef Slope",34.8519795690122,0,"Rock",NA
"6084",6084,"Rock","Reef Slope",0,0,NA,NA
"6085",6085,"Rock","Reef Slope",0,0,NA,NA
"6086",6086,"Rock","Reef Slope",0,0,NA,NA
"6087",6087,"Coral/Algae","Inner Reef Flat",0,0,NA,NA
"6088",6088,"Coral/Algae","Inner Reef Flat",0,0,NA,NA
"6089",6089,"Coral/Algae","Inner Reef Flat",0,0,NA,NA
"6090",6090,"Rock","Outer Reef Flat",0,0,NA,NA
"6091",6091,"Rock","Outer Reef Flat",0,0,NA,NA
"6092",6092,"Rock","Outer Reef Flat",0,0,NA,NA
"6093",6093,"Rock","Back Reef Slope",40.2748701291391,0,"Rock",NA
"6094",6094,"Rock","Back Reef Slope",40.2748701291391,0,"Rock",NA
"6095",6095,"Rock","Back Reef Slope",40.2748701291391,0,"Rock",NA
"6096",6096,NA,"Back Reef Slope",205.184582441012,0,NA,NA
"6097",6097,"Sand","Deep Lagoon",0,0,NA,NA
"6098",6098,"Sand","Deep Lagoon",0,0,NA,NA
"6099",6099,"Rock","Deep Lagoon",0,0,NA,NA
"6100",6100,"Rock","Deep Lagoon",0,0,NA,NA
"6101",6101,"Rock","Deep Lagoon",0,0,NA,NA
"6102",6102,"Rubble","Back Reef Slope",66.9193171371118,0,"Rubble",NA
"6103",6103,"Rock","Back Reef Slope",85.3124075499981,0,"Rock",NA
"6104",6104,"Rock","Back Reef Slope",48.3785187314095,0,"Rock",NA
"6105",6105,"Rubble","Reef Slope",0,0,NA,NA
"6106",6106,"Rubble","Reef Slope",0,0,NA,NA
"6107",6107,"Rubble","Reef Slope",0,0,NA,NA
"6108",6108,"Rubble","Reef Slope",0,0,NA,NA
"6109",6109,"Rubble","Reef Slope",0,0,NA,NA
"6110",6110,"Rubble","Reef Slope",0,0,NA,NA
"6111",6111,"Coral/Algae","Outer Reef Flat",0,0,NA,NA
"6112",6112,"Coral/Algae","Outer Reef Flat",0,0,NA,NA
"6113",6113,"Coral/Algae","Outer Reef Flat",0,0,NA,NA
"6114",6114,"Coral/Algae","Outer Reef Flat",0,0,NA,NA
"6115",6115,"Coral/Algae","Outer Reef Flat",0,0,NA,NA
"6116",6116,"Coral/Algae","Outer Reef Flat",0,0,NA,NA
"6117",6117,"Coral/Algae","Outer Reef Flat",0,0,NA,NA
"6118",6118,"Rock","Back Reef Slope",48.7936183279635,0,"Rock",NA
"6119",6119,"Rock","Back Reef Slope",48.7936183279635,0,"Rock",NA
"6120",6120,"Rock","Back Reef Slope",48.7936183279635,0,"Rock",NA
"6121",6121,"Rock","Back Reef Slope",48.7936183279635,0,"Rock",NA
"6122",6122,"Rock","Back Reef Slope",48.7936183279635,0,"Rock",NA
"6123",6123,"Rock","Back Reef Slope",48.7936183279635,0,"Rock",NA
"6124",6124,"Sand","Back Reef Slope",0,0,NA,NA
"6125",6125,"Sand","Back Reef Slope",63.6441791892358,0,"Sand",NA
"6126",6126,"Sand","Back Reef Slope",63.6441791892358,0,"Sand",NA
"6127",6127,"Sand","Back Reef Slope",63.6441791892358,0,"Sand",NA
"6128",6128,"Coral/Algae","Outer Reef Flat",0,0,NA,NA
"6129",6129,"Coral/Algae","Outer Reef Flat",0,0,NA,NA
"6130",6130,"Coral/Algae","Outer Reef Flat",0,0,NA,NA
"6131",6131,"Coral/Algae","Outer Reef Flat",0,0,NA,NA
"6132",6132,"Coral/Algae","Outer Reef Flat",0,0,NA,NA
"6133",6133,"Coral/Algae","Outer Reef Flat",0,0,NA,NA
"6134",6134,"Rock","Reef Slope",0,0,NA,NA
"6135",6135,"Rock","Reef Slope",0,0,NA,NA
"6136",6136,"Rock","Reef Slope",0,0,NA,NA
"6137",6137,"Rock","Reef Slope",0,0,NA,NA
"6138",6138,"Rubble","Reef Slope",59.0667724078479,0,"Rubble",NA
"6139",6139,"Rubble","Reef Slope",59.0667724078479,0,"Rubble",NA
"6140",6140,"Rubble","Reef Slope",59.0667724078479,0,"Rubble",NA
"6141",6141,"Rubble","Reef Slope",59.0667724078479,0,"Rubble",NA
"6142",6142,"Coral/Algae","Reef Slope",65.4594645515972,0,"Coral/Algae",NA
"6143",6143,"Coral/Algae","Reef Slope",65.4594645515972,0,"Coral/Algae",NA
"6144",6144,"Coral/Algae","Reef Slope",65.4594645515972,0,"Coral/Algae",NA
"6145",6145,"Coral/Algae","Reef Slope",65.4594645515972,0,"Coral/Algae",NA
"6146",6146,"Coral/Algae","Reef Slope",65.4594645515972,0,"Coral/Algae",NA
"6147",6147,"Coral/Algae","Reef Slope",65.4594645515972,0,"Coral/Algae",NA
"6148",6148,"Coral/Algae","Sheltered Reef Slope",0,0,NA,NA
"6149",6149,"Coral/Algae","Sheltered Reef Slope",0,0,NA,NA
"6150",6150,"Coral/Algae","Sheltered Reef Slope",0,0,NA,NA
"6151",6151,"Coral/Algae","Sheltered Reef Slope",0,0,NA,NA
"6152",6152,"Coral/Algae","Sheltered Reef Slope",0,0,NA,NA
"6153",6153,"Coral/Algae","Sheltered Reef Slope",0,0,NA,NA
"6154",6154,"Coral/Algae","Back Reef Slope",0,0,NA,NA
"6155",6155,"Coral/Algae","Back Reef Slope",0,0,NA,NA
"6156",6156,"Coral/Algae","Back Reef Slope",0,0,NA,NA
"6157",6157,"Coral/Algae","Back Reef Slope",0,0,NA,NA
"6158",6158,"Coral/Algae","Back Reef Slope",0,0,NA,NA
"6159",6159,"Rock","Sheltered Reef Slope",98.0849410745399,0,"Rock",NA
"6160",6160,"Rock","Sheltered Reef Slope",98.0849410745399,0,"Rock",NA
"6161",6161,"Rock","Sheltered Reef Slope",98.0849410745399,0,"Rock",NA
"6162",6162,"Rock","Sheltered Reef Slope",98.0849410745399,0,"Rock",NA
"6163",6163,"Rock","Sheltered Reef Slope",98.0849410745399,0,"Rock",NA
"6164",6164,"Coral/Algae","Patch Reef",0,0,NA,NA
"6165",6165,"Coral/Algae","Patch Reef",0,0,NA,NA
"6166",6166,"Coral/Algae","Patch Reef",0,0,NA,NA
"6167",6167,"Coral/Algae","Patch Reef",0,0,NA,NA
"6168",6168,"Coral/Algae","Patch Reef",0,0,NA,NA
"6169",6169,"Coral/Algae","Patch Reef",0,0,NA,NA
"6170",6170,"Coral/Algae","Patch Reef",0,0,NA,NA
"6171",6171,"Sand","Sheltered Reef Slope",43.8043397077786,0,"Sand",NA
"6172",6172,"Sand","Sheltered Reef Slope",43.8043397077786,0,"Sand",NA
"6173",6173,"Sand","Sheltered Reef Slope",43.8043397077786,0,"Sand",NA
"6174",6174,"Sand","Sheltered Reef Slope",43.8043397077786,0,"Sand",NA
"6175",6175,"Sand","Sheltered Reef Slope",43.8043397077786,0,"Sand",NA
"6176",6176,"Sand","Sheltered Reef Slope",43.8043397077786,0,"Sand",NA
"6177",6177,"Rubble","Sheltered Reef Slope",0,0,NA,NA
"6178",6178,"Rubble","Sheltered Reef Slope",0,0,NA,NA
"6179",6179,"Rubble","Sheltered Reef Slope",0,0,NA,NA
"6180",6180,"Rubble","Sheltered Reef Slope",0,0,NA,NA
"6181",6181,"Rubble","Sheltered Reef Slope",0,0,NA,NA
"6182",6182,"Rubble","Sheltered Reef Slope",0,0,NA,NA
"6183",6183,"Rubble","Sheltered Reef Slope",0,0,NA,NA
"6184",6184,NA,NA,199.974056535584,138.320384475136,NA,NA
"6185",6185,"Rock","Reef Slope",0,0,NA,NA
"6186",6186,"Rock","Reef Slope",0,0,NA,NA
"6187",6187,"Rock","Outer Reef Flat",0,0,NA,NA
"6188",6188,"Rock","Sheltered Reef Slope",0,0,NA,NA
"6189",6189,"Rock","Sheltered Reef Slope",0,0,NA,NA
"6190",6190,"Rock","Sheltered Reef Slope",0,0,NA,NA
"6191",6191,NA,NA,122.994742396594,122.994742396594,NA,NA
"6192",6192,NA,NA,122.994742396594,122.994742396594,NA,NA
"6193",6193,NA,NA,122.994742396594,122.994742396594,NA,NA
"6194",6194,"Rock","Reef Slope",44.6676576193202,44.6676576193202,"Rock","Reef Slope"
"6195",6195,"Rock","Back Reef Slope",37.3561245466895,37.3561245466895,"Rock","Back Reef Slope"
"6196",6196,"Rock","Back Reef Slope",49.492557891724,49.492557891724,"Rock","Back Reef Slope"
"6197",6197,"Sand","Outer Reef Flat",0,0,NA,NA
"6198",6198,"Sand","Outer Reef Flat",0,0,NA,NA
"6199",6199,"Sand","Back Reef Slope",39.2048262720025,0,"Sand",NA
"6200",6200,"Rock","Outer Reef Flat",0,0,NA,NA
"6201",6201,"Rock","Sheltered Reef Slope",0,0,NA,NA
"6202",6202,"Coral/Algae","Reef Slope",0,0,NA,NA
"6203",6203,"Rock","Reef Slope",0,0,NA,NA
"6204",6204,"Rock","Reef Slope",0,0,NA,NA
"6205",6205,"Coral/Algae","Outer Reef Flat",0,0,NA,NA
"6206",6206,"Coral/Algae","Outer Reef Flat",0,0,NA,NA
"6207",6207,"Coral/Algae","Inner Reef Flat",0,0,NA,NA
"6208",6208,"Rock","Reef Crest",0,0,NA,NA
"6209",6209,"Sand","Back Reef Slope",0,0,NA,NA
"6210",6210,"Rubble","Back Reef Slope",0,0,NA,NA
"6211",6211,"Coral/Algae","Back Reef Slope",56.9856653269094,0,"Coral/Algae",NA
"6212",6212,"Rubble","Back Reef Slope",0,0,NA,NA
"6213",6213,"Coral/Algae","Inner Reef Flat",0,0,NA,NA
"6214",6214,"Sand","Back Reef Slope",0,0,NA,NA
"6215",6215,"Rock","Back Reef Slope",89.9834648429078,0,"Rock",NA
"6216",6216,"Rock","Reef Slope",53.6068436631757,0,"Rock",NA
"6217",6217,"Rock","Reef Slope",63.3729147999689,0,"Rock",NA
"6218",6218,"Rock","Reef Slope",0,0,NA,NA
"6219",6219,"Rock","Reef Slope",0,0,NA,NA
"6220",6220,"Coral/Algae","Reef Slope",61.852657816371,0,"Coral/Algae",NA
"6221",6221,"Rock","Reef Slope",89.320237876364,0,"Rock",NA
"6222",6222,"Coral/Algae","Back Reef Slope",0,0,NA,NA
"6223",6223,"Rock","Back Reef Slope",49.9901750599752,0,"Rock",NA
"6224",6224,"Rock","Back Reef Slope",82.0196471243904,0,"Rock",NA
"6225",6225,"Rock","Reef Slope",0,0,NA,NA
"6226",6226,"Rock","Reef Slope",0,0,NA,NA
"6227",6227,NA,"Reef Slope",115.818145404786,0,NA,NA
"6228",6228,NA,"Reef Slope",115.818145404786,0,NA,NA
"6229",6229,"Rock","Reef Slope",52.3793649667368,0,"Rock",NA
"6230",6230,"Rock","Reef Slope",52.3793649667368,0,"Rock",NA
"6231",6231,"Rock","Reef Slope",0,0,NA,NA
"6232",6232,"Rock","Reef Slope",0,0,NA,NA
"6233",6233,"Rock","Reef Slope",38.7721315539097,0,"Rock",NA
"6234",6234,"Rock","Reef Slope",47.2624916618615,0,"Rock",NA
"6235",6235,"Sand","Back Reef Slope",0,0,NA,NA
"6236",6236,"Sand","Back Reef Slope",0,0,NA,NA
"6237",6237,"Rock","Reef Slope",0,0,NA,NA
"6238",6238,"Rock","Reef Slope",0,0,NA,NA
"6239",6239,"Rock","Reef Slope",0,0,NA,NA
"6240",6240,"Rock","Reef Slope",0,0,NA,NA
"6241",6241,"Rock","Reef Crest",0,0,NA,NA
"6242",6242,"Rock","Reef Crest",0,0,NA,NA
"6243",6243,"Rock","Patch Reef",0,0,NA,NA
"6244",6244,"Rock","Patch Reef",0,0,NA,NA
"6245",6245,"Coral/Algae","Outer Reef Flat",0,0,NA,NA
"6246",6246,"Coral/Algae","Outer Reef Flat",0,0,NA,NA
"6247",6247,"Rubble","Back Reef Slope",0,0,NA,NA
"6248",6248,"Sand","Back Reef Slope",0,0,NA,NA
"6249",6249,"Rock","Sheltered Reef Slope",37.0607871922144,0,"Rock",NA
"6250",6250,"Rock","Sheltered Reef Slope",37.0607871922144,0,"Rock",NA
"6251",6251,"Sand","Sheltered Reef Slope",35.9122168191783,35.9122168191783,"Sand","Sheltered Reef Slope"
"6252",6252,"Rock","Sheltered Reef Slope",68.8938328969588,44.6632284384076,"Rock","Sheltered Reef Slope"
"6253",6253,"Sand","Sheltered Reef Slope",50.2114249246884,0,"Sand",NA
"6254",6254,"Coral/Algae","Sheltered Reef Slope",78.7641605243556,37.2620084670021,"Coral/Algae","Sheltered Reef Slope"
"6255",6255,"Coral/Algae","Sheltered Reef Slope",50.801025802036,36.2088401745146,"Coral/Algae","Sheltered Reef Slope"
"6256",6256,"Coral/Algae","Sheltered Reef Slope",50.801025802036,36.2088401745146,"Coral/Algae","Sheltered Reef Slope"
"6257",6257,NA,"Sheltered Reef Slope",130.648364337441,92.1446720229002,NA,"Sheltered Reef Slope"
"6258",6258,NA,"Sheltered Reef Slope",130.648364337441,92.1446720229002,NA,"Sheltered Reef Slope"
"6259",6259,NA,NA,191.032850069866,152.683795771095,NA,NA
"6260",6260,"Coral/Algae","Sheltered Reef Slope",39.6666837309026,0,"Coral/Algae",NA
"6261",6261,"Sand","Sheltered Reef Slope",49.2525361673307,29.4797793539288,"Sand","Sheltered Reef Slope"
"6262",6262,"Coral/Algae","Sheltered Reef Slope",89.7138417615704,59.4869710290852,"Coral/Algae","Sheltered Reef Slope"
"6263",6263,"Coral/Algae","Outer Reef Flat",0,0,NA,NA
"6264",6264,"Coral/Algae","Outer Reef Flat",0,0,NA,NA
"6265",6265,"Coral/Algae","Outer Reef Flat",0,0,NA,NA
"6266",6266,NA,NA,160.914262213255,122.944186307021,NA,NA
"6267",6267,NA,NA,160.914262213255,122.944186307021,NA,NA
"6268",6268,"Coral/Algae","Reef Slope",0,0,NA,NA
"6269",6269,"Sand","Deep Lagoon",62.2668829479477,0,"Sand",NA
"6270",6270,"Rubble","Deep Lagoon",0,0,NA,NA
"6271",6271,"Rock","Reef Slope",0,0,NA,NA
"6272",6272,"Rock","Reef Slope",0,0,NA,NA
"6273",6273,"Rock","Reef Slope",0,0,NA,NA
"6274",6274,"Coral/Algae","Reef Slope",0,0,NA,NA
"6275",6275,"Rock","Reef Slope",0,0,NA,NA
"6276",6276,"Coral/Algae","Reef Slope",36.5431529172886,35.996676757933,"Coral/Algae","Reef Slope"
"6277",6277,"Coral/Algae","Back Reef Slope",0,0,NA,NA
"6278",6278,"Coral/Algae","Back Reef Slope",0,0,NA,NA
"6279",6279,"Coral/Algae","Reef Slope",0,0,NA,NA
"6280",6280,"Coral/Algae","Outer Reef Flat",0,0,NA,NA
"6281",6281,"Coral/Algae","Outer Reef Flat",0,0,NA,NA
"6282",6282,"Rock","Outer Reef Flat",0,0,NA,NA
"6283",6283,"Rock","Reef Crest",0,0,NA,NA
"6284",6284,"Rock","Reef Slope",0,0,NA,NA
"6285",6285,"Rubble","Outer Reef Flat",0,0,NA,NA
"6286",6286,"Rock","Back Reef Slope",0,0,NA,NA
"6287",6287,"Rock","Back Reef Slope",0,0,NA,NA
"6288",6288,"Rock","Reef Slope",0,0,NA,NA
"6289",6289,"Rock","Reef Slope",67.8277809638441,0,"Rock",NA
"6290",6290,"Rock","Reef Slope",67.8277809638441,0,"Rock",NA
"6291",6291,"Rock","Reef Slope",67.8277809638441,0,"Rock",NA
"6292",6292,"Rock","Reef Slope",67.8277809638441,0,"Rock",NA
"6293",6293,"Rock","Reef Slope",26.2859983523774,0,"Rock",NA
"6294",6294,"Rock","Reef Slope",26.2859983523774,0,"Rock",NA
"6295",6295,"Rock","Reef Slope",26.2859983523774,0,"Rock",NA
"6296",6296,"Rock","Sheltered Reef Slope",93.4980106593107,0,"Rock",NA
"6297",6297,"Rock","Sheltered Reef Slope",93.4980106593107,0,"Rock",NA
"6298",6298,"Rock","Sheltered Reef Slope",93.4980106593107,0,"Rock",NA
"6299",6299,"Rock","Sheltered Reef Slope",93.4980106593107,0,"Rock",NA
"6300",6300,"Coral/Algae","Sheltered Reef Slope",0,0,NA,NA
"6301",6301,"Coral/Algae","Sheltered Reef Slope",0,0,NA,NA
"6302",6302,"Rock","Back Reef Slope",36.9892572255194,0,"Rock",NA
"6303",6303,"Rock","Back Reef Slope",36.9892572255194,0,"Rock",NA
"6304",6304,"Rock","Back Reef Slope",36.9892572255194,0,"Rock",NA
"6305",6305,"Coral/Algae","Back Reef Slope",75.7159451459657,0,"Coral/Algae",NA
"6306",6306,"Coral/Algae","Back Reef Slope",75.7159451459657,0,"Coral/Algae",NA
"6307",6307,"Rock","Reef Slope",51.6138514240913,0,"Rock",NA
"6308",6308,"Rock","Reef Slope",51.6138514240913,0,"Rock",NA
"6309",6309,"Rock","Reef Slope",51.6138514240913,0,"Rock",NA
"6310",6310,"Rock","Reef Slope",51.6138514240913,0,"Rock",NA
"6311",6311,"Rock","Back Reef Slope",87.9900851072715,0,"Rock",NA
"6312",6312,"Coral/Algae","Reef Slope",50.2838973660627,0,"Coral/Algae",NA
"6313",6313,"Coral/Algae","Reef Slope",50.2838973660627,0,"Coral/Algae",NA
"6314",6314,"Rock","Reef Slope",0,0,NA,NA
"6315",6315,"Rock","Reef Slope",0,0,NA,NA
"6316",6316,"Rock","Reef Slope",0,0,NA,NA
"6317",6317,"Rock","Back Reef Slope",0,0,NA,NA
"6318",6318,"Rock","Reef Slope",45.1629587724917,0,"Rock",NA
"6319",6319,"Rock","Reef Slope",38.3313014229574,0,"Rock",NA
"6320",6320,"Rock","Reef Slope",53.068943362268,34.5794023050321,"Rock","Reef Slope"
"6321",6321,"Rock","Reef Slope",53.068943362268,34.5794023050321,"Rock","Reef Slope"
"6322",6322,"Coral/Algae","Reef Slope",0,0,NA,NA
"6323",6323,"Coral/Algae","Reef Slope",0,0,NA,NA
"6324",6324,"Coral/Algae","Reef Slope",0,0,NA,NA
"6325",6325,"Coral/Algae","Inner Reef Flat",0,0,NA,NA
"6326",6326,"Coral/Algae","Inner Reef Flat",0,0,NA,NA
"6327",6327,"Coral/Algae","Inner Reef Flat",0,0,NA,NA
"6328",6328,"Coral/Algae","Inner Reef Flat",0,0,NA,NA
"6329",6329,"Coral/Algae","Inner Reef Flat",0,0,NA,NA
"6330",6330,"Coral/Algae","Inner Reef Flat",0,0,NA,NA
"6331",6331,NA,NA,16159.0988809683,16063.9440170169,NA,NA
"6332",6332,NA,NA,16159.0988809683,16063.9440170169,NA,NA
"6333",6333,NA,NA,16159.0988809683,16063.9440170169,NA,NA
"6334",6334,NA,NA,16159.0988809683,16063.9440170169,NA,NA
"6335",6335,NA,NA,16159.0988809683,16063.9440170169,NA,NA
"6336",6336,NA,NA,16413.8145696279,16323.9115204072,NA,NA
"6337",6337,NA,NA,16413.8145696279,16323.9115204072,NA,NA
"6338",6338,NA,NA,16413.8145696279,16323.9115204072,NA,NA
"6339",6339,NA,NA,16413.8145696279,16323.9115204072,NA,NA
"6340",6340,NA,NA,16631.9660010171,16544.7502257132,NA,NA
"6341",6341,NA,NA,16631.9660010171,16544.7502257132,NA,NA
"6342",6342,NA,NA,16878.6941241882,16794.9464921192,NA,NA
"6343",6343,NA,NA,16878.6941241882,16794.9464921192,NA,NA
"6344",6344,NA,NA,16878.6941241882,16794.9464921192,NA,NA
"6345",6345,NA,NA,16878.6941241882,16794.9464921192,NA,NA
"6346",6346,NA,NA,16878.6941241882,16794.9464921192,NA,NA
"6347",6347,NA,NA,16986.070322414,16897.1934219573,NA,NA
"6348",6348,NA,NA,16986.070322414,16897.1934219573,NA,NA
"6349",6349,NA,NA,16986.070322414,16897.1934219573,NA,NA
"6350",6350,NA,NA,16878.3689057736,16783.8494533732,NA,NA
"6351",6351,NA,NA,16878.3689057736,16783.8494533732,NA,NA
"6352",6352,NA,NA,16606.6415775355,16507.5200020922,NA,NA
"6353",6353,NA,NA,16606.6415775355,16507.5200020922,NA,NA
"6354",6354,NA,NA,16304.4687590811,16206.4199690214,NA,NA
"6355",6355,NA,NA,16304.4687590811,16206.4199690214,NA,NA
"6356",6356,NA,NA,16957.1261666474,16870.7308454512,NA,NA
"6357",6357,NA,NA,16957.1261666474,16870.7308454512,NA,NA
"6358",6358,"Sand","Sheltered Reef Slope",0,0,NA,NA
"6359",6359,"Rock","Sheltered Reef Slope",0,0,NA,NA
"6360",6360,"Rock","Sheltered Reef Slope",0,0,NA,NA
"6361",6361,"Rock","Sheltered Reef Slope",0,0,NA,NA
"6362",6362,"Coral/Algae","Sheltered Reef Slope",0,0,NA,NA
"6363",6363,"Coral/Algae","Sheltered Reef Slope",0,0,NA,NA
"6364",6364,"Coral/Algae","Sheltered Reef Slope",0,0,NA,NA
"6365",6365,"Coral/Algae","Sheltered Reef Slope",0,0,NA,NA
"6366",6366,"Coral/Algae","Sheltered Reef Slope",54.7054600662029,54.7054600662029,"Coral/Algae","Sheltered Reef Slope"
"6367",6367,"Coral/Algae","Sheltered Reef Slope",54.7054600662029,54.7054600662029,"Coral/Algae","Sheltered Reef Slope"
"6368",6368,"Rock","Sheltered Reef Slope",39.3729344403303,0,"Rock",NA
"6369",6369,"Rock","Sheltered Reef Slope",39.3729344403303,0,"Rock",NA
"6370",6370,"Coral/Algae","Outer Reef Flat",0,0,NA,NA
"6371",6371,"Coral/Algae","Outer Reef Flat",0,0,NA,NA
"6372",6372,"Rock","Sheltered Reef Slope",0,0,NA,NA
"6373",6373,"Rock","Sheltered Reef Slope",0,0,NA,NA
"6374",6374,"Rock","Sheltered Reef Slope",0,0,NA,NA
"6375",6375,"Rubble","Sheltered Reef Slope",0,0,NA,NA
"6376",6376,"Rubble","Sheltered Reef Slope",0,0,NA,NA
"6377",6377,"Coral/Algae","Reef Crest",0,0,NA,NA
"6378",6378,"Coral/Algae","Reef Crest",0,0,NA,NA
"6379",6379,"Coral/Algae","Sheltered Reef Slope",45.1629909597676,0,"Coral/Algae",NA
"6380",6380,"Coral/Algae","Sheltered Reef Slope",0,0,NA,NA
"6381",6381,"Coral/Algae","Sheltered Reef Slope",0,0,NA,NA
"6382",6382,"Rock","Reef Crest",0,0,NA,NA
"6383",6383,"Rock","Reef Crest",0,0,NA,NA
"6384",6384,"Coral/Algae","Sheltered Reef Slope",0,0,NA,NA
"6385",6385,"Rock","Deep Lagoon",0,0,NA,NA
"6386",6386,"Rock","Reef Slope",0,0,NA,NA
"6387",6387,"Rock","Reef Slope",0,0,NA,NA
"6388",6388,"Rock","Sheltered Reef Slope",0,0,NA,NA
"6389",6389,"Sand","Back Reef Slope",0,0,NA,NA
"6390",6390,"Coral/Algae","Deep Lagoon",48.5499381244469,0,"Coral/Algae",NA
"6391",6391,"Sand","Back Reef Slope",0,0,NA,NA
"6392",6392,"Rock","Reef Crest",0,0,NA,NA
"6393",6393,"Rock","Reef Crest",0,0,NA,NA
"6394",6394,"Rock","Back Reef Slope",0,0,NA,NA
"6395",6395,NA,NA,1295.94993789914,593.999629559356,NA,NA
"6396",6396,NA,NA,645.009198632824,353.62092178629,NA,NA
"6397",6397,NA,"Back Reef Slope",230.942706990819,0,NA,NA
"6398",6398,NA,"Back Reef Slope",271.614939372,0,NA,NA
"6399",6399,NA,"Back Reef Slope",149.805451081816,0,NA,NA
"6400",6400,NA,"Reef Slope",227.78590617978,0,NA,NA
"6401",6401,NA,NA,273.97681379979,134.775015857131,NA,NA
"6402",6402,"Coral/Algae","Outer Reef Flat",0,0,NA,NA
"6403",6403,"Coral/Algae","Outer Reef Flat",0,0,NA,NA
"6404",6404,"Coral/Algae","Outer Reef Flat",0,0,NA,NA
"6405",6405,"Coral/Algae","Outer Reef Flat",0,0,NA,NA
"6406",6406,"Coral/Algae","Outer Reef Flat",0,0,NA,NA
"6407",6407,"Coral/Algae","Outer Reef Flat",0,0,NA,NA
"6408",6408,"Sand","Back Reef Slope",0,0,NA,NA
"6409",6409,NA,NA,221.50349470525,221.50349470525,NA,NA
"6410",6410,NA,NA,221.50349470525,221.50349470525,NA,NA
"6411",6411,NA,NA,221.50349470525,221.50349470525,NA,NA
"6412",6412,NA,NA,221.50349470525,221.50349470525,NA,NA
"6413",6413,"Rock","Back Reef Slope",47.5153993516753,0,"Rock",NA
"6414",6414,"Rock","Back Reef Slope",47.5153993516753,0,"Rock",NA
"6415",6415,"Rock","Back Reef Slope",47.5153993516753,0,"Rock",NA
"6416",6416,"Rock","Back Reef Slope",47.5153993516753,0,"Rock",NA
"6417",6417,"Rock","Sheltered Reef Slope",0,0,NA,NA
"6418",6418,"Rock","Sheltered Reef Slope",0,0,NA,NA
"6419",6419,"Rock","Sheltered Reef Slope",0,0,NA,NA
"6420",6420,"Rock","Back Reef Slope",85.2857226421159,51.8062045833891,"Rock","Back Reef Slope"
"6421",6421,"Rock","Back Reef Slope",85.2857226421159,51.8062045833891,"Rock","Back Reef Slope"
"6422",6422,"Rock","Back Reef Slope",85.2857226421159,51.8062045833891,"Rock","Back Reef Slope"
"6423",6423,"Rock","Back Reef Slope",85.2857226421159,51.8062045833891,"Rock","Back Reef Slope"
"6424",6424,"Rock","Sheltered Reef Slope",32.7309391518244,32.7309391518244,"Rock","Sheltered Reef Slope"
"6425",6425,"Rock","Sheltered Reef Slope",32.7309391518244,32.7309391518244,"Rock","Sheltered Reef Slope"
"6426",6426,"Rock","Sheltered Reef Slope",32.7309391518244,32.7309391518244,"Rock","Sheltered Reef Slope"
"6427",6427,"Rock","Sheltered Reef Slope",32.7309391518244,32.7309391518244,"Rock","Sheltered Reef Slope"
"6428",6428,"Rock","Back Reef Slope",37.8378880473125,0,"Rock",NA
"6429",6429,"Rock","Reef Slope",0,0,NA,NA
"6430",6430,"Rock","Reef Slope",0,0,NA,NA
"6431",6431,"Rock","Sheltered Reef Slope",0,0,NA,NA
"6432",6432,"Rock","Sheltered Reef Slope",0,0,NA,NA
"6433",6433,"Rock","Sheltered Reef Slope",0,0,NA,NA
"6434",6434,"Rock","Back Reef Slope",0,0,NA,NA
"6435",6435,"Rock","Back Reef Slope",0,0,NA,NA
"6436",6436,"Rock","Back Reef Slope",0,0,NA,NA
"6437",6437,"Rock","Back Reef Slope",0,0,NA,NA
"6438",6438,"Rock","Back Reef Slope",0,0,NA,NA
"6439",6439,"Coral/Algae","Deep Lagoon",0,0,NA,NA
"6440",6440,"Sand","Back Reef Slope",0,0,NA,NA
"6441",6441,"Coral/Algae","Back Reef Slope",0,0,NA,NA
"6442",6442,"Coral/Algae","Back Reef Slope",0,0,NA,NA
"6443",6443,"Coral/Algae","Back Reef Slope",0,0,NA,NA
"6444",6444,"Rock","Back Reef Slope",0,0,NA,NA
"6445",6445,"Rock","Back Reef Slope",0,0,NA,NA
"6446",6446,"Rock","Back Reef Slope",46.7099515818947,0,"Rock",NA
"6447",6447,"Sand","Sheltered Reef Slope",57.3860954020797,0,"Sand",NA
"6448",6448,"Sand","Sheltered Reef Slope",57.3860954020797,0,"Sand",NA
"6449",6449,"Rock","Back Reef Slope",38.5635599134386,0,"Rock",NA
"6450",6450,"Coral/Algae","Reef Crest",0,0,NA,NA
"6451",6451,"Coral/Algae","Back Reef Slope",26.5008872836589,0,"Coral/Algae",NA
"6452",6452,"Coral/Algae","Outer Reef Flat",0,0,NA,NA
"6453",6453,"Coral/Algae","Outer Reef Flat",0,0,NA,NA
"6454",6454,"Coral/Algae","Outer Reef Flat",0,0,NA,NA
"6455",6455,"Coral/Algae","Outer Reef Flat",0,0,NA,NA
"6456",6456,"Coral/Algae","Outer Reef Flat",0,0,NA,NA
"6457",6457,"Coral/Algae","Reef Slope",0,0,NA,NA
"6458",6458,"Coral/Algae","Reef Slope",0,0,NA,NA
"6459",6459,"Coral/Algae","Reef Slope",0,0,NA,NA
"6460",6460,"Coral/Algae","Reef Slope",0,0,NA,NA
"6461",6461,"Coral/Algae","Reef Slope",0,0,NA,NA
"6462",6462,"Sand","Inner Reef Flat",0,0,NA,NA
"6463",6463,"Sand","Inner Reef Flat",0,0,NA,NA
"6464",6464,"Sand","Inner Reef Flat",0,0,NA,NA
"6465",6465,"Sand","Inner Reef Flat",0,0,NA,NA
"6466",6466,"Rock","Reef Slope",0,0,NA,NA
"6467",6467,"Coral/Algae","Reef Slope",45.2052643064409,0,"Coral/Algae",NA
"6468",6468,"Rubble","Back Reef Slope",0,0,NA,NA
"6469",6469,"Rock","Reef Crest",0,0,NA,NA
"6470",6470,"Rubble","Back Reef Slope",0,0,NA,NA
"6471",6471,"Coral/Algae","Sheltered Reef Slope",43.8681844970936,34.2285125826005,"Coral/Algae","Sheltered Reef Slope"
"6472",6472,"Rock","Reef Slope",30.9173279549206,0,"Rock",NA
"6473",6473,"Rubble","Sheltered Reef Slope",0,0,NA,NA
"6474",6474,"Rubble","Sheltered Reef Slope",0,0,NA,NA
"6475",6475,"Rock","Sheltered Reef Slope",53.781743267527,53.781743267527,"Rock","Sheltered Reef Slope"
"6476",6476,"Rock","Sheltered Reef Slope",0,0,NA,NA
"6477",6477,"Rock","Outer Reef Flat",0,0,NA,NA
"6478",6478,"Rock","Sheltered Reef Slope",43.8081581856757,0,"Rock",NA
"6479",6479,"Rock","Sheltered Reef Slope",43.1373974931765,43.1373974931765,"Rock","Sheltered Reef Slope"
"6480",6480,"Coral/Algae","Outer Reef Flat",0,0,NA,NA
"6481",6481,"Rock","Outer Reef Flat",0,0,NA,NA
"6482",6482,"Coral/Algae","Sheltered Reef Slope",0,0,NA,NA
"6483",6483,"Rock","Inner Reef Flat",0,0,NA,NA
"6484",6484,"Rock","Back Reef Slope",0,0,NA,NA
"6485",6485,"Coral/Algae","Deep Lagoon",0,0,NA,NA
"6486",6486,"Coral/Algae","Deep Lagoon",0,0,NA,NA
"6487",6487,"Rock","Inner Reef Flat",0,0,NA,NA
"6488",6488,"Coral/Algae","Inner Reef Flat",0,0,NA,NA
"6489",6489,"Coral/Algae","Outer Reef Flat",0,0,NA,NA
"6490",6490,"Rock","Outer Reef Flat",0,0,NA,NA
"6491",6491,"Rock","Back Reef Slope",54.5122678419428,0,"Rock",NA
"6492",6492,"Rock","Reef Slope",71.5089927643477,0,"Rock",NA
"6493",6493,"Rubble","Reef Slope",81.8695657643295,0,"Rubble",NA
"6494",6494,"Rubble","Reef Slope",81.8695657643295,0,"Rubble",NA
"6495",6495,"Rock","Back Reef Slope",0,0,NA,NA
"6496",6496,"Rock","Back Reef Slope",0,0,NA,NA
"6497",6497,"Rock","Back Reef Slope",0,0,NA,NA
"6498",6498,"Rock","Back Reef Slope",0,0,NA,NA
"6499",6499,"Coral/Algae","Back Reef Slope",0,0,NA,NA
"6500",6500,"Coral/Algae","Deep Lagoon",0,0,NA,NA
"6501",6501,"Coral/Algae","Reef Slope",0,0,NA,NA
"6502",6502,"Coral/Algae","Outer Reef Flat",0,0,NA,NA
"6503",6503,NA,"Back Reef Slope",143.674593669205,0,NA,NA
"6504",6504,"Rubble","Back Reef Slope",0,0,NA,NA
"6505",6505,"Rock","Reef Slope",80.5313422878497,0,"Rock",NA
"6506",6506,"Rubble","Deep Lagoon",0,0,NA,NA
"6507",6507,"Rubble","Deep Lagoon",0,0,NA,NA
"6508",6508,"Rubble","Deep Lagoon",0,0,NA,NA
"6509",6509,"Coral/Algae","Outer Reef Flat",0,0,NA,NA
"6510",6510,"Coral/Algae","Outer Reef Flat",0,0,NA,NA
"6511",6511,"Coral/Algae","Outer Reef Flat",0,0,NA,NA
"6512",6512,"Sand","Inner Reef Flat",0,0,NA,NA
"6513",6513,"Sand","Inner Reef Flat",0,0,NA,NA
"6514",6514,"Sand","Inner Reef Flat",0,0,NA,NA
"6515",6515,"Rock","Reef Crest",0,0,NA,NA
"6516",6516,"Rock","Reef Crest",0,0,NA,NA
"6517",6517,"Rock","Reef Crest",0,0,NA,NA
"6518",6518,"Rubble","Reef Slope",0,0,NA,NA
"6519",6519,"Rubble","Reef Slope",0,0,NA,NA
"6520",6520,"Sand","Back Reef Slope",0,0,NA,NA
"6521",6521,"Sand","Back Reef Slope",0,0,NA,NA
"6522",6522,"Coral/Algae","Reef Slope",0,0,NA,NA
"6523",6523,"Coral/Algae","Reef Slope",0,0,NA,NA
"6524",6524,"Coral/Algae","Back Reef Slope",0,0,NA,NA
"6525",6525,"Rock","Reef Slope",48.1529066147043,0,"Rock",NA
"6526",6526,"Rock","Reef Slope",46.6678929851375,0,"Rock",NA
"6527",6527,"Sand","Reef Slope",0,0,NA,NA
"6528",6528,"Coral/Algae","Reef Slope",0,0,NA,NA
"6529",6529,"Coral/Algae","Reef Slope",0,0,NA,NA
"6530",6530,"Coral/Algae","Reef Slope",0,0,NA,NA
"6531",6531,NA,NA,24650.5249645629,24373.5581419764,NA,NA
"6532",6532,NA,NA,22700.4392129699,22427.3887017919,NA,NA
"6533",6533,NA,NA,24335.5176649787,24063.0517891176,NA,NA
"6534",6534,NA,NA,24081.5154772374,23811.9546721814,NA,NA
"6535",6535,NA,NA,24937.6892096023,24673.3917372344,NA,NA
"6536",6536,NA,NA,22635.9361349484,22358.3217611253,NA,NA
"6537",6537,"Rock","Reef Slope",67.6521238774438,40.0402163551958,"Rock","Reef Slope"
"6538",6538,"Rock","Back Reef Slope",83.5298149759873,42.6545524609087,"Rock","Back Reef Slope"
"6539",6539,"Rubble","Reef Slope",47.8879203068938,35.9719778081106,"Rubble","Reef Slope"
"6540",6540,"Rock","Back Reef Slope",0,0,NA,NA
"6541",6541,"Rock","Back Reef Slope",0,0,NA,NA
"6542",6542,"Rock","Reef Slope",35.0908172857802,35.0908172857802,"Rock","Reef Slope"
"6543",6543,"Rock","Reef Slope",0,0,NA,NA
"6544",6544,"Rubble","Sheltered Reef Slope",0,0,NA,NA
"6545",6545,"Rock","Sheltered Reef Slope",0,0,NA,NA
"6546",6546,"Rock","Sheltered Reef Slope",0,0,NA,NA
"6547",6547,"Rock","Sheltered Reef Slope",0,0,NA,NA
"6548",6548,"Rock","Sheltered Reef Slope",0,0,NA,NA
"6549",6549,"Rock","Reef Slope",73.8124695026978,73.8124695026978,"Rock","Reef Slope"
"6550",6550,"Sand","Back Reef Slope",0,0,NA,NA
"6551",6551,"Rock","Reef Slope",79.2199659942199,50.0815368268119,"Rock","Reef Slope"
"6552",6552,"Rubble","Back Reef Slope",32.6682091525778,0,"Rubble",NA
"6553",6553,"Rubble","Back Reef Slope",32.6682091525778,0,"Rubble",NA
"6554",6554,"Rock","Back Reef Slope",0,0,NA,NA
"6555",6555,"Rock","Back Reef Slope",0,0,NA,NA
"6556",6556,"Rock","Back Reef Slope",0,0,NA,NA
"6557",6557,"Sand","Outer Reef Flat",0,0,NA,NA
"6558",6558,"Sand","Outer Reef Flat",0,0,NA,NA
"6559",6559,"Sand","Outer Reef Flat",0,0,NA,NA
"6560",6560,"Rubble","Back Reef Slope",41.3010866163115,0,"Rubble",NA
"6561",6561,"Sand","Inner Reef Flat",0,0,NA,NA
"6562",6562,"Sand","Deep Lagoon",0,0,NA,NA
"6563",6563,"Sand","Deep Lagoon",0,0,NA,NA
"6564",6564,"Coral/Algae","Sheltered Reef Slope",0,0,NA,NA
"6565",6565,"Coral/Algae","Sheltered Reef Slope",0,0,NA,NA
"6566",6566,"Rubble","Sheltered Reef Slope",0,0,NA,NA
"6567",6567,"Rubble","Sheltered Reef Slope",46.5843502475012,0,"Rubble",NA
"6568",6568,"Coral/Algae","Sheltered Reef Slope",0,0,NA,NA
"6569",6569,"Coral/Algae","Sheltered Reef Slope",0,0,NA,NA
"6570",6570,"Rock","Sheltered Reef Slope",0,0,NA,NA
"6571",6571,"Rock","Sheltered Reef Slope",0,0,NA,NA
"6572",6572,"Coral/Algae","Reef Crest",0,0,NA,NA
"6573",6573,"Rock","Reef Crest",0,0,NA,NA
"6574",6574,"Coral/Algae","Reef Crest",0,0,NA,NA
"6575",6575,"Rock","Sheltered Reef Slope",0,0,NA,NA
"6576",6576,"Rubble","Sheltered Reef Slope",0,0,NA,NA
"6577",6577,"Rubble","Sheltered Reef Slope",0,0,NA,NA
"6578",6578,"Rock","Sheltered Reef Slope",0,0,NA,NA
"6579",6579,"Rock","Sheltered Reef Slope",0,0,NA,NA
"6580",6580,"Sand","Inner Reef Flat",0,0,NA,NA
"6581",6581,"Sand","Inner Reef Flat",0,0,NA,NA
"6582",6582,"Coral/Algae","Reef Slope",0,0,NA,NA
"6583",6583,"Coral/Algae","Reef Slope",0,0,NA,NA
"6584",6584,"Rock","Outer Reef Flat",0,0,NA,NA
"6585",6585,"Rock","Sheltered Reef Slope",0,0,NA,NA
"6586",6586,"Rock","Inner Reef Flat",0,0,NA,NA
"6587",6587,"Coral/Algae","Reef Slope",0,0,NA,NA
"6588",6588,"Coral/Algae","Sheltered Reef Slope",0,0,NA,NA
"6589",6589,"Coral/Algae","Outer Reef Flat",0,0,NA,NA
"6590",6590,"Coral/Algae","Outer Reef Flat",0,0,NA,NA
"6591",6591,"Sand","Deep Lagoon",0,0,NA,NA
"6592",6592,"Rock","Deep Lagoon",0,0,NA,NA
"6593",6593,"Sand","Deep Lagoon",0,0,NA,NA
"6594",6594,"Sand","Inner Reef Flat",0,0,NA,NA
"6595",6595,"Rubble","Inner Reef Flat",0,0,NA,NA
"6596",6596,"Rubble","Deep Lagoon",0,0,NA,NA
"6597",6597,"Sand","Sheltered Reef Slope",0,0,NA,NA
"6598",6598,"Sand","Deep Lagoon",0,0,NA,NA
"6599",6599,"Sand","Deep Lagoon",0,0,NA,NA
"6600",6600,"Sand","Deep Lagoon",0,0,NA,NA
"6601",6601,"Rock","Sheltered Reef Slope",39.730867956738,0,"Rock",NA
"6602",6602,"Sand","Sheltered Reef Slope",0,0,NA,NA
"6603",6603,"Coral/Algae","Reef Slope",36.6730312782241,0,"Coral/Algae",NA
"6604",6604,"Rock","Reef Slope",37.6027444661111,33.7503161911939,"Rock","Reef Slope"
"6605",6605,"Rock","Reef Slope",70.1058233496022,0,"Rock",NA
"6606",6606,"Rock","Reef Slope",90.1105037226459,85.6412987822594,"Rock","Reef Slope"
"6607",6607,"Rock","Reef Slope",90.1105037226459,85.6412987822594,"Rock","Reef Slope"
"6608",6608,"Rock","Reef Slope",0,0,NA,NA
"6609",6609,"Rock","Reef Slope",0,0,NA,NA
"6610",6610,"Coral/Algae","Reef Slope",70.0585866898873,39.5819336358161,"Coral/Algae","Reef Slope"
"6611",6611,NA,"Reef Slope",264.138954748871,0,NA,NA
"6612",6612,NA,NA,261.496556727591,108.398197177644,NA,NA
"6613",6613,"Rock","Reef Slope",52.2702516427134,52.2702516427134,"Rock","Reef Slope"
"6614",6614,"Rock","Reef Slope",0,0,NA,NA
"6615",6615,"Rock","Reef Slope",0,0,NA,NA
"6616",6616,NA,"Reef Slope",158.903534497977,66.3524479979179,NA,"Reef Slope"
"6617",6617,NA,"Reef Slope",158.903534497977,66.3524479979179,NA,"Reef Slope"
"6618",6618,"Rock","Reef Slope",0,0,NA,NA
"6619",6619,"Rock","Reef Slope",0,0,NA,NA
"6620",6620,"Rock","Reef Slope",0,0,NA,NA
"6621",6621,"Coral/Algae","Back Reef Slope",67.7553670885381,0,"Coral/Algae",NA
"6622",6622,"Rock","Reef Slope",0,0,NA,NA
"6623",6623,"Rock","Reef Slope",0,0,NA,NA
"6624",6624,"Rock","Reef Slope",0,0,NA,NA
"6625",6625,"Coral/Algae","Reef Crest",0,0,NA,NA
"6626",6626,"Coral/Algae","Reef Crest",0,0,NA,NA
"6627",6627,NA,"Reef Slope",110.123019870788,41.4596875800566,NA,"Reef Slope"
"6628",6628,NA,"Reef Slope",110.123019870788,41.4596875800566,NA,"Reef Slope"
"6629",6629,NA,"Reef Slope",148.609121334238,0,NA,NA
"6630",6630,NA,"Reef Slope",148.609121334238,0,NA,NA
"6631",6631,"Rock","Back Reef Slope",73.3318350001924,54.8712935071466,"Rock","Back Reef Slope"
"6632",6632,"Rock","Back Reef Slope",73.3318350001924,54.8712935071466,"Rock","Back Reef Slope"
"6633",6633,"Rock","Outer Reef Flat",0,0,NA,NA
"6634",6634,"Rock","Reef Slope",0,0,NA,NA
"6635",6635,"Rock","Reef Slope",0,0,NA,NA
"6636",6636,"Rock","Reef Slope",0,0,NA,NA
"6637",6637,"Rock","Reef Slope",0,0,NA,NA
"6638",6638,"Rock","Reef Slope",0,0,NA,NA
"6639",6639,"Rock","Reef Slope",0,0,NA,NA
"6640",6640,"Rock","Reef Slope",0,0,NA,NA
"6641",6641,"Rock","Reef Slope",0,0,NA,NA
"6642",6642,"Rock","Reef Slope",0,0,NA,NA
"6643",6643,"Rock","Reef Slope",0,0,NA,NA
"6644",6644,"Coral/Algae","Outer Reef Flat",0,0,NA,NA
"6645",6645,"Coral/Algae","Outer Reef Flat",0,0,NA,NA
"6646",6646,"Coral/Algae","Outer Reef Flat",0,0,NA,NA
"6647",6647,"Rock","Reef Slope",0,0,NA,NA
"6648",6648,"Rock","Reef Slope",0,0,NA,NA
"6649",6649,"Rock","Reef Slope",0,0,NA,NA
"6650",6650,"Rock","Reef Slope",0,0,NA,NA
"6651",6651,"Rock","Reef Slope",0,0,NA,NA
"6652",6652,"Coral/Algae","Reef Crest",0,0,NA,NA
"6653",6653,"Rubble","Back Reef Slope",0,0,NA,NA
"6654",6654,"Rock","Reef Slope",0,0,NA,NA
"6655",6655,"Rock","Reef Slope",0,0,NA,NA
"6656",6656,"Rock","Reef Slope",0,0,NA,NA
"6657",6657,"Rock","Reef Slope",0,0,NA,NA
"6658",6658,"Rock","Reef Slope",0,0,NA,NA
"6659",6659,"Coral/Algae","Reef Slope",0,0,NA,NA
"6660",6660,"Rock","Reef Slope",0,0,NA,NA
"6661",6661,"Coral/Algae","Reef Slope",0,0,NA,NA
"6662",6662,"Coral/Algae","Reef Slope",36.4844579689801,0,"Coral/Algae",NA
"6663",6663,"Sand","Back Reef Slope",0,0,NA,NA
"6664",6664,"Rock","Reef Slope",32.7743467134869,0,"Rock",NA
"6665",6665,"Rock","Reef Slope",0,0,NA,NA
"6666",6666,"Sand","Reef Slope",0,0,NA,NA
"6667",6667,"Coral/Algae","Reef Slope",0,0,NA,NA
"6668",6668,"Rock","Back Reef Slope",0,0,NA,NA
"6669",6669,"Rock","Back Reef Slope",0,0,NA,NA
"6670",6670,"Rubble","Reef Slope",0,0,NA,NA
"6671",6671,"Rubble","Reef Slope",0,0,NA,NA
"6672",6672,"Coral/Algae","Reef Slope",0,0,NA,NA
"6673",6673,"Rock","Reef Slope",0,0,NA,NA
"6674",6674,"Rubble","Plateau",92.8737788789554,0,"Rubble",NA
"6675",6675,"Rubble","Back Reef Slope",59.5949748778809,25.8895898964285,"Rubble","Back Reef Slope"
"6676",6676,"Sand","Back Reef Slope",0,0,NA,NA
"6677",6677,"Rock","Outer Reef Flat",0,0,NA,NA
"6678",6678,"Coral/Algae","Reef Slope",0,0,NA,NA
"6679",6679,"Coral/Algae","Reef Slope",44.8041999364482,0,"Coral/Algae",NA
"6680",6680,"Coral/Algae","Reef Slope",0,0,NA,NA
"6681",6681,"Coral/Algae","Sheltered Reef Slope",31.7456725527563,0,"Coral/Algae",NA
"6682",6682,"Coral/Algae","Plateau",0,0,NA,NA
"6683",6683,"Rock","Plateau",58.1316947316392,51.9854170828184,"Rock","Plateau"
"6684",6684,"Rubble","Back Reef Slope",0,0,NA,NA
"6685",6685,"Rock","Outer Reef Flat",0,0,NA,NA
"6686",6686,"Rock","Reef Crest",0,0,NA,NA
"6687",6687,"Coral/Algae","Outer Reef Flat",0,0,NA,NA
"6688",6688,"Coral/Algae","Outer Reef Flat",0,0,NA,NA
"6689",6689,"Coral/Algae","Outer Reef Flat",0,0,NA,NA
"6690",6690,"Coral/Algae","Sheltered Reef Slope",55.3433066727569,0,"Coral/Algae",NA
"6691",6691,"Coral/Algae","Sheltered Reef Slope",55.3433066727569,0,"Coral/Algae",NA
"6692",6692,"Coral/Algae","Sheltered Reef Slope",55.3433066727569,0,"Coral/Algae",NA
"6693",6693,"Rock","Sheltered Reef Slope",36.8941288434005,0,"Rock",NA
"6694",6694,"Rock","Sheltered Reef Slope",36.8941288434005,0,"Rock",NA
"6695",6695,"Rock","Sheltered Reef Slope",0,0,NA,NA
"6696",6696,"Rock","Sheltered Reef Slope",0,0,NA,NA
"6697",6697,"Coral/Algae","Outer Reef Flat",0,0,NA,NA
"6698",6698,"Coral/Algae","Outer Reef Flat",0,0,NA,NA
"6699",6699,"Coral/Algae","Outer Reef Flat",0,0,NA,NA
"6700",6700,"Coral/Algae","Outer Reef Flat",0,0,NA,NA
"6701",6701,"Coral/Algae","Outer Reef Flat",0,0,NA,NA
"6702",6702,"Rock","Reef Crest",0,0,NA,NA
"6703",6703,"Rock","Reef Crest",0,0,NA,NA
"6704",6704,"Sand","Inner Reef Flat",0,0,NA,NA
"6705",6705,"Sand","Deep Lagoon",0,0,NA,NA
"6706",6706,"Rubble","Inner Reef Flat",0,0,NA,NA
"6707",6707,"Rubble","Inner Reef Flat",0,0,NA,NA
"6708",6708,"Rock","Inner Reef Flat",0,0,NA,NA
"6709",6709,"Rock","Inner Reef Flat",0,0,NA,NA
"6710",6710,"Sand","Shallow Lagoon",0,0,NA,NA
"6711",6711,"Rubble","Inner Reef Flat",0,0,NA,NA
"6712",6712,"Sand","Deep Lagoon",0,0,NA,NA
"6713",6713,"Sand","Inner Reef Flat",0,0,NA,NA
"6714",6714,"Rock","Sheltered Reef Slope",0,0,NA,NA
"6715",6715,"Rock","Sheltered Reef Slope",0,0,NA,NA
"6716",6716,"Sand","Deep Lagoon",43.3391304278407,43.3391304278407,"Sand","Deep Lagoon"
"6717",6717,"Sand","Deep Lagoon",43.3391304278407,43.3391304278407,"Sand","Deep Lagoon"
"6718",6718,"Sand","Deep Lagoon",43.3391304278407,43.3391304278407,"Sand","Deep Lagoon"
"6719",6719,"Rubble","Inner Reef Flat",0,0,NA,NA
"6720",6720,"Rubble","Inner Reef Flat",0,0,NA,NA
"6721",6721,"Sand","Outer Reef Flat",0,0,NA,NA
"6722",6722,"Sand","Outer Reef Flat",0,0,NA,NA
"6723",6723,"Coral/Algae","Sheltered Reef Slope",0,0,NA,NA
"6724",6724,"Coral/Algae","Sheltered Reef Slope",0,0,NA,NA
"6725",6725,"Rubble","Inner Reef Flat",0,0,NA,NA
"6726",6726,"Rubble","Inner Reef Flat",0,0,NA,NA
"6727",6727,"Rubble","Inner Reef Flat",0,0,NA,NA
"6728",6728,"Coral/Algae","Sheltered Reef Slope",43.4998894441726,0,"Coral/Algae",NA
"6729",6729,"Coral/Algae","Sheltered Reef Slope",43.4998894441726,0,"Coral/Algae",NA
"6730",6730,"Coral/Algae","Sheltered Reef Slope",43.4998894441726,0,"Coral/Algae",NA
"6731",6731,"Rock","Reef Slope",0,0,NA,NA
"6732",6732,"Rock","Sheltered Reef Slope",37.3820044230272,0,"Rock",NA
"6733",6733,"Rock","Sheltered Reef Slope",37.3820044230272,0,"Rock",NA
"6734",6734,"Rock","Outer Reef Flat",0,0,NA,NA
"6735",6735,"Rock","Sheltered Reef Slope",47.7326685181628,0,"Rock",NA
"6736",6736,"Rock","Sheltered Reef Slope",47.7326685181628,0,"Rock",NA
"6737",6737,"Rock","Sheltered Reef Slope",87.4331871297048,37.7717532061842,"Rock","Sheltered Reef Slope"
"6738",6738,"Rock","Sheltered Reef Slope",87.4331871297048,37.7717532061842,"Rock","Sheltered Reef Slope"
"6739",6739,"Coral/Algae","Reef Crest",0,0,NA,NA
"6740",6740,"Rock","Reef Slope",0,0,NA,NA
"6741",6741,"Rock","Reef Slope",31.4210482218837,0,"Rock",NA
"6742",6742,"Rock","Reef Slope",31.4210482218837,0,"Rock",NA
"6743",6743,"Rock","Sheltered Reef Slope",52.4910415998592,0,"Rock",NA
"6744",6744,"Rock","Sheltered Reef Slope",52.4910415998592,0,"Rock",NA
"6745",6745,"Rock","Sheltered Reef Slope",52.4910415998592,0,"Rock",NA
"6746",6746,"Rubble","Back Reef Slope",0,0,NA,NA
"6747",6747,"Rubble","Back Reef Slope",0,0,NA,NA
"6748",6748,"Rubble","Back Reef Slope",0,0,NA,NA
"6749",6749,"Rock","Deep",48.6127126178667,0,"Rock",NA
"6750",6750,"Rock","Deep",48.6127126178667,0,"Rock",NA
"6751",6751,"Rubble","Sheltered Reef Slope",0,0,NA,NA
"6752",6752,"Rubble","Sheltered Reef Slope",0,0,NA,NA
"6753",6753,"Rock","Sheltered Reef Slope",48.3645334733469,0,"Rock",NA
"6754",6754,"Rock","Sheltered Reef Slope",48.3645334733469,0,"Rock",NA
"6755",6755,"Rock","Reef Slope",0,0,NA,NA
"6756",6756,"Rock","Reef Slope",0,0,NA,NA
"6757",6757,"Rock","Reef Slope",0,0,NA,NA
"6758",6758,"Sand","Outer Reef Flat",0,0,NA,NA
"6759",6759,"Sand","Outer Reef Flat",0,0,NA,NA
"6760",6760,"Coral/Algae","Back Reef Slope",0,0,NA,NA
"6761",6761,"Coral/Algae","Back Reef Slope",0,0,NA,NA
"6762",6762,"Rock","Reef Crest",0,0,NA,NA
"6763",6763,"Rock","Reef Crest",0,0,NA,NA
"6764",6764,"Sand","Outer Reef Flat",0,0,NA,NA
"6765",6765,"Sand","Outer Reef Flat",0,0,NA,NA
"6766",6766,"Rock","Reef Crest",0,0,NA,NA
"6767",6767,"Rock","Reef Crest",0,0,NA,NA
"6768",6768,"Rock","Outer Reef Flat",0,0,NA,NA
"6769",6769,"Rock","Outer Reef Flat",0,0,NA,NA
"6770",6770,"Sand","Back Reef Slope",0,0,NA,NA
"6771",6771,"Coral/Algae","Back Reef Slope",0,0,NA,NA
"6772",6772,"Rubble","Back Reef Slope",0,0,NA,NA
"6773",6773,"Rubble","Back Reef Slope",0,0,NA,NA
"6774",6774,"Rubble","Back Reef Slope",0,0,NA,NA
"6775",6775,"Coral/Algae","Outer Reef Flat",0,0,NA,NA
"6776",6776,"Coral/Algae","Back Reef Slope",53.0664097414973,25.2790670888514,"Coral/Algae","Back Reef Slope"
"6777",6777,"Coral/Algae","Back Reef Slope",53.0664097414973,25.2790670888514,"Coral/Algae","Back Reef Slope"
"6778",6778,NA,NA,1699.95777069462,1650.99571804486,NA,NA
"6779",6779,NA,NA,1699.95777069462,1650.99571804486,NA,NA
"6780",6780,NA,NA,1699.95777069462,1650.99571804486,NA,NA
"6781",6781,"Rubble","Reef Slope",0,0,NA,NA
"6782",6782,"Coral/Algae","Outer Reef Flat",73.3240701288781,0,"Coral/Algae",NA
"6783",6783,"Coral/Algae","Back Reef Slope",32.882564361851,0,"Coral/Algae",NA
"6784",6784,"Coral/Algae","Outer Reef Flat",0,0,NA,NA
"6785",6785,"Rubble","Back Reef Slope",0,0,NA,NA
"6786",6786,"Rock","Patch Reef",0,0,NA,NA
"6787",6787,"Coral/Algae","Patch Reef",0,0,NA,NA
"6788",6788,NA,NA,1008.84894703402,1008.84894703402,NA,NA
"6789",6789,NA,NA,1008.84894703402,1008.84894703402,NA,NA
"6790",6790,NA,NA,604.602546053482,604.602546053482,NA,NA
"6791",6791,NA,NA,604.602546053482,604.602546053482,NA,NA
"6792",6792,"Sand","Inner Reef Flat",97.2315342203165,63.4459786219109,"Sand","Inner Reef Flat"
"6793",6793,"Rock","Back Reef Slope",61.4221499468142,61.4221499468142,"Rock","Back Reef Slope"
"6794",6794,"Sand","Deep Lagoon",0,0,NA,NA
"6795",6795,"Coral/Algae","Deep Lagoon",55.6202013297141,0,"Coral/Algae",NA
"6796",6796,"Coral/Algae","Deep Lagoon",55.6202013297141,0,"Coral/Algae",NA
"6797",6797,"Rock","Sheltered Reef Slope",0,0,NA,NA
"6798",6798,"Rock","Outer Reef Flat",59.0119346912737,59.0119346912737,"Rock","Outer Reef Flat"
"6799",6799,"Rock","Back Reef Slope",74.372608345951,46.1806993404668,"Rock","Back Reef Slope"
"6800",6800,NA,"Sheltered Reef Slope",114.249649981827,65.5690654851324,NA,"Sheltered Reef Slope"
"6801",6801,"Rubble","Back Reef Slope",0,0,NA,NA
"6802",6802,"Sand","Back Reef Slope",0,0,NA,NA
"6803",6803,"Coral/Algae","Back Reef Slope",98.9696895133347,0,"Coral/Algae",NA
"6804",6804,"Coral/Algae","Back Reef Slope",98.9696895133347,0,"Coral/Algae",NA
"6805",6805,"Coral/Algae","Back Reef Slope",98.9696895133347,0,"Coral/Algae",NA
"6806",6806,"Coral/Algae","Deep Lagoon",68.3240531667608,0,"Coral/Algae",NA
"6807",6807,"Coral/Algae","Deep Lagoon",68.3240531667608,0,"Coral/Algae",NA
"6808",6808,"Rock","Outer Reef Flat",72.4902378346913,72.4902378346913,"Rock","Outer Reef Flat"
"6809",6809,"Coral/Algae","Back Reef Slope",0,0,NA,NA
"6810",6810,"Rock","Reef Crest",0,0,NA,NA
"6811",6811,"Coral/Algae","Deep Lagoon",47.2728239099788,0,"Coral/Algae",NA
"6812",6812,"Sand","Sheltered Reef Slope",0,0,NA,NA
"6813",6813,"Sand","Deep Lagoon",0,0,NA,NA
"6814",6814,"Sand","Deep Lagoon",0,0,NA,NA
"6815",6815,"Rubble","Sheltered Reef Slope",0,0,NA,NA
"6816",6816,"Sand","Sheltered Reef Slope",0,0,NA,NA
"6817",6817,"Rock","Reef Slope",33.2763283407412,0,"Rock",NA
"6818",6818,"Rock","Sheltered Reef Slope",0,0,NA,NA
"6819",6819,"Rock","Sheltered Reef Slope",31.7098015221014,31.7098015221014,"Rock","Sheltered Reef Slope"
"6820",6820,"Rock","Reef Slope",67.8107891284038,0,"Rock",NA
"6821",6821,"Sand","Back Reef Slope",0,0,NA,NA
"6822",6822,"Rubble","Sheltered Reef Slope",0,0,NA,NA
"6823",6823,"Coral/Algae","Back Reef Slope",0,0,NA,NA
"6824",6824,"Rubble","Sheltered Reef Slope",62.5773213410661,47.6976237938474,"Rubble","Sheltered Reef Slope"
"6825",6825,"Rock","Sheltered Reef Slope",0,0,NA,NA
"6826",6826,"Rock","Sheltered Reef Slope",51.4308930499145,51.4308930499145,"Rock","Sheltered Reef Slope"
"6827",6827,"Coral/Algae","Sheltered Reef Slope",54.732278314415,43.7833864401079,"Coral/Algae","Sheltered Reef Slope"
"6828",6828,"Rock","Sheltered Reef Slope",65.8922428651432,35.0537533277193,"Rock","Sheltered Reef Slope"
"6829",6829,"Coral/Algae","Outer Reef Flat",0,0,NA,NA
"6830",6830,NA,NA,16383.0368729388,16308.4847429175,NA,NA
"6831",6831,NA,NA,16383.0368729388,16308.4847429175,NA,NA
"6832",6832,NA,NA,16383.0368729388,16308.4847429175,NA,NA
"6833",6833,NA,NA,16383.0368729388,16308.4847429175,NA,NA
"6834",6834,NA,NA,16383.0368729388,16308.4847429175,NA,NA
"6835",6835,NA,NA,16658.8537673666,16588.2413082767,NA,NA
"6836",6836,NA,NA,16658.8537673666,16588.2413082767,NA,NA
"6837",6837,NA,NA,16658.8537673666,16588.2413082767,NA,NA
"6838",6838,NA,NA,16658.8537673666,16588.2413082767,NA,NA
"6839",6839,NA,NA,16636.8980084756,16567.2967042997,NA,NA
"6840",6840,NA,NA,16636.8980084756,16567.2967042997,NA,NA
"6841",6841,NA,NA,16950.0709167837,16880.9692659553,NA,NA
"6842",6842,NA,NA,16950.0709167837,16880.9692659553,NA,NA
"6843",6843,NA,NA,16950.0709167837,16880.9692659553,NA,NA
"6844",6844,NA,NA,16950.0709167837,16880.9692659553,NA,NA
"6845",6845,NA,NA,16950.0709167837,16880.9692659553,NA,NA
"6846",6846,NA,NA,17361.9532448104,17293.1254620535,NA,NA
"6847",6847,NA,NA,17361.9532448104,17293.1254620535,NA,NA
"6848",6848,NA,NA,17361.9532448104,17293.1254620535,NA,NA
"6849",6849,NA,NA,17361.9532448104,17293.1254620535,NA,NA
"6850",6850,NA,NA,17361.9532448104,17293.1254620535,NA,NA
"6851",6851,NA,NA,17644.8011361024,17575.620467524,NA,NA
"6852",6852,NA,NA,17644.8011361024,17575.620467524,NA,NA
"6853",6853,NA,NA,17644.8011361024,17575.620467524,NA,NA
"6854",6854,NA,NA,17644.8011361024,17575.620467524,NA,NA
"6855",6855,NA,NA,17644.8011361024,17575.620467524,NA,NA
"6856",6856,NA,NA,17644.8011361024,17575.620467524,NA,NA
"6857",6857,NA,NA,17294.6685308056,17225.3819447723,NA,NA
"6858",6858,NA,NA,17294.6685308056,17225.3819447723,NA,NA
"6859",6859,NA,NA,17294.6685308056,17225.3819447723,NA,NA
"6860",6860,NA,NA,17294.6685308056,17225.3819447723,NA,NA
"6861",6861,NA,NA,17294.6685308056,17225.3819447723,NA,NA
"6862",6862,NA,NA,17004.5124310209,16932.6202263142,NA,NA
"6863",6863,NA,NA,17004.5124310209,16932.6202263142,NA,NA
"6864",6864,NA,NA,16731.8707091393,16655.6632327816,NA,NA
"6865",6865,NA,NA,16731.8707091393,16655.6632327816,NA,NA
"6866",6866,NA,NA,16731.8707091393,16655.6632327816,NA,NA
"6867",6867,NA,NA,16731.8707091393,16655.6632327816,NA,NA
"6868",6868,NA,NA,17114.7262462908,17045.6518611422,NA,NA
"6869",6869,NA,NA,17114.7262462908,17045.6518611422,NA,NA
"6870",6870,NA,NA,17242.8257189275,17172.918859431,NA,NA
"6871",6871,NA,NA,17242.8257189275,17172.918859431,NA,NA
"6872",6872,"Rock","Reef Slope",0,0,NA,NA
"6873",6873,"Rock","Reef Slope",83.1910979347565,61.523802142851,"Rock","Reef Slope"
"6874",6874,"Coral/Algae","Reef Slope",59.0438774154081,59.0438774154081,"Coral/Algae","Reef Slope"
"6875",6875,"Coral/Algae","Reef Slope",0,0,NA,NA
"6876",6876,"Coral/Algae","Back Reef Slope",34.7246171833953,0,"Coral/Algae",NA
"6877",6877,"Rock","Back Reef Slope",47.786340971703,0,"Rock",NA
"6878",6878,"Rock","Back Reef Slope",0,0,NA,NA
"6879",6879,"Rock","Outer Reef Flat",0,0,NA,NA
"6880",6880,"Rock","Sheltered Reef Slope",44.1814356621534,44.1814356621534,"Rock","Sheltered Reef Slope"
"6881",6881,"Rock","Back Reef Slope",70.0828451024458,0,"Rock",NA
"6882",6882,"Rock","Sheltered Reef Slope",0,0,NA,NA
"6883",6883,"Rock","Back Reef Slope",77.8912112616177,77.8912112616177,"Rock","Back Reef Slope"
"6884",6884,"Rock","Reef Slope",0,0,NA,NA
"6885",6885,"Coral/Algae","Reef Slope",0,0,NA,NA
"6886",6886,"Rock","Reef Slope",38.8603523116548,38.8603523116548,"Rock","Reef Slope"
"6887",6887,"Coral/Algae","Reef Slope",66.5868937089139,0,"Coral/Algae",NA
"6888",6888,"Rock","Back Reef Slope",0,0,NA,NA
"6889",6889,"Rock","Sheltered Reef Slope",0,0,NA,NA
"6890",6890,"Rubble","Back Reef Slope",50.4211324797169,0,"Rubble",NA
"6891",6891,"Rock","Back Reef Slope",0,0,NA,NA
"6892",6892,"Rock","Back Reef Slope",0,0,NA,NA
"6893",6893,"Rubble","Back Reef Slope",0,0,NA,NA
"6894",6894,"Sand","Back Reef Slope",0,0,NA,NA
"6895",6895,"Rock","Sheltered Reef Slope",0,0,NA,NA
"6896",6896,"Rock","Reef Slope",0,0,NA,NA
"6897",6897,"Coral/Algae","Back Reef Slope",0,0,NA,NA
"6898",6898,"Coral/Algae","Back Reef Slope",0,0,NA,NA
"6899",6899,"Coral/Algae","Back Reef Slope",0,0,NA,NA
"6900",6900,"Coral/Algae","Outer Reef Flat",0,0,NA,NA
"6901",6901,"Coral/Algae","Outer Reef Flat",0,0,NA,NA
"6902",6902,"Coral/Algae","Outer Reef Flat",0,0,NA,NA
"6903",6903,"Coral/Algae","Outer Reef Flat",0,0,NA,NA
"6904",6904,"Coral/Algae","Outer Reef Flat",0,0,NA,NA
"6905",6905,"Rock","Back Reef Slope",0,0,NA,NA
"6906",6906,"Rock","Back Reef Slope",0,0,NA,NA
"6907",6907,"Rock","Back Reef Slope",0,0,NA,NA
"6908",6908,"Rock","Back Reef Slope",0,0,NA,NA
"6909",6909,"Rubble","Plateau",0,0,NA,NA
"6910",6910,"Rubble","Plateau",0,0,NA,NA
"6911",6911,"Sand","Back Reef Slope",0,0,NA,NA
"6912",6912,"Sand","Back Reef Slope",0,0,NA,NA
"6913",6913,"Sand","Back Reef Slope",0,0,NA,NA
"6914",6914,"Sand","Back Reef Slope",0,0,NA,NA
"6915",6915,"Sand","Back Reef Slope",0,0,NA,NA
"6916",6916,"Sand","Back Reef Slope",0,0,NA,NA
"6917",6917,"Rock","Reef Slope",0,0,NA,NA
"6918",6918,"Rock","Reef Slope",0,0,NA,NA
"6919",6919,"Rock","Reef Slope",0,0,NA,NA
"6920",6920,"Rock","Reef Slope",0,0,NA,NA
"6921",6921,"Coral/Algae","Sheltered Reef Slope",0,0,NA,NA
"6922",6922,NA,NA,9452.47648251217,9402.57778472504,NA,NA
"6923",6923,"Rubble","Reef Slope",48.1860382881424,0,"Rubble",NA
"6924",6924,"Rubble","Reef Slope",48.1860382881424,0,"Rubble",NA
"6925",6925,"Rock","Reef Slope",62.6604711250371,0,"Rock",NA
"6926",6926,"Rock","Reef Slope",63.4125210224052,0,"Rock",NA
"6927",6927,"Rock","Reef Slope",71.1425938665983,0,"Rock",NA
"6928",6928,"Rock","Reef Slope",65.4821648330144,0,"Rock",NA
"6929",6929,"Rock","Reef Slope",65.4821648330144,0,"Rock",NA
"6930",6930,"Rock","Back Reef Slope",63.9389390782245,0,"Rock",NA
"6931",6931,NA,"Back Reef Slope",133.571550909652,0,NA,NA
"6932",6932,"Sand","Back Reef Slope",58.344002514063,0,"Sand",NA
"6933",6933,"Coral/Algae","Sheltered Reef Slope",0,0,NA,NA
"6934",6934,"Rock","Sheltered Reef Slope",62.0575155459521,0,"Rock",NA
"6935",6935,"Coral/Algae","Outer Reef Flat",0,0,NA,NA
"6936",6936,"Coral/Algae","Outer Reef Flat",0,0,NA,NA
"6937",6937,"Sand","Sheltered Reef Slope",0,0,NA,NA
"6938",6938,"Sand","Back Reef Slope",0,0,NA,NA
"6939",6939,"Sand","Back Reef Slope",0,0,NA,NA
"6940",6940,"Coral/Algae","Reef Slope",0,0,NA,NA
"6941",6941,"Coral/Algae","Reef Slope",0,0,NA,NA
"6942",6942,"Rock","Reef Slope",39.9281124979696,0,"Rock",NA
"6943",6943,"Rock","Reef Slope",39.9281124979696,0,"Rock",NA
"6944",6944,"Rock","Reef Slope",0,0,NA,NA
"6945",6945,"Rock","Reef Slope",0,0,NA,NA
"6946",6946,"Rock","Outer Reef Flat",0,0,NA,NA
"6947",6947,"Rock","Outer Reef Flat",0,0,NA,NA
"6948",6948,"Rock","Outer Reef Flat",0,0,NA,NA
"6949",6949,"Rock","Outer Reef Flat",0,0,NA,NA
"6950",6950,"Rock","Outer Reef Flat",0,0,NA,NA
"6951",6951,"Rock","Reef Slope",86.1582397804458,0,"Rock",NA
"6952",6952,"Rock","Reef Slope",44.028758499505,0,"Rock",NA
"6953",6953,"Rock","Reef Slope",44.028758499505,0,"Rock",NA
"6954",6954,"Rock","Reef Slope",58.9455327830091,0,"Rock",NA
"6955",6955,"Coral/Algae","Reef Slope",0,0,NA,NA
"6956",6956,"Rock","Outer Reef Flat",0,0,NA,NA
"6957",6957,"Rock","Outer Reef Flat",0,0,NA,NA
"6958",6958,"Rock","Outer Reef Flat",0,0,NA,NA
"6959",6959,"Rock","Outer Reef Flat",0,0,NA,NA
"6960",6960,"Rock","Outer Reef Flat",0,0,NA,NA
"6961",6961,"Rock","Outer Reef Flat",0,0,NA,NA
"6962",6962,"Rock","Back Reef Slope",38.4553082423035,35.2722229560997,"Rock","Back Reef Slope"
"6963",6963,"Rock","Back Reef Slope",38.4553082423035,35.2722229560997,"Rock","Back Reef Slope"
"6964",6964,"Rock","Back Reef Slope",38.4553082423035,35.2722229560997,"Rock","Back Reef Slope"
"6965",6965,NA,"Back Reef Slope",104.65157556951,54.7610139840793,NA,"Back Reef Slope"
"6966",6966,NA,"Back Reef Slope",102.066823168409,39.1575767655202,NA,"Back Reef Slope"
"6967",6967,NA,"Back Reef Slope",102.066823168409,39.1575767655202,NA,"Back Reef Slope"
"6968",6968,NA,"Back Reef Slope",102.066823168409,39.1575767655202,NA,"Back Reef Slope"
"6969",6969,"Coral/Algae","Back Reef Slope",88.4093713366215,0,"Coral/Algae",NA
"6970",6970,"Coral/Algae","Back Reef Slope",88.4093713366215,0,"Coral/Algae",NA
"6971",6971,"Coral/Algae","Back Reef Slope",88.4093713366215,0,"Coral/Algae",NA
"6972",6972,"Coral/Algae","Back Reef Slope",88.4093713366215,0,"Coral/Algae",NA
"6973",6973,"Sand","Back Reef Slope",57.0250901073434,0,"Sand",NA
"6974",6974,"Sand","Back Reef Slope",57.0250901073434,0,"Sand",NA
"6975",6975,"Sand","Back Reef Slope",57.0250901073434,0,"Sand",NA
"6976",6976,"Rock","Reef Slope",48.6874247269792,0,"Rock",NA
"6977",6977,"Rock","Reef Slope",45.10746696571,0,"Rock",NA
"6978",6978,"Rock","Reef Slope",34.9065576994254,0,"Rock",NA
"6979",6979,"Rubble","Back Reef Slope",42.1813907905423,0,"Rubble",NA
"6980",6980,"Rock","Reef Slope",0,0,NA,NA
"6981",6981,"Sand","Inner Reef Flat",0,0,NA,NA
"6982",6982,"Sand","Inner Reef Flat",0,0,NA,NA
"6983",6983,"Sand","Inner Reef Flat",0,0,NA,NA
"6984",6984,"Sand","Inner Reef Flat",0,0,NA,NA
"6985",6985,"Sand","Inner Reef Flat",0,0,NA,NA
"6986",6986,"Rock","Back Reef Slope",0,0,NA,NA
"6987",6987,"Coral/Algae","Reef Slope",0,0,NA,NA
"6988",6988,"Coral/Algae","Reef Slope",0,0,NA,NA
"6989",6989,"Rock","Outer Reef Flat",0,0,NA,NA
"6990",6990,"Rock","Deep Lagoon",0,0,NA,NA
"6991",6991,"Rock","Deep Lagoon",0,0,NA,NA
"6992",6992,"Rock","Reef Slope",0,0,NA,NA
"6993",6993,"Rock","Reef Slope",0,0,NA,NA
"6994",6994,"Coral/Algae","Outer Reef Flat",0,0,NA,NA
"6995",6995,"Coral/Algae","Outer Reef Flat",0,0,NA,NA
"6996",6996,"Rock","Reef Slope",44.2441712018185,0,"Rock",NA
"6997",6997,"Coral/Algae","Sheltered Reef Slope",0,0,NA,NA
"6998",6998,NA,NA,16524.8536526236,16427.5567765906,NA,NA
"6999",6999,NA,NA,16654.7718987459,16558.0635696452,NA,NA
"7000",7000,"Sand","Sheltered Reef Slope",0,0,NA,NA
"7001",7001,"Sand","Deep Lagoon",0,0,NA,NA
"7002",7002,"Rock","Sheltered Reef Slope",39.332218676346,0,"Rock",NA
"7003",7003,"Rock","Sheltered Reef Slope",41.3460707611899,41.2884835936638,"Rock","Sheltered Reef Slope"
"7004",7004,"Coral/Algae","Reef Crest",33.1837469121399,33.1837469121399,"Coral/Algae","Reef Crest"
"7005",7005,"Coral/Algae","Reef Crest",33.1837469121399,33.1837469121399,"Coral/Algae","Reef Crest"
"7006",7006,"Rock","Sheltered Reef Slope",53.9130521882859,53.9130521882859,"Rock","Sheltered Reef Slope"
"7007",7007,"Rock","Sheltered Reef Slope",53.9130521882859,53.9130521882859,"Rock","Sheltered Reef Slope"
"7008",7008,"Coral/Algae","Sheltered Reef Slope",98.1092571146649,58.9785270559397,"Coral/Algae","Sheltered Reef Slope"
"7009",7009,"Sand","Deep Lagoon",0,0,NA,NA
"7010",7010,"Coral/Algae","Outer Reef Flat",0,0,NA,NA
"7011",7011,"Coral/Algae","Outer Reef Flat",0,0,NA,NA
"7012",7012,NA,NA,320895.385368584,320861.50933721,NA,NA
"7013",7013,NA,NA,319246.37421813,319211.421648505,NA,NA
"7014",7014,NA,NA,319530.594969461,319495.52537148,NA,NA
"7015",7015,NA,NA,322505.997170272,322470.486549936,NA,NA
"7016",7016,NA,NA,323485.762635252,323450.223559365,NA,NA
"7017",7017,NA,NA,323954.664902695,323919.090933044,NA,NA
"7018",7018,"Rock","Reef Slope",0,0,NA,NA
"7019",7019,"Rock","Reef Slope",0,0,NA,NA
"7020",7020,"Rock","Back Reef Slope",40.2712653414051,0,"Rock",NA
"7021",7021,"Rock","Back Reef Slope",46.0751126181938,0,"Rock",NA
"7022",7022,"Rock","Back Reef Slope",38.2748840640558,0,"Rock",NA
"7023",7023,"Rock","Reef Slope",29.8349886940883,0,"Rock",NA
"7024",7024,"Rock","Reef Slope",29.8349886940883,0,"Rock",NA
"7025",7025,"Rock","Back Reef Slope",80.9937242171465,46.1405268766045,"Rock","Back Reef Slope"
"7026",7026,"Rock","Back Reef Slope",99.6513422138831,36.7769259860867,"Rock","Back Reef Slope"
"7027",7027,"Rock","Reef Slope",0,0,NA,NA
"7028",7028,"Rock","Reef Slope",0,0,NA,NA
"7029",7029,NA,"Back Reef Slope",138.171588748323,0,NA,NA
"7030",7030,"Sand","Inner Reef Flat",0,0,NA,NA
"7031",7031,"Sand","Inner Reef Flat",0,0,NA,NA
"7032",7032,"Sand","Inner Reef Flat",0,0,NA,NA
"7033",7033,"Sand","Inner Reef Flat",0,0,NA,NA
"7034",7034,"Sand","Inner Reef Flat",0,0,NA,NA
"7035",7035,"Rock","Sheltered Reef Slope",0,0,NA,NA
"7036",7036,"Rock","Sheltered Reef Slope",0,0,NA,NA
"7037",7037,"Rock","Sheltered Reef Slope",0,0,NA,NA
"7038",7038,"Rock","Sheltered Reef Slope",0,0,NA,NA
"7039",7039,"Rock","Sheltered Reef Slope",0,0,NA,NA
"7040",7040,"Rock","Sheltered Reef Slope",0,0,NA,NA
"7041",7041,"Rock","Sheltered Reef Slope",0,0,NA,NA
"7042",7042,"Coral/Algae","Outer Reef Flat",0,0,NA,NA
"7043",7043,"Coral/Algae","Outer Reef Flat",0,0,NA,NA
"7044",7044,"Coral/Algae","Outer Reef Flat",0,0,NA,NA
"7045",7045,"Coral/Algae","Outer Reef Flat",0,0,NA,NA
"7046",7046,"Coral/Algae","Outer Reef Flat",0,0,NA,NA
"7047",7047,"Coral/Algae","Outer Reef Flat",0,0,NA,NA
"7048",7048,"Rock","Back Reef Slope",51.7331457845817,0,"Rock",NA
"7049",7049,"Rock","Reef Slope",0,0,NA,NA
"7050",7050,"Rock","Reef Slope",0,0,NA,NA
"7051",7051,"Rock","Reef Slope",36.281966828255,0,"Rock",NA
"7052",7052,"Rock","Reef Slope",36.281966828255,0,"Rock",NA
"7053",7053,"Rock","Reef Slope",36.281966828255,0,"Rock",NA
"7054",7054,"Rock","Reef Slope",0,0,NA,NA
"7055",7055,"Sand","Shallow Lagoon",0,0,NA,NA
"7056",7056,"Sand","Inner Reef Flat",0,0,NA,NA
"7057",7057,"Coral/Algae","Sheltered Reef Slope",0,0,NA,NA
"7058",7058,"Coral/Algae","Sheltered Reef Slope",0,0,NA,NA
"7059",7059,"Sand","Back Reef Slope",51.2951058327824,0,"Sand",NA
"7060",7060,"Rock","Reef Slope",71.4619931913016,0,"Rock",NA
"7061",7061,"Rubble","Sheltered Reef Slope",70.0573923723765,0,"Rubble",NA
"7062",7062,"Rock","Reef Slope",73.8626018919626,0,"Rock",NA
"7063",7063,"Rock","Reef Slope",0,0,NA,NA
"7064",7064,"Rock","Reef Slope",0,0,NA,NA
"7065",7065,"Rock","Back Reef Slope",57.8994360513527,0,"Rock",NA
"7066",7066,"Rock","Back Reef Slope",57.8994360513527,0,"Rock",NA
"7067",7067,"Rock","Back Reef Slope",36.2137174495123,0,"Rock",NA
"7068",7068,"Rubble","Back Reef Slope",83.7707996389444,0,"Rubble",NA
"7069",7069,"Coral/Algae","Sheltered Reef Slope",66.0705151384062,0,"Coral/Algae",NA
"7070",7070,"Coral/Algae","Sheltered Reef Slope",66.0705151384062,0,"Coral/Algae",NA
"7071",7071,"Coral/Algae","Sheltered Reef Slope",0,0,NA,NA
"7072",7072,NA,"Sheltered Reef Slope",104.517747046053,0,NA,NA
"7073",7073,NA,"Sheltered Reef Slope",104.517747046053,0,NA,NA
"7074",7074,"Rock","Sheltered Reef Slope",63.0183975102489,0,"Rock",NA
"7075",7075,"Coral/Algae","Reef Crest",0,0,NA,NA
"7076",7076,"Rock","Back Reef Slope",40.4150689745218,0,"Rock",NA
"7077",7077,"Sand","Back Reef Slope",0,0,NA,NA
"7078",7078,"Sand","Back Reef Slope",0,0,NA,NA
"7079",7079,"Rock","Back Reef Slope",0,0,NA,NA
"7080",7080,"Coral/Algae","Deep Lagoon",0,0,NA,NA
"7081",7081,"Rock","Sheltered Reef Slope",59.1181903510403,0,"Rock",NA
"7082",7082,"Rock","Reef Crest",0,0,NA,NA
"7083",7083,"Sand","Sheltered Reef Slope",0,0,NA,NA
"7084",7084,"Sand","Sheltered Reef Slope",0,0,NA,NA
"7085",7085,"Sand","Sheltered Reef Slope",0,0,NA,NA
"7086",7086,"Sand","Sheltered Reef Slope",0,0,NA,NA
"7087",7087,"Sand","Sheltered Reef Slope",0,0,NA,NA
"7088",7088,"Sand","Sheltered Reef Slope",0,0,NA,NA
"7089",7089,"Rock","Back Reef Slope",71.0589307304965,32.2175496328738,"Rock","Back Reef Slope"
"7090",7090,"Rock","Back Reef Slope",71.0589307304965,32.2175496328738,"Rock","Back Reef Slope"
"7091",7091,"Rock","Back Reef Slope",71.0589307304965,32.2175496328738,"Rock","Back Reef Slope"
"7092",7092,"Coral/Algae","Deep Lagoon",0,0,NA,NA
"7093",7093,"Coral/Algae","Deep Lagoon",0,0,NA,NA
"7094",7094,"Coral/Algae","Deep Lagoon",0,0,NA,NA
"7095",7095,"Coral/Algae","Deep Lagoon",0,0,NA,NA
"7096",7096,"Coral/Algae","Deep Lagoon",0,0,NA,NA
"7097",7097,"Coral/Algae","Sheltered Reef Slope",0,0,NA,NA
"7098",7098,"Rock","Outer Reef Flat",0,0,NA,NA
"7099",7099,"Rubble","Sheltered Reef Slope",0,0,NA,NA
"7100",7100,"Rock","Sheltered Reef Slope",36.8335697191088,0,"Rock",NA
"7101",7101,"Coral/Algae","Sheltered Reef Slope",0,0,NA,NA
"7102",7102,"Rock","Sheltered Reef Slope",0,0,NA,NA
"7103",7103,"Rock","Sheltered Reef Slope",72.5546078009696,0,"Rock",NA
"7104",7104,"Rock","Sheltered Reef Slope",72.5546078009696,0,"Rock",NA
"7105",7105,"Coral/Algae","Sheltered Reef Slope",0,0,NA,NA
"7106",7106,"Coral/Algae","Sheltered Reef Slope",0,0,NA,NA
"7107",7107,"Sand","Sheltered Reef Slope",0,0,NA,NA
"7108",7108,"Coral/Algae","Outer Reef Flat",0,0,NA,NA
"7109",7109,"Coral/Algae","Outer Reef Flat",0,0,NA,NA
"7110",7110,"Coral/Algae","Reef Crest",0,0,NA,NA
"7111",7111,"Coral/Algae","Reef Crest",0,0,NA,NA
"7112",7112,"Coral/Algae","Reef Crest",0,0,NA,NA
"7113",7113,"Rock","Sheltered Reef Slope",0,0,NA,NA
"7114",7114,"Rock","Sheltered Reef Slope",0,0,NA,NA
"7115",7115,"Rock","Sheltered Reef Slope",0,0,NA,NA
"7116",7116,"Rock","Sheltered Reef Slope",0,0,NA,NA
"7117",7117,"Rock","Sheltered Reef Slope",0,0,NA,NA
"7118",7118,"Rock","Sheltered Reef Slope",0,0,NA,NA
"7119",7119,"Rubble","Back Reef Slope",0,0,NA,NA
"7120",7120,"Rubble","Back Reef Slope",0,0,NA,NA
"7121",7121,"Rubble","Back Reef Slope",0,0,NA,NA
"7122",7122,"Rubble","Back Reef Slope",0,0,NA,NA
"7123",7123,"Rubble","Back Reef Slope",0,0,NA,NA
"7124",7124,"Rock","Reef Slope",26.9338931283225,0,"Rock",NA
"7125",7125,"Rock","Sheltered Reef Slope",55.5252486068382,0,"Rock",NA
"7126",7126,"Rock","Sheltered Reef Slope",55.5252486068382,0,"Rock",NA
"7127",7127,"Rock","Reef Slope",32.3922714972049,32.3922714972049,"Rock","Reef Slope"
"7128",7128,"Rubble","Back Reef Slope",0,0,NA,NA
"7129",7129,"Rubble","Back Reef Slope",0,0,NA,NA
"7130",7130,"Rubble","Back Reef Slope",0,0,NA,NA
"7131",7131,"Rubble","Sheltered Reef Slope",0,0,NA,NA
"7132",7132,"Rubble","Sheltered Reef Slope",0,0,NA,NA
"7133",7133,"Rubble","Sheltered Reef Slope",0,0,NA,NA
"7134",7134,"Rock","Reef Slope",46.8492998563707,0,"Rock",NA
"7135",7135,"Rock","Reef Slope",46.8492998563707,0,"Rock",NA
"7136",7136,"Rock","Reef Slope",33.8795518398972,0,"Rock",NA
"7137",7137,"Rock","Reef Slope",33.8795518398972,0,"Rock",NA
"7138",7138,"Rock","Back Reef Slope",35.3481046862561,0,"Rock",NA
"7139",7139,"Rock","Back Reef Slope",35.3481046862561,0,"Rock",NA
"7140",7140,"Rock","Reef Slope",34.4628211402686,0,"Rock",NA
"7141",7141,"Rock","Sheltered Reef Slope",0,0,NA,NA
"7142",7142,"Rock","Outer Reef Flat",0,0,NA,NA
"7143",7143,"Rock","Outer Reef Flat",0,0,NA,NA
"7144",7144,"Sand","Deep Lagoon",0,0,NA,NA
"7145",7145,"Sand","Deep Lagoon",0,0,NA,NA
"7146",7146,"Sand","Deep Lagoon",0,0,NA,NA
"7147",7147,"Sand","Deep Lagoon",0,0,NA,NA
"7148",7148,"Sand","Deep Lagoon",0,0,NA,NA
"7149",7149,"Sand","Deep Lagoon",0,0,NA,NA
"7150",7150,"Sand","Deep Lagoon",0,0,NA,NA
"7151",7151,"Rubble","Deep Lagoon",0,0,NA,NA
"7152",7152,"Rock","Patch Reef",0,0,NA,NA
"7153",7153,"Rock","Plateau",0,0,NA,NA
"7154",7154,"Rock","Deep Lagoon",0,0,NA,NA
"7155",7155,"Rock","Deep Lagoon",0,0,NA,NA
"7156",7156,"Rock","Sheltered Reef Slope",0,0,NA,NA
"7157",7157,"Rock","Sheltered Reef Slope",0,0,NA,NA
"7158",7158,"Rock","Sheltered Reef Slope",0,0,NA,NA
"7159",7159,"Rock","Sheltered Reef Slope",0,0,NA,NA
"7160",7160,"Rock","Reef Slope",0,0,NA,NA
"7161",7161,"Rock","Reef Slope",0,0,NA,NA
"7162",7162,"Rock","Reef Slope",0,0,NA,NA
"7163",7163,"Coral/Algae","Back Reef Slope",45.9921996257042,0,"Coral/Algae",NA
"7164",7164,"Coral/Algae","Back Reef Slope",45.9921996257042,0,"Coral/Algae",NA
"7165",7165,"Coral/Algae","Back Reef Slope",45.9921996257042,0,"Coral/Algae",NA
"7166",7166,"Coral/Algae","Back Reef Slope",45.9921996257042,0,"Coral/Algae",NA
"7167",7167,"Sand","Deep Lagoon",0,0,NA,NA
"7168",7168,"Rubble","Sheltered Reef Slope",0,0,NA,NA
"7169",7169,"Rubble","Sheltered Reef Slope",0,0,NA,NA
"7170",7170,"Rubble","Sheltered Reef Slope",0,0,NA,NA
"7171",7171,"Rubble","Sheltered Reef Slope",0,0,NA,NA
"7172",7172,"Rock","Reef Slope",36.8251654200502,0,"Rock",NA
"7173",7173,"Rock","Reef Slope",36.8251654200502,0,"Rock",NA
"7174",7174,"Rock","Back Reef Slope",0,0,NA,NA
"7175",7175,"Sand","Deep Lagoon",0,0,NA,NA
"7176",7176,"Sand","Deep Lagoon",0,0,NA,NA
"7177",7177,"Sand","Deep Lagoon",0,0,NA,NA
"7178",7178,"Rock","Sheltered Reef Slope",0,0,NA,NA
"7179",7179,"Rock","Patch Reef",0,0,NA,NA
"7180",7180,"Rock","Patch Reef",0,0,NA,NA
"7181",7181,"Rock","Patch Reef",0,0,NA,NA
"7182",7182,"Rock","Reef Slope",0,0,NA,NA
"7183",7183,"Rock","Reef Slope",0,0,NA,NA
"7184",7184,"Coral/Algae","Back Reef Slope",0,0,NA,NA
"7185",7185,"Sand","Inner Reef Flat",0,0,NA,NA
"7186",7186,"Coral/Algae","Back Reef Slope",0,0,NA,NA
"7187",7187,"Rock","Reef Slope",0,0,NA,NA
"7188",7188,"Rock","Outer Reef Flat",0,0,NA,NA
"7189",7189,"Rock","Outer Reef Flat",0,0,NA,NA
"7190",7190,"Rock","Reef Slope",27.5145433962668,0,"Rock",NA
"7191",7191,"Rubble","Reef Slope",50.6368031731349,0,"Rubble",NA
"7192",7192,"Rubble","Reef Slope",50.6368031731349,0,"Rubble",NA
"7193",7193,"Rock","Sheltered Reef Slope",0,0,NA,NA
"7194",7194,"Rock","Sheltered Reef Slope",0,0,NA,NA
"7195",7195,"Sand","Sheltered Reef Slope",0,0,NA,NA
"7196",7196,"Rock","Back Reef Slope",0,0,NA,NA
"7197",7197,"Rock","Back Reef Slope",0,0,NA,NA
"7198",7198,"Rubble","Reef Slope",0,0,NA,NA
"7199",7199,"Rubble","Reef Slope",0,0,NA,NA
"7200",7200,"Sand","Reef Slope",0,0,NA,NA
"7201",7201,"Sand","Sheltered Reef Slope",62.7848558720062,0,"Sand",NA
"7202",7202,"Rubble","Deep Lagoon",0,0,NA,NA
"7203",7203,"Sand","Back Reef Slope",0,0,NA,NA
"7204",7204,"Rock","Back Reef Slope",40.905257152227,0,"Rock",NA
"7205",7205,"Rubble","Reef Slope",0,0,NA,NA
"7206",7206,"Rubble","Reef Slope",0,0,NA,NA
"7207",7207,"Rubble","Reef Slope",0,0,NA,NA
"7208",7208,"Rubble","Reef Slope",0,0,NA,NA
"7209",7209,"Coral/Algae","Outer Reef Flat",0,0,NA,NA
"7210",7210,"Rock","Reef Slope",0,0,NA,NA
"7211",7211,"Rock","Reef Slope",0,0,NA,NA
"7212",7212,"Rock","Reef Slope",0,0,NA,NA
"7213",7213,"Rock","Reef Slope",0,0,NA,NA
"7214",7214,"Rock","Back Reef Slope",28.4589872104738,0,"Rock",NA
"7215",7215,"Rock","Back Reef Slope",28.4589872104738,0,"Rock",NA
"7216",7216,"Coral/Algae","Back Reef Slope",0,0,NA,NA
"7217",7217,"Coral/Algae","Back Reef Slope",0,0,NA,NA
"7218",7218,"Coral/Algae","Back Reef Slope",0,0,NA,NA
"7219",7219,"Rock","Back Reef Slope",30.5763310267581,0,"Rock",NA
"7220",7220,"Rock","Back Reef Slope",30.5763310267581,0,"Rock",NA
"7221",7221,"Rock","Back Reef Slope",30.5763310267581,0,"Rock",NA
"7222",7222,"Sand","Sheltered Reef Slope",30.1999026850501,0,"Sand",NA
"7223",7223,"Rock","Outer Reef Flat",0,0,NA,NA
"7224",7224,"Rock","Outer Reef Flat",0,0,NA,NA
"7225",7225,"Rock","Reef Slope",0,0,NA,NA
"7226",7226,"Rock","Reef Slope",0,0,NA,NA
"7227",7227,"Rock","Reef Slope",0,0,NA,NA
"7228",7228,"Rock","Reef Slope",0,0,NA,NA
"7229",7229,"Rock","Reef Slope",0,0,NA,NA
"7230",7230,"Rock","Reef Slope",0,0,NA,NA
"7231",7231,"Rock","Reef Slope",0,0,NA,NA
"7232",7232,"Rubble","Reef Slope",0,0,NA,NA
"7233",7233,"Rubble","Reef Slope",0,0,NA,NA
"7234",7234,"Rubble","Reef Slope",0,0,NA,NA
"7235",7235,"Coral/Algae","Back Reef Slope",0,0,NA,NA
"7236",7236,"Coral/Algae","Back Reef Slope",0,0,NA,NA
"7237",7237,"Coral/Algae","Back Reef Slope",0,0,NA,NA
"7238",7238,"Sand","Back Reef Slope",0,0,NA,NA
"7239",7239,"Sand","Back Reef Slope",0,0,NA,NA
"7240",7240,"Sand","Back Reef Slope",0,0,NA,NA
"7241",7241,"Sand","Back Reef Slope",0,0,NA,NA
"7242",7242,"Sand","Back Reef Slope",0,0,NA,NA
"7243",7243,"Coral/Algae","Back Reef Slope",0,0,NA,NA
"7244",7244,"Coral/Algae","Back Reef Slope",0,0,NA,NA
"7245",7245,"Coral/Algae","Back Reef Slope",0,0,NA,NA
"7246",7246,"Coral/Algae","Back Reef Slope",0,0,NA,NA
"7247",7247,"Coral/Algae","Back Reef Slope",0,0,NA,NA
"7248",7248,"Sand","Deep Lagoon",0,0,NA,NA
"7249",7249,"Sand","Deep Lagoon",0,0,NA,NA
"7250",7250,"Sand","Deep Lagoon",0,0,NA,NA
"7251",7251,"Sand","Deep Lagoon",0,0,NA,NA
"7252",7252,"Sand","Deep Lagoon",0,0,NA,NA
"7253",7253,"Sand","Deep Lagoon",0,0,NA,NA
"7254",7254,"Sand","Deep Lagoon",0,0,NA,NA
"7255",7255,"Sand","Deep Lagoon",0,0,NA,NA
"7256",7256,"Sand","Deep Lagoon",0,0,NA,NA
"7257",7257,"Sand","Deep Lagoon",0,0,NA,NA
"7258",7258,"Sand","Deep Lagoon",0,0,NA,NA
"7259",7259,"Sand","Deep Lagoon",0,0,NA,NA
"7260",7260,"Rock","Reef Crest",0,0,NA,NA
"7261",7261,"Sand","Back Reef Slope",0,0,NA,NA
"7262",7262,"Sand","Back Reef Slope",0,0,NA,NA
"7263",7263,"Sand","Back Reef Slope",0,0,NA,NA
"7264",7264,"Sand","Back Reef Slope",0,0,NA,NA
"7265",7265,"Sand","Back Reef Slope",0,0,NA,NA
"7266",7266,"Sand","Back Reef Slope",0,0,NA,NA
"7267",7267,"Sand","Back Reef Slope",40.0423527438634,0,"Sand",NA
"7268",7268,"Sand","Back Reef Slope",40.0423527438634,0,"Sand",NA
"7269",7269,"Sand","Back Reef Slope",40.0423527438634,0,"Sand",NA
"7270",7270,"Sand","Back Reef Slope",40.0423527438634,0,"Sand",NA
"7271",7271,"Sand","Back Reef Slope",40.0423527438634,0,"Sand",NA
"7272",7272,"Sand","Back Reef Slope",0,0,NA,NA
"7273",7273,"Sand","Back Reef Slope",0,0,NA,NA
"7274",7274,"Sand","Back Reef Slope",0,0,NA,NA
"7275",7275,"Sand","Back Reef Slope",32.6086886244792,0,"Sand",NA
"7276",7276,"Sand","Back Reef Slope",32.6086886244792,0,"Sand",NA
"7277",7277,"Sand","Back Reef Slope",32.6086886244792,0,"Sand",NA
"7278",7278,"Rock","Reef Slope",0,0,NA,NA
"7279",7279,NA,"Back Reef Slope",186.627843696158,0,NA,NA
"7280",7280,"Rock","Back Reef Slope",89.8272291446882,0,"Rock",NA
"7281",7281,"Rock","Reef Slope",0,0,NA,NA
"7282",7282,"Rock","Reef Slope",0,0,NA,NA
"7283",7283,"Rock","Reef Slope",0,0,NA,NA
"7284",7284,"Rock","Reef Slope",0,0,NA,NA
"7285",7285,"Rock","Reef Slope",0,0,NA,NA
"7286",7286,"Rock","Reef Slope",0,0,NA,NA
"7287",7287,"Rock","Reef Slope",0,0,NA,NA
"7288",7288,"Rock","Reef Slope",0,0,NA,NA
"7289",7289,"Rubble","Sheltered Reef Slope",75.313108994517,0,"Rubble",NA
"7290",7290,"Rock","Sheltered Reef Slope",0,0,NA,NA
"7291",7291,"Rock","Reef Slope",0,0,NA,NA
"7292",7292,"Rock","Reef Slope",0,0,NA,NA
"7293",7293,"Rock","Reef Crest",0,0,NA,NA
"7294",7294,"Rock","Reef Crest",0,0,NA,NA
"7295",7295,"Rock","Reef Crest",0,0,NA,NA
"7296",7296,"Rock","Reef Crest",0,0,NA,NA
"7297",7297,"Rock","Reef Crest",0,0,NA,NA
"7298",7298,"Sand","Inner Reef Flat",0,0,NA,NA
"7299",7299,"Coral/Algae","Sheltered Reef Slope",0,0,NA,NA
"7300",7300,"Sand","Sheltered Reef Slope",0,0,NA,NA
"7301",7301,"Sand","Inner Reef Flat",0,0,NA,NA
"7302",7302,"Coral/Algae","Outer Reef Flat",0,0,NA,NA
"7303",7303,"Sand","Outer Reef Flat",0,0,NA,NA
"7304",7304,"Rock","Outer Reef Flat",0,0,NA,NA
"7305",7305,"Rock","Inner Reef Flat",0,0,NA,NA
"7306",7306,"Rock","Reef Crest",0,0,NA,NA
"7307",7307,"Coral/Algae","Inner Reef Flat",0,0,NA,NA
"7308",7308,"Sand","Inner Reef Flat",0,0,NA,NA
"7309",7309,"Coral/Algae","Inner Reef Flat",0,0,NA,NA
"7310",7310,"Rock","Reef Slope",0,0,NA,NA
"7311",7311,"Rock","Reef Slope",0,0,NA,NA
"7312",7312,"Rock","Reef Slope",0,0,NA,NA
"7313",7313,"Rock","Reef Slope",0,0,NA,NA
"7314",7314,"Rock","Reef Slope",0,0,NA,NA
"7315",7315,"Rock","Plateau",0,0,NA,NA
"7316",7316,"Rock","Plateau",0,0,NA,NA
"7317",7317,"Rock","Plateau",0,0,NA,NA
"7318",7318,"Rock","Plateau",0,0,NA,NA
"7319",7319,NA,"Back Reef Slope",102.010301670341,42.355001314875,NA,"Back Reef Slope"
"7320",7320,NA,"Back Reef Slope",102.010301670341,42.355001314875,NA,"Back Reef Slope"
"7321",7321,NA,"Back Reef Slope",102.010301670341,42.355001314875,NA,"Back Reef Slope"
"7322",7322,NA,"Back Reef Slope",102.010301670341,42.355001314875,NA,"Back Reef Slope"
"7323",7323,NA,"Back Reef Slope",208.549946746883,46.9744510650026,NA,"Back Reef Slope"
"7324",7324,"Rubble","Reef Slope",74.4234237194587,0,"Rubble",NA
"7325",7325,"Coral/Algae","Reef Slope",56.1947995492077,0,"Coral/Algae",NA
"7326",7326,"Coral/Algae","Reef Slope",56.1947995492077,0,"Coral/Algae",NA
"7327",7327,"Coral/Algae","Reef Slope",56.1947995492077,0,"Coral/Algae",NA
"7328",7328,"Coral/Algae","Reef Slope",56.1947995492077,0,"Coral/Algae",NA
"7329",7329,"Coral/Algae","Reef Slope",56.1947995492077,0,"Coral/Algae",NA
"7330",7330,"Rock","Reef Slope",38.7985152784786,0,"Rock",NA
"7331",7331,"Rock","Reef Slope",38.7985152784786,0,"Rock",NA
"7332",7332,"Rock","Reef Slope",38.7985152784786,0,"Rock",NA
"7333",7333,"Rubble","Back Reef Slope",55.4759493875881,0,"Rubble",NA
"7334",7334,"Rubble","Back Reef Slope",55.4759493875881,0,"Rubble",NA
"7335",7335,"Rubble","Back Reef Slope",55.4759493875881,0,"Rubble",NA
"7336",7336,"Rubble","Back Reef Slope",55.4759493875881,0,"Rubble",NA
"7337",7337,"Coral/Algae","Back Reef Slope",32.3803250194434,0,"Coral/Algae",NA
"7338",7338,"Coral/Algae","Back Reef Slope",32.3803250194434,0,"Coral/Algae",NA
"7339",7339,"Coral/Algae","Back Reef Slope",32.3803250194434,0,"Coral/Algae",NA
"7340",7340,"Coral/Algae","Back Reef Slope",32.3803250194434,0,"Coral/Algae",NA
"7341",7341,"Coral/Algae","Back Reef Slope",32.3803250194434,0,"Coral/Algae",NA
"7342",7342,"Coral/Algae","Back Reef Slope",32.3803250194434,0,"Coral/Algae",NA
"7343",7343,NA,"Reef Slope",124.940299069092,39.6551476090021,NA,"Reef Slope"
"7344",7344,NA,"Reef Slope",124.940299069092,39.6551476090021,NA,"Reef Slope"
"7345",7345,NA,"Reef Slope",124.940299069092,39.6551476090021,NA,"Reef Slope"
"7346",7346,NA,"Reef Slope",124.940299069092,39.6551476090021,NA,"Reef Slope"
"7347",7347,NA,"Reef Slope",124.940299069092,39.6551476090021,NA,"Reef Slope"
"7348",7348,NA,"Reef Slope",124.940299069092,39.6551476090021,NA,"Reef Slope"
"7349",7349,"Rock","Reef Slope",0,0,NA,NA
"7350",7350,"Rock","Reef Slope",0,0,NA,NA
"7351",7351,"Rock","Reef Slope",0,0,NA,NA
"7352",7352,"Rock","Reef Slope",0,0,NA,NA
"7353",7353,"Coral/Algae","Back Reef Slope",0,0,NA,NA
"7354",7354,"Coral/Algae","Back Reef Slope",0,0,NA,NA
"7355",7355,"Coral/Algae","Back Reef Slope",0,0,NA,NA
"7356",7356,"Coral/Algae","Back Reef Slope",0,0,NA,NA
"7357",7357,"Coral/Algae","Back Reef Slope",0,0,NA,NA
"7358",7358,"Coral/Algae","Outer Reef Flat",0,0,NA,NA
"7359",7359,"Coral/Algae","Outer Reef Flat",0,0,NA,NA
"7360",7360,"Coral/Algae","Outer Reef Flat",0,0,NA,NA
"7361",7361,"Coral/Algae","Outer Reef Flat",0,0,NA,NA
"7362",7362,"Coral/Algae","Outer Reef Flat",0,0,NA,NA
"7363",7363,"Rock","Plateau",48.7107167766676,0,"Rock",NA
"7364",7364,"Rock","Plateau",48.7107167766676,0,"Rock",NA
"7365",7365,"Coral/Algae","Reef Slope",90.7305005017687,0,"Coral/Algae",NA
"7366",7366,"Coral/Algae","Reef Slope",90.7305005017687,0,"Coral/Algae",NA
"7367",7367,"Rock","Back Reef Slope",31.4810885907117,31.4810885907117,"Rock","Back Reef Slope"
"7368",7368,"Rock","Back Reef Slope",31.4810885907117,31.4810885907117,"Rock","Back Reef Slope"
"7369",7369,"Rubble","Reef Slope",63.7204377813192,0,"Rubble",NA
"7370",7370,"Rubble","Reef Slope",63.7204377813192,0,"Rubble",NA
"7371",7371,"Rubble","Back Reef Slope",0,0,NA,NA
"7372",7372,"Rubble","Back Reef Slope",0,0,NA,NA
"7373",7373,"Rubble","Back Reef Slope",0,0,NA,NA
"7374",7374,"Rubble","Back Reef Slope",0,0,NA,NA
"7375",7375,"Rock","Back Reef Slope",0,0,NA,NA
"7376",7376,"Rock","Back Reef Slope",0,0,NA,NA
"7377",7377,"Coral/Algae","Back Reef Slope",0,0,NA,NA
"7378",7378,"Coral/Algae","Back Reef Slope",0,0,NA,NA
"7379",7379,"Rock","Back Reef Slope",0,0,NA,NA
"7380",7380,NA,"Plateau",288.061006379273,0,NA,NA
"7381",7381,NA,"Plateau",288.061006379273,0,NA,NA
"7382",7382,"Coral/Algae","Back Reef Slope",51.4020425172973,0,"Coral/Algae",NA
"7383",7383,"Sand","Outer Reef Flat",0,0,NA,NA
"7384",7384,"Rock","Reef Slope",63.774844125983,0,"Rock",NA
"7385",7385,NA,"Back Reef Slope",143.127416754675,37.2026080017802,NA,"Back Reef Slope"
"7386",7386,"Rock","Plateau",90.0084525388865,40.0763907074923,"Rock","Plateau"
"7387",7387,NA,"Plateau",167.67008522038,0,NA,NA
"7388",7388,NA,"Plateau",167.67008522038,0,NA,NA
"7389",7389,"Coral/Algae","Back Reef Slope",57.1941574068155,0,"Coral/Algae",NA
"7390",7390,"Coral/Algae","Back Reef Slope",57.1941574068155,0,"Coral/Algae",NA
"7391",7391,"Coral/Algae","Back Reef Slope",57.1941574068155,0,"Coral/Algae",NA
"7392",7392,"Coral/Algae","Plateau",34.2457240261585,34.2457240261585,"Coral/Algae","Plateau"
"7393",7393,"Rock","Back Reef Slope",37.1418666556267,0,"Rock",NA
"7394",7394,"Rock","Reef Slope",0,0,NA,NA
"7395",7395,"Rock","Reef Slope",0,0,NA,NA
"7396",7396,"Rock","Reef Slope",0,0,NA,NA
"7397",7397,"Rock","Reef Slope",0,0,NA,NA
"7398",7398,NA,NA,6956.33704736272,6861.32152067538,NA,NA
"7399",7399,NA,NA,7704.60555537439,7610.18271259888,NA,NA
"7400",7400,NA,NA,7704.60555537439,7610.18271259888,NA,NA
"7401",7401,NA,NA,8221.8959631622,8112.46190075687,NA,NA
"7402",7402,NA,NA,8221.8959631622,8112.46190075687,NA,NA
"7403",7403,NA,NA,8221.8959631622,8112.46190075687,NA,NA
"7404",7404,"Rubble","Sheltered Reef Slope",97.8048055340496,0,"Rubble",NA
"7405",7405,"Rock","Outer Reef Flat",0,0,NA,NA
"7406",7406,"Rock","Reef Slope",0,0,NA,NA
"7407",7407,"Rock","Reef Slope",0,0,NA,NA
"7408",7408,"Rubble","Reef Slope",0,0,NA,NA
"7409",7409,"Rock","Outer Reef Flat",0,0,NA,NA
"7410",7410,"Rock","Outer Reef Flat",0,0,NA,NA
"7411",7411,"Coral/Algae","Reef Slope",0,0,NA,NA
"7412",7412,"Coral/Algae","Reef Slope",0,0,NA,NA
"7413",7413,"Coral/Algae","Reef Slope",0,0,NA,NA
"7414",7414,"Coral/Algae","Reef Slope",0,0,NA,NA
"7415",7415,"Rock","Sheltered Reef Slope",0,0,NA,NA
"7416",7416,"Rock","Sheltered Reef Slope",0,0,NA,NA
"7417",7417,"Rock","Sheltered Reef Slope",0,0,NA,NA
"7418",7418,"Rubble","Sheltered Reef Slope",44.770860883941,44.770860883941,"Rubble","Sheltered Reef Slope"
"7419",7419,"Rock","Reef Slope",0,0,NA,NA
"7420",7420,"Rock","Reef Slope",0,0,NA,NA
"7421",7421,"Rock","Reef Slope",0,0,NA,NA
"7422",7422,"Rock","Reef Slope",0,0,NA,NA
"7423",7423,"Rock","Reef Slope",0,0,NA,NA
"7424",7424,"Rock","Reef Slope",0,0,NA,NA
"7425",7425,"Rock","Reef Slope",0,0,NA,NA
"7426",7426,"Rubble","Back Reef Slope",0,0,NA,NA
"7427",7427,"Rubble","Back Reef Slope",0,0,NA,NA
"7428",7428,"Rubble","Back Reef Slope",0,0,NA,NA
"7429",7429,"Coral/Algae","Back Reef Slope",0,0,NA,NA
"7430",7430,"Rubble","Sheltered Reef Slope",0,0,NA,NA
"7431",7431,"Sand","Back Reef Slope",0,0,NA,NA
"7432",7432,"Sand","Deep Lagoon",0,0,NA,NA
"7433",7433,"Rock","Back Reef Slope",0,0,NA,NA
"7434",7434,"Sand","Back Reef Slope",0,0,NA,NA
"7435",7435,"Coral/Algae","Patch Reef",0,0,NA,NA
"7436",7436,"Coral/Algae","Back Reef Slope",0,0,NA,NA
"7437",7437,NA,"Back Reef Slope",100.269930546524,0,NA,NA
"7438",7438,"Coral/Algae","Outer Reef Flat",0,0,NA,NA
"7439",7439,"Coral/Algae","Outer Reef Flat",0,0,NA,NA
"7440",7440,"Coral/Algae","Outer Reef Flat",0,0,NA,NA
"7441",7441,"Rubble","Back Reef Slope",0,0,NA,NA
"7442",7442,"Rubble","Back Reef Slope",0,0,NA,NA
"7443",7443,"Rubble","Back Reef Slope",0,0,NA,NA
"7444",7444,"Rubble","Back Reef Slope",0,0,NA,NA
"7445",7445,"Rock","Outer Reef Flat",0,0,NA,NA
"7446",7446,"Rubble","Sheltered Reef Slope",0,0,NA,NA
"7447",7447,"Rock","Back Reef Slope",0,0,NA,NA
"7448",7448,"Coral/Algae","Outer Reef Flat",0,0,NA,NA
"7449",7449,"Rock","Back Reef Slope",0,0,NA,NA
"7450",7450,"Rubble","Back Reef Slope",0,0,NA,NA
"7451",7451,"Rubble","Back Reef Slope",0,0,NA,NA
"7452",7452,"Coral/Algae","Outer Reef Flat",0,0,NA,NA
"7453",7453,"Coral/Algae","Outer Reef Flat",0,0,NA,NA
"7454",7454,"Sand","Outer Reef Flat",0,0,NA,NA
"7455",7455,"Rock","Sheltered Reef Slope",61.8348898506045,0,"Rock",NA
"7456",7456,"Rubble","Plateau",0,0,NA,NA
"7457",7457,"Coral/Algae","Outer Reef Flat",0,0,NA,NA
"7458",7458,"Rock","Back Reef Slope",41.8309559999984,0,"Rock",NA
"7459",7459,"Rock","Patch Reef",0,0,NA,NA
"7460",7460,"Sand","Sheltered Reef Slope",0,0,NA,NA
"7461",7461,"Rock","Reef Slope",0,0,NA,NA
"7462",7462,"Rock","Outer Reef Flat",0,0,NA,NA
"7463",7463,"Rubble","Plateau",0,0,NA,NA
"7464",7464,"Rubble","Back Reef Slope",0,0,NA,NA
"7465",7465,"Rubble","Back Reef Slope",0,0,NA,NA
"7466",7466,"Sand","Plateau",0,0,NA,NA
"7467",7467,"Sand","Plateau",0,0,NA,NA
"7468",7468,"Sand","Plateau",0,0,NA,NA
"7469",7469,"Sand","Back Reef Slope",0,0,NA,NA
"7470",7470,"Rock","Plateau",0,0,NA,NA
"7471",7471,"Rock","Outer Reef Flat",0,0,NA,NA
"7472",7472,"Sand","Sheltered Reef Slope",0,0,NA,NA
"7473",7473,"Rock","Reef Slope",67.0378972091307,0,"Rock",NA
"7474",7474,"Rock","Reef Slope",84.0877501745047,0,"Rock",NA
"7475",7475,NA,"Reef Slope",101.226773312864,51.263424672402,NA,"Reef Slope"
"7476",7476,"Sand","Sheltered Reef Slope",0,0,NA,NA
"7477",7477,"Rock","Sheltered Reef Slope",0,0,NA,NA
"7478",7478,"Rock","Back Reef Slope",53.2459294273232,0,"Rock",NA
"7479",7479,"Rock","Back Reef Slope",53.2459294273232,0,"Rock",NA
"7480",7480,"Rock","Back Reef Slope",53.2459294273232,0,"Rock",NA
"7481",7481,"Rock","Back Reef Slope",53.2459294273232,0,"Rock",NA
"7482",7482,"Sand","Deep Lagoon",0,0,NA,NA
"7483",7483,"Sand","Deep Lagoon",0,0,NA,NA
"7484",7484,"Coral/Algae","Back Reef Slope",0,0,NA,NA
"7485",7485,"Coral/Algae","Back Reef Slope",0,0,NA,NA
"7486",7486,"Rock","Reef Slope",0,0,NA,NA
"7487",7487,"Rock","Reef Slope",0,0,NA,NA
"7488",7488,"Rock","Back Reef Slope",29.9917587786433,0,"Rock",NA
"7489",7489,"Rock","Back Reef Slope",29.9917587786433,0,"Rock",NA
"7490",7490,"Rock","Back Reef Slope",29.9917587786433,0,"Rock",NA
"7491",7491,"Coral/Algae","Outer Reef Flat",0,0,NA,NA
"7492",7492,"Coral/Algae","Outer Reef Flat",0,0,NA,NA
"7493",7493,"Coral/Algae","Outer Reef Flat",0,0,NA,NA
"7494",7494,"Coral/Algae","Outer Reef Flat",0,0,NA,NA
"7495",7495,"Coral/Algae","Outer Reef Flat",0,0,NA,NA
"7496",7496,"Coral/Algae","Outer Reef Flat",0,0,NA,NA
"7497",7497,"Rubble","Deep Lagoon",0,0,NA,NA
"7498",7498,"Rubble","Deep Lagoon",0,0,NA,NA
"7499",7499,"Rubble","Deep Lagoon",0,0,NA,NA
"7500",7500,"Rubble","Deep Lagoon",0,0,NA,NA
"7501",7501,"Rubble","Deep Lagoon",0,0,NA,NA
"7502",7502,"Rubble","Reef Slope",0,0,NA,NA
"7503",7503,"Rubble","Reef Slope",0,0,NA,NA
"7504",7504,"Rubble","Reef Slope",0,0,NA,NA
"7505",7505,"Rubble","Reef Slope",0,0,NA,NA
"7506",7506,"Rubble","Reef Slope",0,0,NA,NA
"7507",7507,"Sand","Sheltered Reef Slope",0,0,NA,NA
"7508",7508,"Sand","Sheltered Reef Slope",0,0,NA,NA
"7509",7509,"Sand","Sheltered Reef Slope",0,0,NA,NA
"7510",7510,"Sand","Sheltered Reef Slope",0,0,NA,NA
"7511",7511,"Sand","Sheltered Reef Slope",0,0,NA,NA
"7512",7512,"Sand","Sheltered Reef Slope",0,0,NA,NA
"7513",7513,"Sand","Sheltered Reef Slope",0,0,NA,NA
"7514",7514,"Rock","Sheltered Reef Slope",0,0,NA,NA
"7515",7515,"Rock","Sheltered Reef Slope",0,0,NA,NA
"7516",7516,"Rock","Sheltered Reef Slope",0,0,NA,NA
"7517",7517,"Rock","Sheltered Reef Slope",0,0,NA,NA
"7518",7518,"Rock","Sheltered Reef Slope",0,0,NA,NA
"7519",7519,"Coral/Algae","Deep Lagoon",0,0,NA,NA
"7520",7520,"Coral/Algae","Deep Lagoon",0,0,NA,NA
"7521",7521,"Coral/Algae","Deep Lagoon",0,0,NA,NA
"7522",7522,"Coral/Algae","Deep Lagoon",0,0,NA,NA
"7523",7523,"Coral/Algae","Deep Lagoon",0,0,NA,NA
"7524",7524,"Coral/Algae","Outer Reef Flat",0,0,NA,NA
"7525",7525,"Coral/Algae","Outer Reef Flat",0,0,NA,NA
"7526",7526,"Coral/Algae","Outer Reef Flat",0,0,NA,NA
"7527",7527,"Coral/Algae","Reef Crest",0,0,NA,NA
"7528",7528,"Coral/Algae","Reef Crest",0,0,NA,NA
"7529",7529,"Coral/Algae","Reef Crest",0,0,NA,NA
"7530",7530,"Coral/Algae","Outer Reef Flat",0,0,NA,NA
"7531",7531,"Coral/Algae","Outer Reef Flat",0,0,NA,NA
"7532",7532,"Coral/Algae","Outer Reef Flat",0,0,NA,NA
"7533",7533,"Rubble","Reef Slope",29.5804903406291,0,"Rubble",NA
"7534",7534,"Rubble","Reef Slope",29.5804903406291,0,"Rubble",NA
"7535",7535,"Rubble","Reef Slope",29.5804903406291,0,"Rubble",NA
"7536",7536,"Coral/Algae","Outer Reef Flat",0,0,NA,NA
"7537",7537,"Coral/Algae","Outer Reef Flat",0,0,NA,NA
"7538",7538,"Coral/Algae","Outer Reef Flat",0,0,NA,NA
"7539",7539,"Rock","Back Reef Slope",55.720166313683,0,"Rock",NA
"7540",7540,"Rock","Back Reef Slope",55.720166313683,0,"Rock",NA
"7541",7541,"Rock","Back Reef Slope",55.720166313683,0,"Rock",NA
"7542",7542,"Rock","Reef Slope",0,0,NA,NA
"7543",7543,"Rock","Reef Slope",0,0,NA,NA
"7544",7544,"Rock","Reef Slope",0,0,NA,NA
"7545",7545,"Rock","Reef Slope",0,0,NA,NA
"7546",7546,"Rock","Reef Slope",0,0,NA,NA
"7547",7547,NA,"Reef Slope",174.483807847128,0,NA,NA
"7548",7548,NA,"Reef Slope",174.483807847128,0,NA,NA
"7549",7549,NA,"Reef Slope",174.483807847128,0,NA,NA
"7550",7550,NA,"Reef Slope",174.483807847128,0,NA,NA
"7551",7551,NA,"Reef Slope",174.483807847128,0,NA,NA
"7552",7552,NA,"Reef Slope",174.483807847128,0,NA,NA
"7553",7553,"Rock","Reef Slope",92.2439994933533,0,"Rock",NA
"7554",7554,"Rock","Reef Slope",92.2439994933533,0,"Rock",NA
"7555",7555,"Rock","Reef Slope",92.2439994933533,0,"Rock",NA
"7556",7556,"Coral/Algae","Back Reef Slope",57.1465376029018,0,"Coral/Algae",NA
"7557",7557,"Coral/Algae","Back Reef Slope",57.1465376029018,0,"Coral/Algae",NA
"7558",7558,"Coral/Algae","Reef Slope",0,0,NA,NA
"7559",7559,"Coral/Algae","Reef Slope",0,0,NA,NA
"7560",7560,"Coral/Algae","Reef Slope",0,0,NA,NA
"7561",7561,NA,"Deep",137.04177186022,0,NA,NA
"7562",7562,NA,"Deep",137.04177186022,0,NA,NA
"7563",7563,"Rock","Deep",79.578152675726,0,"Rock",NA
"7564",7564,"Sand","Sheltered Reef Slope",0,0,NA,NA
"7565",7565,"Sand","Sheltered Reef Slope",0,0,NA,NA
"7566",7566,"Rock","Reef Slope",0,0,NA,NA
"7567",7567,"Rock","Reef Slope",0,0,NA,NA
"7568",7568,"Rock","Reef Slope",0,0,NA,NA
"7569",7569,"Rock","Reef Slope",0,0,NA,NA
"7570",7570,"Rock","Reef Slope",0,0,NA,NA
"7571",7571,"Rock","Reef Slope",36.5358798046474,0,"Rock",NA
"7572",7572,"Rock","Reef Slope",36.5358798046474,0,"Rock",NA
"7573",7573,"Rock","Reef Slope",36.5358798046474,0,"Rock",NA
"7574",7574,"Rock","Reef Slope",36.5358798046474,0,"Rock",NA
"7575",7575,"Rock","Reef Slope",36.5358798046474,0,"Rock",NA
"7576",7576,"Coral/Algae","Outer Reef Flat",0,0,NA,NA
"7577",7577,"Coral/Algae","Outer Reef Flat",0,0,NA,NA
"7578",7578,"Coral/Algae","Outer Reef Flat",0,0,NA,NA
"7579",7579,"Coral/Algae","Outer Reef Flat",0,0,NA,NA
"7580",7580,"Coral/Algae","Outer Reef Flat",0,0,NA,NA
"7581",7581,"Sand","Sheltered Reef Slope",64.1648450771776,0,"Sand",NA
"7582",7582,"Sand","Sheltered Reef Slope",64.1648450771776,0,"Sand",NA
"7583",7583,"Sand","Sheltered Reef Slope",64.1648450771776,0,"Sand",NA
"7584",7584,"Sand","Sheltered Reef Slope",64.1648450771776,0,"Sand",NA
"7585",7585,"Sand","Sheltered Reef Slope",64.1648450771776,0,"Sand",NA
"7586",7586,NA,"Sheltered Reef Slope",105.70341110529,0,NA,NA
"7587",7587,NA,"Sheltered Reef Slope",105.70341110529,0,NA,NA
"7588",7588,"Rock","Back Reef Slope",0,0,NA,NA
"7589",7589,"Rock","Reef Slope",46.5771990586111,0,"Rock",NA
"7590",7590,"Rock","Reef Slope",40.9904759081614,0,"Rock",NA
"7591",7591,"Rock","Reef Slope",40.9904759081614,0,"Rock",NA
"7592",7592,"Rock","Reef Slope",40.9904759081614,0,"Rock",NA
"7593",7593,"Rubble","Reef Slope",30.3233276792997,0,"Rubble",NA
"7594",7594,"Rubble","Reef Slope",30.3233276792997,0,"Rubble",NA
"7595",7595,"Rubble","Reef Slope",30.3233276792997,0,"Rubble",NA
"7596",7596,"Rubble","Reef Slope",30.3233276792997,0,"Rubble",NA
"7597",7597,"Sand","Sheltered Reef Slope",0,0,NA,NA
"7598",7598,"Sand","Sheltered Reef Slope",0,0,NA,NA
"7599",7599,"Sand","Sheltered Reef Slope",0,0,NA,NA
"7600",7600,"Sand","Sheltered Reef Slope",0,0,NA,NA
"7601",7601,"Coral/Algae","Reef Slope",0,0,NA,NA
"7602",7602,"Coral/Algae","Reef Slope",0,0,NA,NA
"7603",7603,"Coral/Algae","Reef Slope",0,0,NA,NA
"7604",7604,"Rock","Back Reef Slope",0,0,NA,NA
"7605",7605,"Rock","Back Reef Slope",0,0,NA,NA
"7606",7606,"Rock","Back Reef Slope",0,0,NA,NA
"7607",7607,"Rock","Back Reef Slope",0,0,NA,NA
"7608",7608,"Coral/Algae","Reef Slope",0,0,NA,NA
"7609",7609,"Coral/Algae","Reef Slope",0,0,NA,NA
"7610",7610,"Rock","Reef Slope",29.9741545902917,0,"Rock",NA
"7611",7611,"Sand","Back Reef Slope",0,0,NA,NA
"7612",7612,"Sand","Back Reef Slope",0,0,NA,NA
"7613",7613,"Sand","Sheltered Reef Slope",0,0,NA,NA
"7614",7614,"Sand","Sheltered Reef Slope",0,0,NA,NA
"7615",7615,"Rubble","Back Reef Slope",0,0,NA,NA
"7616",7616,"Rubble","Back Reef Slope",0,0,NA,NA
"7617",7617,"Coral/Algae","Back Reef Slope",0,0,NA,NA
"7618",7618,"Coral/Algae","Back Reef Slope",0,0,NA,NA
"7619",7619,"Sand","Sheltered Reef Slope",0,0,NA,NA
"7620",7620,"Sand","Sheltered Reef Slope",0,0,NA,NA
"7621",7621,"Sand","Inner Reef Flat",0,0,NA,NA
"7622",7622,"Sand","Inner Reef Flat",0,0,NA,NA
"7623",7623,"Sand","Deep Lagoon",0,0,NA,NA
"7624",7624,"Rock","Reef Slope",0,0,NA,NA
"7625",7625,"Sand","Back Reef Slope",0,0,NA,NA
"7626",7626,"Sand","Back Reef Slope",0,0,NA,NA
"7627",7627,"Sand","Reef Slope",0,0,NA,NA
"7628",7628,"Sand","Reef Slope",0,0,NA,NA
"7629",7629,"Sand","Reef Slope",0,0,NA,NA
"7630",7630,"Sand","Reef Slope",0,0,NA,NA
"7631",7631,"Sand","Back Reef Slope",0,0,NA,NA
"7632",7632,"Sand","Back Reef Slope",0,0,NA,NA
"7633",7633,"Sand","Back Reef Slope",0,0,NA,NA
"7634",7634,"Sand","Inner Reef Flat",0,0,NA,NA
"7635",7635,"Sand","Inner Reef Flat",0,0,NA,NA
"7636",7636,"Sand","Reef Slope",0,0,NA,NA
"7637",7637,"Sand","Reef Slope",0,0,NA,NA
"7638",7638,"Sand","Reef Slope",0,0,NA,NA
"7639",7639,"Sand","Deep Lagoon",0,0,NA,NA
"7640",7640,"Sand","Back Reef Slope",0,0,NA,NA
"7641",7641,"Sand","Sheltered Reef Slope",0,0,NA,NA
"7642",7642,"Sand","Shallow Lagoon",0,0,NA,NA
"7643",7643,"Sand","Shallow Lagoon",0,0,NA,NA
"7644",7644,"Sand","Back Reef Slope",0,0,NA,NA
"7645",7645,"Sand","Back Reef Slope",0,0,NA,NA
"7646",7646,"Rock","Back Reef Slope",65.6327392054384,0,"Rock",NA
"7647",7647,"Rock","Back Reef Slope",65.6327392054384,0,"Rock",NA
"7648",7648,NA,"Back Reef Slope",101.636730968904,0,NA,NA
"7649",7649,"Rock","Back Reef Slope",88.5219729456683,0,"Rock",NA
"7650",7650,"Rock","Back Reef Slope",88.5219729456683,0,"Rock",NA
"7651",7651,"Coral/Algae","Reef Slope",0,0,NA,NA
"7652",7652,"Coral/Algae","Reef Slope",0,0,NA,NA
"7653",7653,"Rock","Reef Slope",0,0,NA,NA
"7654",7654,"Coral/Algae","Reef Slope",53.1366097635238,0,"Coral/Algae",NA
"7655",7655,"Rock","Reef Slope",0,0,NA,NA
"7656",7656,"Rock","Reef Slope",0,0,NA,NA
"7657",7657,"Rock","Reef Slope",50.4953458117223,0,"Rock",NA
"7658",7658,"Rock","Reef Slope",50.4953458117223,0,"Rock",NA
"7659",7659,"Rubble","Back Reef Slope",0,0,NA,NA
"7660",7660,"Rubble","Back Reef Slope",0,0,NA,NA
"7661",7661,"Rubble","Back Reef Slope",0,0,NA,NA
"7662",7662,"Rubble","Reef Slope",58.1584486418046,0,"Rubble",NA
"7663",7663,"Rubble","Reef Slope",58.1584486418046,0,"Rubble",NA
"7664",7664,"Coral/Algae","Reef Slope",0,0,NA,NA
"7665",7665,"Coral/Algae","Reef Slope",0,0,NA,NA
"7666",7666,"Rubble","Reef Slope",0,0,NA,NA
"7667",7667,"Rubble","Reef Slope",0,0,NA,NA
"7668",7668,"Rubble","Reef Slope",0,0,NA,NA
"7669",7669,"Coral/Algae","Inner Reef Flat",0,0,NA,NA
"7670",7670,"Coral/Algae","Inner Reef Flat",0,0,NA,NA
"7671",7671,"Rubble","Reef Slope",65.2677192726577,0,"Rubble",NA
"7672",7672,"Rubble","Reef Slope",65.2677192726577,0,"Rubble",NA
"7673",7673,NA,"Back Reef Slope",275.717827042328,0,NA,NA
"7674",7674,"Coral/Algae","Back Reef Slope",0,0,NA,NA
"7675",7675,"Rock","Back Reef Slope",0,0,NA,NA
"7676",7676,"Sand","Back Reef Slope",0,0,NA,NA
"7677",7677,"Sand","Reef Slope",0,0,NA,NA
"7678",7678,"Sand","Reef Slope",0,0,NA,NA
"7679",7679,"Sand","Back Reef Slope",0,0,NA,NA
"7680",7680,"Sand","Back Reef Slope",0,0,NA,NA
"7681",7681,"Rock","Reef Slope",0,0,NA,NA
"7682",7682,"Rock","Reef Slope",0,0,NA,NA
"7683",7683,"Rock","Reef Slope",0,0,NA,NA
"7684",7684,"Coral/Algae","Outer Reef Flat",0,0,NA,NA
"7685",7685,"Coral/Algae","Outer Reef Flat",0,0,NA,NA
"7686",7686,"Coral/Algae","Inner Reef Flat",0,0,NA,NA
"7687",7687,"Coral/Algae","Inner Reef Flat",0,0,NA,NA
"7688",7688,"Coral/Algae","Inner Reef Flat",0,0,NA,NA
"7689",7689,"Rock","Reef Slope",48.5127144843703,0,"Rock",NA
"7690",7690,"Coral/Algae","Reef Slope",55.9782282141829,0,"Coral/Algae",NA
"7691",7691,"Coral/Algae","Reef Slope",55.9782282141829,0,"Coral/Algae",NA
"7692",7692,"Rock","Reef Slope",58.8387044870033,0,"Rock",NA
"7693",7693,NA,"Deep",275.583045530574,0,NA,NA
"7694",7694,"Rock","Reef Slope",50.9980164285286,0,"Rock",NA
"7695",7695,"Rock","Reef Slope",50.9980164285286,0,"Rock",NA
"7696",7696,NA,"Reef Slope",122.891000008261,0,NA,NA
"7697",7697,"Rock","Reef Slope",40.3214305879936,0,"Rock",NA
"7698",7698,"Rock","Reef Slope",43.3419037697468,0,"Rock",NA
"7699",7699,"Rock","Reef Slope",43.3419037697468,0,"Rock",NA
"7700",7700,"Rock","Reef Slope",0,0,NA,NA
"7701",7701,"Rock","Reef Slope",0,0,NA,NA
"7702",7702,"Rock","Reef Slope",64.1389359734819,0,"Rock",NA
"7703",7703,"Rock","Reef Slope",64.1389359734819,0,"Rock",NA
"7704",7704,"Rock","Reef Slope",64.1389359734819,0,"Rock",NA
"7705",7705,"Rock","Reef Slope",64.1389359734819,0,"Rock",NA
"7706",7706,"Coral/Algae","Reef Slope",83.2537916969783,0,"Coral/Algae",NA
"7707",7707,"Coral/Algae","Reef Slope",83.2537916969783,0,"Coral/Algae",NA
"7708",7708,"Coral/Algae","Reef Slope",83.2537916969783,0,"Coral/Algae",NA
"7709",7709,"Sand","Reef Slope",0,0,NA,NA
"7710",7710,"Sand","Reef Slope",0,0,NA,NA
"7711",7711,"Sand","Reef Slope",0,0,NA,NA
"7712",7712,"Rock","Reef Slope",38.6501912370291,0,"Rock",NA
"7713",7713,"Rock","Reef Slope",38.6501912370291,0,"Rock",NA
"7714",7714,"Rock","Reef Slope",38.6501912370291,0,"Rock",NA
"7715",7715,"Rock","Reef Slope",38.6501912370291,0,"Rock",NA
"7716",7716,"Rock","Reef Slope",0,0,NA,NA
"7717",7717,"Rock","Reef Slope",0,0,NA,NA
"7718",7718,"Rock","Reef Slope",0,0,NA,NA
"7719",7719,"Rock","Reef Slope",0,0,NA,NA
"7720",7720,"Coral/Algae","Reef Slope",0,0,NA,NA
"7721",7721,"Coral/Algae","Reef Slope",0,0,NA,NA
"7722",7722,"Coral/Algae","Reef Slope",0,0,NA,NA
"7723",7723,"Coral/Algae","Reef Slope",0,0,NA,NA
"7724",7724,"Coral/Algae","Reef Slope",0,0,NA,NA
"7725",7725,"Rubble","Back Reef Slope",0,0,NA,NA
"7726",7726,"Rubble","Back Reef Slope",0,0,NA,NA
"7727",7727,"Rubble","Back Reef Slope",0,0,NA,NA
"7728",7728,"Rubble","Back Reef Slope",0,0,NA,NA
"7729",7729,"Rubble","Back Reef Slope",0,0,NA,NA
"7730",7730,"Sand","Reef Slope",73.655826296709,0,"Sand",NA
"7731",7731,"Sand","Reef Slope",73.655826296709,0,"Sand",NA
"7732",7732,"Sand","Reef Slope",73.655826296709,0,"Sand",NA
"7733",7733,"Sand","Reef Slope",73.655826296709,0,"Sand",NA
"7734",7734,"Sand","Reef Slope",73.655826296709,0,"Sand",NA
"7735",7735,"Coral/Algae","Inner Reef Flat",0,0,NA,NA
"7736",7736,"Coral/Algae","Inner Reef Flat",0,0,NA,NA
"7737",7737,"Coral/Algae","Inner Reef Flat",0,0,NA,NA
"7738",7738,"Coral/Algae","Back Reef Slope",32.4714807891703,0,"Coral/Algae",NA
"7739",7739,"Rock","Reef Slope",0,0,NA,NA
"7740",7740,"Sand","Back Reef Slope",0,0,NA,NA
"7741",7741,"Sand","Back Reef Slope",0,0,NA,NA
"7742",7742,"Rock","Reef Slope",0,0,NA,NA
"7743",7743,"Rock","Reef Slope",0,0,NA,NA
"7744",7744,"Rock","Back Reef Slope",0,0,NA,NA
"7745",7745,"Rock","Back Reef Slope",0,0,NA,NA
"7746",7746,"Rock","Reef Slope",40.0401184158204,0,"Rock",NA
"7747",7747,"Rock","Reef Slope",0,0,NA,NA
"7748",7748,NA,NA,8845.26959243747,8814.31706615545,NA,NA
"7749",7749,NA,NA,8845.26959243747,8814.31706615545,NA,NA
"7750",7750,NA,NA,8663.50296666036,8642.99759343573,NA,NA
"7751",7751,NA,NA,8515.94662836601,8483.07335851244,NA,NA
"7752",7752,NA,NA,8515.94662836601,8483.07335851244,NA,NA
"7753",7753,NA,NA,8515.94662836601,8483.07335851244,NA,NA
"7754",7754,NA,NA,7923.81070564866,7891.58903698842,NA,NA
"7755",7755,NA,NA,7923.81070564866,7891.58903698842,NA,NA
"7756",7756,NA,NA,7869.22581139572,7853.79138031132,NA,NA
"7757",7757,NA,NA,7869.22581139572,7853.79138031132,NA,NA
"7758",7758,NA,NA,7660.77959863766,7636.68779881607,NA,NA
"7759",7759,NA,NA,7660.77959863766,7636.68779881607,NA,NA
"7760",7760,NA,NA,7660.77959863766,7636.68779881607,NA,NA
"7761",7761,NA,NA,8394.97418648218,8379.69925701877,NA,NA
"7762",7762,NA,NA,304405.464322723,304381.123046909,NA,NA
"7763",7763,NA,NA,306492.339019332,306471.812810101,NA,NA
"7764",7764,NA,NA,306602.970635327,306582.558332896,NA,NA
"7765",7765,NA,NA,306649.594044492,306629.327243639,NA,NA
"7766",7766,NA,NA,306347.295171614,306323.360203299,NA,NA
"7767",7767,NA,NA,283423.952992956,283400.881676831,NA,NA
"7768",7768,NA,NA,283423.952992956,283400.881676831,NA,NA
"7769",7769,NA,NA,282506.546572581,282483.55917598,NA,NA
"7770",7770,NA,NA,282506.546572581,282483.55917598,NA,NA
"7771",7771,NA,NA,302298.219379901,302294.065079017,NA,NA
"7772",7772,NA,NA,302298.219379901,302294.065079017,NA,NA
"7773",7773,NA,NA,302563.11125903,302559.464208551,NA,NA
"7774",7774,NA,NA,302563.11125903,302559.464208551,NA,NA
"7775",7775,NA,NA,302499.435302797,302494.648068473,NA,NA
"7776",7776,NA,NA,302499.435302797,302494.648068473,NA,NA
"7777",7777,NA,NA,302369.013699302,302363.680928823,NA,NA
"7778",7778,NA,NA,302369.013699302,302363.680928823,NA,NA
"7779",7779,NA,NA,302228.330694142,302222.439165154,NA,NA
"7780",7780,NA,NA,301910.869497536,301904.467719362,NA,NA
"7781",7781,NA,NA,302110.454567779,302104.016679866,NA,NA
"7782",7782,NA,NA,302695.779208779,302692.676642175,NA,NA
"7783",7783,NA,NA,302111.548583294,302106.861101888,NA,NA
"7784",7784,NA,NA,302111.548583294,302106.861101888,NA,NA
"7785",7785,NA,NA,303271.926567152,303268.103103601,NA,NA
"7786",7786,NA,NA,302939.388989351,302935.957254064,NA,NA
"7787",7787,NA,NA,303412.917576702,303407.048188778,NA,NA
"7788",7788,NA,NA,303544.823282982,303539.106440384,NA,NA
"7789",7789,NA,NA,303651.943927056,303646.909379953,NA,NA
"7790",7790,NA,NA,303749.743391167,303745.188779326,NA,NA
"7791",7791,NA,NA,301980.993145761,301975.759475173,NA,NA
"7792",7792,NA,NA,301980.993145761,301975.759475173,NA,NA
"7793",7793,NA,NA,303936.311835565,303932.438786348,NA,NA
"7794",7794,NA,NA,303605.570062292,303601.090656063,NA,NA
"7795",7795,NA,NA,303474.254684835,303469.345484575,NA,NA
"7796",7796,NA,NA,303297.054238802,303292.156818129,NA,NA
"7797",7797,NA,NA,303327.836888493,303321.47411661,NA,NA
"7798",7798,NA,NA,303300.324057724,303293.291393954,NA,NA
"7799",7799,NA,NA,303479.403678967,303472.171088721,NA,NA
"7800",7800,NA,NA,303806.464400947,303799.790863866,NA,NA
"7801",7801,NA,NA,303956.965297249,303950.873297593,NA,NA
"7802",7802,NA,NA,301851.166484895,301845.386168067,NA,NA
"7803",7803,NA,NA,303864.163911544,303858.752126414,NA,NA
"7804",7804,NA,NA,303757.323505423,303751.280235454,NA,NA
"7805",7805,NA,NA,301722.165723483,301715.82560759,NA,NA
"7806",7806,NA,NA,302311.024755539,302306.287389393,NA,NA
"7807",7807,NA,NA,302311.024755539,302306.287389393,NA,NA
"7808",7808,NA,NA,302169.528338987,302164.232371869,NA,NA
"7809",7809,NA,NA,302169.528338987,302164.232371869,NA,NA
"7810",7810,NA,NA,302039.785195779,302033.942895089,NA,NA
"7811",7811,NA,NA,302039.785195779,302033.942895089,NA,NA
"7812",7812,NA,NA,302486.557948581,302482.35341679,NA,NA
"7813",7813,NA,NA,301521.84010419,301515.637869644,NA,NA
"7814",7814,NA,NA,301314.110608269,301307.563122892,NA,NA
"7815",7815,NA,NA,301184.743968181,301177.788041379,NA,NA
"7816",7816,NA,NA,301684.777977869,301679.047186956,NA,NA
"7817",7817,NA,NA,301857.56823309,301852.701980947,NA,NA
"7818",7818,NA,NA,301296.366178524,301290.785073551,NA,NA
"7819",7819,NA,NA,301431.419691779,301425.48359297,NA,NA
"7820",7820,NA,NA,301723.441463029,301718.93019202,NA,NA
"7821",7821,NA,NA,300891.100689047,300887.681717357,NA,NA
"7822",7822,NA,NA,300692.231693428,300688.379445729,NA,NA
"7823",7823,NA,NA,301267.910505884,301264.097200401,NA,NA
"7824",7824,NA,NA,301732.752382378,301729.079353729,NA,NA
"7825",7825,NA,NA,301546.06147868,301541.62582835,NA,NA
"7826",7826,NA,NA,301932.534012775,301928.531150757,NA,NA
"7827",7827,NA,NA,302064.799262844,302061.240670215,NA,NA
"7828",7828,NA,NA,301669.793827267,301668.305684633,NA,NA
"7829",7829,NA,NA,305218.967830721,305209.707094666,NA,NA
"7830",7830,NA,NA,305250.552304754,305242.092007358,NA,NA
"7831",7831,NA,NA,305589.39528386,305580.20886027,NA,NA
"7832",7832,NA,NA,293506.182307565,293503.064318766,NA,NA
"7833",7833,NA,NA,294143.295066295,294142.29947787,NA,NA
"7834",7834,NA,NA,293152.572224402,293150.095017377,NA,NA
"7835",7835,NA,NA,292819.799557304,292816.826284138,NA,NA
"7836",7836,NA,NA,293417.808905758,293414.991331701,NA,NA
"7837",7837,NA,NA,293407.626868189,293405.344678418,NA,NA
"7838",7838,NA,NA,293718.202338209,293716.140662205,NA,NA
"7839",7839,NA,NA,294018.722418386,294017.128438223,NA,NA
"7840",7840,NA,NA,293464.282964325,293462.457482151,NA,NA
"7841",7841,NA,NA,293853.182281122,293851.719724604,NA,NA
"7842",7842,NA,NA,293709.886174987,293708.568074328,NA,NA
"7843",7843,NA,NA,293989.088214981,293988.237263419,NA,NA
"7844",7844,NA,NA,290692.703365703,290692.343043672,NA,NA
"7845",7845,NA,NA,290589.50648473,290588.567179446,NA,NA
"7846",7846,NA,NA,279991.581462521,279989.474752192,NA,NA
"7847",7847,NA,NA,279785.568161674,279784.098427034,NA,NA
"7848",7848,NA,NA,280240.918340467,280240.519505145,NA,NA
"7849",7849,NA,NA,280363.20894442,280362.962676411,NA,NA
"7850",7850,NA,NA,280544.436847691,280544.436847691,NA,NA
"7851",7851,NA,NA,280680.556693083,280679.706401516,NA,NA
"7852",7852,NA,NA,280078.369110625,280078.36622341,NA,NA
"7853",7853,NA,NA,279870.836531535,279870.832889561,NA,NA
"7854",7854,NA,NA,235310.366468152,235290.559979072,NA,NA
"7855",7855,NA,NA,234679.376747424,234659.669183,NA,NA
"7856",7856,NA,NA,234679.376747424,234659.669183,NA,NA
"7857",7857,NA,NA,234693.740831518,234674.819810721,NA,NA
"7858",7858,NA,NA,235233.448858004,235214.141713699,NA,NA
"7859",7859,NA,NA,235233.448858004,235214.141713699,NA,NA
"7860",7860,NA,NA,235404.98917532,235385.523728102,NA,NA
"7861",7861,NA,NA,235543.278368321,235523.555019338,NA,NA
"7862",7862,NA,NA,58433.7570063171,58163.8883318653,NA,NA
"7863",7863,NA,NA,58332.2265403906,58014.6619539452,NA,NA
"7864",7864,NA,NA,53017.6425122416,52665.3639541379,NA,NA
"7865",7865,NA,NA,54341.6584445848,54004.7815962492,NA,NA
"7866",7866,NA,NA,13185.8772677991,13141.4521064138,NA,NA
"7867",7867,NA,NA,12678.4770305487,12632.7590617822,NA,NA
"7868",7868,NA,NA,10532.3855551194,10531.7851533533,NA,NA
"7869",7869,"Rock","Reef Slope",0,0,NA,NA
"7870",7870,"Coral/Algae","Inner Reef Flat",0,0,NA,NA
"7871",7871,"Coral/Algae","Deep Lagoon",0,0,NA,NA
"7872",7872,"Coral/Algae","Deep Lagoon",0,0,NA,NA
"7873",7873,"Rock","Reef Slope",0,0,NA,NA
"7874",7874,"Rock","Back Reef Slope",0,0,NA,NA
"7875",7875,"Coral/Algae","Outer Reef Flat",0,0,NA,NA
"7876",7876,"Coral/Algae","Outer Reef Flat",0,0,NA,NA
"7877",7877,"Coral/Algae","Back Reef Slope",0,0,NA,NA
"7878",7878,"Coral/Algae","Outer Reef Flat",0,0,NA,NA
"7879",7879,"Coral/Algae","Outer Reef Flat",0,0,NA,NA
"7880",7880,"Coral/Algae","Outer Reef Flat",0,0,NA,NA
"7881",7881,"Coral/Algae","Deep Lagoon",0,0,NA,NA
"7882",7882,"Rock","Outer Reef Flat",0,0,NA,NA
"7883",7883,"Rock","Back Reef Slope",0,0,NA,NA
"7884",7884,"Rock","Back Reef Slope",0,0,NA,NA
"7885",7885,"Coral/Algae","Deep Lagoon",0,0,NA,NA
"7886",7886,"Coral/Algae","Inner Reef Flat",0,0,NA,NA
"7887",7887,"Coral/Algae","Deep Lagoon",0,0,NA,NA
"7888",7888,"Coral/Algae","Deep Lagoon",30.8716009083557,0,"Coral/Algae",NA
"7889",7889,"Rubble","Deep Lagoon",0,0,NA,NA
"7890",7890,"Coral/Algae","Deep Lagoon",0,0,NA,NA
"7891",7891,"Coral/Algae","Inner Reef Flat",0,0,NA,NA
"7892",7892,"Sand","Deep Lagoon",0,0,NA,NA
"7893",7893,"Rock","Reef Crest",0,0,NA,NA
"7894",7894,"Coral/Algae","Deep Lagoon",0,0,NA,NA
"7895",7895,"Rock","Back Reef Slope",0,0,NA,NA
"7896",7896,"Rock","Deep Lagoon",0,0,NA,NA
"7897",7897,"Sand","Deep Lagoon",0,0,NA,NA
"7898",7898,"Coral/Algae","Deep Lagoon",0,0,NA,NA
"7899",7899,"Sand","Inner Reef Flat",0,0,NA,NA
"7900",7900,"Rock","Outer Reef Flat",0,0,NA,NA
"7901",7901,"Sand","Back Reef Slope",0,0,NA,NA
"7902",7902,"Sand","Back Reef Slope",0,0,NA,NA
"7903",7903,"Sand","Back Reef Slope",0,0,NA,NA
"7904",7904,"Coral/Algae","Sheltered Reef Slope",0,0,NA,NA
"7905",7905,"Rock","Sheltered Reef Slope",49.3815168563542,0,"Rock",NA
"7906",7906,"Rock","Sheltered Reef Slope",46.475115309676,0,"Rock",NA
"7907",7907,"Rock","Reef Slope",33.5696748529237,0,"Rock",NA
"7908",7908,"Coral/Algae","Reef Slope",0,0,NA,NA
"7909",7909,"Rock","Reef Slope",0,0,NA,NA
"7910",7910,"Rock","Reef Slope",26.3504369120527,0,"Rock",NA
"7911",7911,"Rock","Reef Slope",42.030666406878,0,"Rock",NA
"7912",7912,"Rock","Reef Slope",0,0,NA,NA
"7913",7913,"Coral/Algae","Reef Crest",0,0,NA,NA
"7914",7914,"Rock","Back Reef Slope",0,0,NA,NA
"7915",7915,"Sand","Deep Lagoon",0,0,NA,NA
"7916",7916,"Sand","Deep Lagoon",0,0,NA,NA
"7917",7917,"Rock","Sheltered Reef Slope",0,0,NA,NA
"7918",7918,"Rock","Sheltered Reef Slope",0,0,NA,NA
"7919",7919,"Rubble","Sheltered Reef Slope",0,0,NA,NA
"7920",7920,"Rubble","Sheltered Reef Slope",0,0,NA,NA
"7921",7921,"Sand","Deep Lagoon",0,0,NA,NA
"7922",7922,"Sand","Deep Lagoon",0,0,NA,NA
"7923",7923,"Sand","Deep Lagoon",0,0,NA,NA
"7924",7924,"Sand","Back Reef Slope",73.3404510779848,0,"Sand",NA
"7925",7925,"Rock","Back Reef Slope",50.5129934629841,34.8380221820441,"Rock","Back Reef Slope"
"7926",7926,"Coral/Algae","Back Reef Slope",0,0,NA,NA
"7927",7927,"Rubble","Sheltered Reef Slope",0,0,NA,NA
"7928",7928,"Coral/Algae","Sheltered Reef Slope",0,0,NA,NA
"7929",7929,"Sand","Deep Lagoon",0,0,NA,NA
"7930",7930,"Rubble","Sheltered Reef Slope",0,0,NA,NA
"7931",7931,"Rock","Sheltered Reef Slope",0,0,NA,NA
"7932",7932,"Rock","Sheltered Reef Slope",0,0,NA,NA
"7933",7933,"Coral/Algae","Reef Slope",0,0,NA,NA
"7934",7934,"Coral/Algae","Reef Slope",0,0,NA,NA
"7935",7935,"Rock","Reef Slope",0,0,NA,NA
"7936",7936,"Rock","Reef Slope",0,0,NA,NA
"7937",7937,"Rubble","Reef Slope",0,0,NA,NA
"7938",7938,"Coral/Algae","Sheltered Reef Slope",0,0,NA,NA
"7939",7939,"Rock","Back Reef Slope",0,0,NA,NA
"7940",7940,"Rock","Sheltered Reef Slope",0,0,NA,NA
"7941",7941,NA,NA,5311.63662642834,5202.20086012623,NA,NA
"7942",7942,NA,NA,5311.63662642834,5202.20086012623,NA,NA
"7943",7943,"Rock","Reef Slope",0,0,NA,NA
"7944",7944,"Rock","Reef Slope",0,0,NA,NA
"7945",7945,"Coral/Algae","Deep",33.3031434747629,0,"Coral/Algae",NA
"7946",7946,"Rock","Sheltered Reef Slope",0,0,NA,NA
"7947",7947,"Sand","Sheltered Reef Slope",67.7728780644509,0,"Sand",NA
"7948",7948,NA,"Back Reef Slope",123.958757787382,77.3062302717731,NA,"Back Reef Slope"
"7949",7949,"Coral/Algae","Sheltered Reef Slope",0,0,NA,NA
"7950",7950,"Rock","Sheltered Reef Slope",65.9537162359319,0,"Rock",NA
"7951",7951,"Rock","Sheltered Reef Slope",65.9537162359319,0,"Rock",NA
"7952",7952,"Rock","Sheltered Reef Slope",0,0,NA,NA
"7953",7953,"Rock","Reef Slope",26.9086707815434,0,"Rock",NA
"7954",7954,"Rock","Sheltered Reef Slope",0,0,NA,NA
"7955",7955,"Rock","Sheltered Reef Slope",0,0,NA,NA
"7956",7956,"Coral/Algae","Reef Slope",0,0,NA,NA
"7957",7957,"Rubble","Sheltered Reef Slope",0,0,NA,NA
"7958",7958,"Coral/Algae","Sheltered Reef Slope",0,0,NA,NA
"7959",7959,"Coral/Algae","Reef Crest",0,0,NA,NA
"7960",7960,NA,"Deep",106.591374187834,0,NA,NA
"7961",7961,"Rubble","Back Reef Slope",77.6994846099012,77.6994846099012,"Rubble","Back Reef Slope"
"7962",7962,"Coral/Algae","Back Reef Slope",0,0,NA,NA
"7963",7963,"Sand","Sheltered Reef Slope",60.326163069357,0,"Sand",NA
"7964",7964,"Rubble","Reef Slope",0,0,NA,NA
"7965",7965,"Rubble","Plateau",0,0,NA,NA
"7966",7966,"Rubble","Back Reef Slope",0,0,NA,NA
"7967",7967,"Rubble","Sheltered Reef Slope",68.4002830702021,0,"Rubble",NA
"7968",7968,"Rock","Sheltered Reef Slope",0,0,NA,NA
"7969",7969,"Coral/Algae","Back Reef Slope",85.0016123608061,36.0776835472947,"Coral/Algae","Back Reef Slope"
"7970",7970,"Coral/Algae","Back Reef Slope",59.4075359728503,0,"Coral/Algae",NA
"7971",7971,"Sand","Back Reef Slope",66.3243142370776,0,"Sand",NA
"7972",7972,"Coral/Algae","Sheltered Reef Slope",0,0,NA,NA
"7973",7973,NA,NA,716.665599545061,680.809601370993,NA,NA
"7974",7974,"Coral/Algae","Outer Reef Flat",0,0,NA,NA
"7975",7975,"Coral/Algae","Inner Reef Flat",0,0,NA,NA
"7976",7976,"Coral/Algae","Sheltered Reef Slope",51.8735776551203,44.0324669398082,"Coral/Algae","Sheltered Reef Slope"
"7977",7977,"Coral/Algae","Sheltered Reef Slope",51.8735776551203,44.0324669398082,"Coral/Algae","Sheltered Reef Slope"
"7978",7978,"Rock","Outer Reef Flat",0,0,NA,NA
"7979",7979,"Rock","Outer Reef Flat",0,0,NA,NA
"7980",7980,"Rock","Back Reef Slope",96.2321923033025,0,"Rock",NA
"7981",7981,"Rock","Sheltered Reef Slope",40.0942297063142,0,"Rock",NA
"7982",7982,"Rock","Reef Slope",0,0,NA,NA
"7983",7983,"Rock","Reef Slope",0,0,NA,NA
"7984",7984,"Rubble","Reef Slope",0,0,NA,NA
"7985",7985,"Rubble","Reef Slope",0,0,NA,NA
"7986",7986,"Rock","Back Reef Slope",0,0,NA,NA
"7987",7987,"Rock","Sheltered Reef Slope",0,0,NA,NA
"7988",7988,"Rock","Sheltered Reef Slope",0,0,NA,NA
"7989",7989,"Rock","Reef Slope",55.1808058699995,55.1808058699995,"Rock","Reef Slope"
"7990",7990,"Rock","Reef Slope",55.1808058699995,55.1808058699995,"Rock","Reef Slope"
"7991",7991,"Coral/Algae","Sheltered Reef Slope",0,0,NA,NA
"7992",7992,"Rock","Sheltered Reef Slope",0,0,NA,NA
"7993",7993,"Rock","Back Reef Slope",88.5986900255247,0,"Rock",NA
"7994",7994,"Rock","Back Reef Slope",88.5986900255247,0,"Rock",NA
"7995",7995,"Rock","Reef Crest",0,0,NA,NA
"7996",7996,"Rock","Sheltered Reef Slope",53.5796186589582,0,"Rock",NA
"7997",7997,"Coral/Algae","Reef Crest",0,0,NA,NA
"7998",7998,"Sand","Back Reef Slope",0,0,NA,NA
"7999",7999,"Sand","Back Reef Slope",0,0,NA,NA
"8000",8000,"Rock","Reef Slope",47.9918556966873,0,"Rock",NA
"8001",8001,"Rock","Sheltered Reef Slope",0,0,NA,NA
"8002",8002,"Rock","Sheltered Reef Slope",0,0,NA,NA
"8003",8003,"Coral/Algae","Sheltered Reef Slope",0,0,NA,NA
"8004",8004,"Sand","Back Reef Slope",0,0,NA,NA
"8005",8005,"Coral/Algae","Inner Reef Flat",0,0,NA,NA
"8006",8006,"Sand","Back Reef Slope",0,0,NA,NA
"8007",8007,"Rubble","Back Reef Slope",0,0,NA,NA
"8008",8008,"Coral/Algae","Outer Reef Flat",0,0,NA,NA
"8009",8009,"Coral/Algae","Sheltered Reef Slope",0,0,NA,NA
"8010",8010,"Rock","Sheltered Reef Slope",0,0,NA,NA
"8011",8011,"Rock","Sheltered Reef Slope",0,0,NA,NA
"8012",8012,"Rock","Back Reef Slope",0,0,NA,NA
"8013",8013,"Sand","Back Reef Slope",0,0,NA,NA
"8014",8014,"Coral/Algae","Sheltered Reef Slope",41.2721107407036,0,"Coral/Algae",NA
"8015",8015,"Rubble","Back Reef Slope",0,0,NA,NA
"8016",8016,"Rubble","Sheltered Reef Slope",0,0,NA,NA
"8017",8017,"Rubble","Sheltered Reef Slope",0,0,NA,NA
"8018",8018,"Rock","Reef Crest",0,0,NA,NA
"8019",8019,"Rock","Sheltered Reef Slope",0,0,NA,NA
"8020",8020,"Rock","Sheltered Reef Slope",0,0,NA,NA
"8021",8021,"Rubble","Sheltered Reef Slope",0,0,NA,NA
"8022",8022,"Rubble","Sheltered Reef Slope",0,0,NA,NA
"8023",8023,"Coral/Algae","Outer Reef Flat",0,0,NA,NA
"8024",8024,"Coral/Algae","Outer Reef Flat",0,0,NA,NA
"8025",8025,"Coral/Algae","Outer Reef Flat",0,0,NA,NA
"8026",8026,"Coral/Algae","Sheltered Reef Slope",0,0,NA,NA
"8027",8027,"Coral/Algae","Sheltered Reef Slope",0,0,NA,NA
"8028",8028,"Rock","Sheltered Reef Slope",0,0,NA,NA
"8029",8029,"Rock","Sheltered Reef Slope",0,0,NA,NA
"8030",8030,"Rock","Sheltered Reef Slope",0,0,NA,NA
"8031",8031,"Rock","Sheltered Reef Slope",0,0,NA,NA
"8032",8032,"Rock","Reef Crest",0,0,NA,NA
"8033",8033,"Rock","Reef Crest",0,0,NA,NA
"8034",8034,"Rock","Reef Crest",0,0,NA,NA
"8035",8035,"Rock","Reef Crest",0,0,NA,NA
"8036",8036,"Coral/Algae","Sheltered Reef Slope",0,0,NA,NA
"8037",8037,"Coral/Algae","Sheltered Reef Slope",0,0,NA,NA
"8038",8038,"Rubble","Sheltered Reef Slope",0,0,NA,NA
"8039",8039,"Rubble","Sheltered Reef Slope",0,0,NA,NA
"8040",8040,"Sand","Sheltered Reef Slope",0,0,NA,NA
"8041",8041,"Sand","Sheltered Reef Slope",0,0,NA,NA
"8042",8042,"Rock","Sheltered Reef Slope",0,0,NA,NA
"8043",8043,"Rock","Sheltered Reef Slope",0,0,NA,NA
"8044",8044,"Sand","Outer Reef Flat",0,0,NA,NA
"8045",8045,"Sand","Back Reef Slope",86.1107369245761,40.6648565020506,"Sand","Back Reef Slope"
"8046",8046,"Sand","Back Reef Slope",86.1107369245761,40.6648565020506,"Sand","Back Reef Slope"
"8047",8047,"Rock","Back Reef Slope",60.8020517698242,60.8020517698242,"Rock","Back Reef Slope"
"8048",8048,"Rock","Back Reef Slope",60.8020517698242,60.8020517698242,"Rock","Back Reef Slope"
"8049",8049,"Rock","Plateau",0,0,NA,NA
"8050",8050,"Coral/Algae","Outer Reef Flat",0,0,NA,NA
"8051",8051,"Coral/Algae","Outer Reef Flat",0,0,NA,NA
"8052",8052,"Rock","Outer Reef Flat",0,0,NA,NA
"8053",8053,"Rock","Outer Reef Flat",0,0,NA,NA
"8054",8054,"Rock","Outer Reef Flat",77.5396406615795,47.3220225809011,"Rock","Outer Reef Flat"
"8055",8055,"Rock","Outer Reef Flat",80.9962625956093,31.0473812667793,"Rock","Outer Reef Flat"
"8056",8056,"Rock","Outer Reef Flat",0,0,NA,NA
"8057",8057,"Rock","Outer Reef Flat",0,0,NA,NA
"8058",8058,"Rock","Outer Reef Flat",0,0,NA,NA
"8059",8059,"Rock","Outer Reef Flat",0,0,NA,NA
"8060",8060,"Rock","Outer Reef Flat",0,0,NA,NA
"8061",8061,"Rock","Outer Reef Flat",0,0,NA,NA
"8062",8062,"Rock","Reef Crest",0,0,NA,NA
"8063",8063,"Rock","Reef Slope",0,0,NA,NA
"8064",8064,"Rock","Reef Slope",0,0,NA,NA
"8065",8065,"Rubble","Back Reef Slope",39.8966752455313,0,"Rubble",NA
"8066",8066,"Coral/Algae","Back Reef Slope",0,0,NA,NA
"8067",8067,"Rock","Reef Slope",0,0,NA,NA
"8068",8068,"Coral/Algae","Reef Slope",77.2832932863844,77.2832932863844,"Coral/Algae","Reef Slope"
"8069",8069,"Coral/Algae","Reef Slope",77.2832932863844,77.2832932863844,"Coral/Algae","Reef Slope"
"8070",8070,"Rock","Sheltered Reef Slope",72.5468554877159,72.5468554877159,"Rock","Sheltered Reef Slope"
"8071",8071,"Rock","Sheltered Reef Slope",44.8650133187322,44.8650133187322,"Rock","Sheltered Reef Slope"
"8072",8072,"Rock","Reef Slope",0,0,NA,NA
"8073",8073,"Rock","Reef Slope",0,0,NA,NA
"8074",8074,"Rock","Back Reef Slope",49.6778202031718,0,"Rock",NA
"8075",8075,"Rock","Outer Reef Flat",0,0,NA,NA
"8076",8076,"Rock","Outer Reef Flat",0,0,NA,NA
"8077",8077,"Rock","Outer Reef Flat",0,0,NA,NA
"8078",8078,"Rock","Outer Reef Flat",0,0,NA,NA
"8079",8079,"Rock","Outer Reef Flat",0,0,NA,NA
"8080",8080,"Rock","Back Reef Slope",66.7491605777149,38.7399571823655,"Rock","Back Reef Slope"
"8081",8081,"Rock","Reef Slope",49.0154005351729,0,"Rock",NA
"8082",8082,"Rock","Reef Slope",49.0154005351729,0,"Rock",NA
"8083",8083,"Rock","Outer Reef Flat",0,0,NA,NA
"8084",8084,"Rock","Outer Reef Flat",0,0,NA,NA
"8085",8085,"Rock","Outer Reef Flat",0,0,NA,NA
"8086",8086,"Rock","Outer Reef Flat",0,0,NA,NA
"8087",8087,"Coral/Algae","Reef Slope",49.8995230568197,41.0969696042341,"Coral/Algae","Reef Slope"
"8088",8088,"Coral/Algae","Reef Slope",49.8995230568197,41.0969696042341,"Coral/Algae","Reef Slope"
"8089",8089,"Rock","Reef Slope",0,0,NA,NA
"8090",8090,"Rock","Reef Slope",0,0,NA,NA
"8091",8091,"Rock","Reef Slope",0,0,NA,NA
"8092",8092,"Rock","Reef Slope",0,0,NA,NA
"8093",8093,"Rock","Back Reef Slope",0,0,NA,NA
"8094",8094,"Rock","Back Reef Slope",0,0,NA,NA
"8095",8095,"Rubble","Back Reef Slope",0,0,NA,NA
"8096",8096,"Rock","Back Reef Slope",0,0,NA,NA
"8097",8097,"Coral/Algae","Back Reef Slope",0,0,NA,NA
"8098",8098,"Sand","Back Reef Slope",0,0,NA,NA
"8099",8099,NA,NA,16240.4884547216,15800.1266320492,NA,NA
"8100",8100,NA,NA,16240.4884547216,15800.1266320492,NA,NA
"8101",8101,NA,NA,16426.5688305583,16014.99942546,NA,NA
"8102",8102,NA,NA,16426.5688305583,16014.99942546,NA,NA
"8103",8103,NA,NA,16426.5688305583,16014.99942546,NA,NA
"8104",8104,NA,NA,16093.357319744,15700.7405538296,NA,NA
"8105",8105,NA,NA,16093.357319744,15700.7405538296,NA,NA
"8106",8106,NA,NA,16093.357319744,15700.7405538296,NA,NA
"8107",8107,NA,NA,16093.357319744,15700.7405538296,NA,NA
"8108",8108,NA,NA,16093.357319744,15700.7405538296,NA,NA
"8109",8109,NA,NA,15981.0988201161,15624.4655156072,NA,NA
"8110",8110,NA,NA,15981.0988201161,15624.4655156072,NA,NA
"8111",8111,NA,NA,15981.0988201161,15624.4655156072,NA,NA
"8112",8112,NA,NA,16330.9649004452,15935.0535470313,NA,NA
"8113",8113,NA,NA,16330.9649004452,15935.0535470313,NA,NA
"8114",8114,NA,NA,16571.2463772059,16148.9944964108,NA,NA
"8115",8115,NA,NA,16571.2463772059,16148.9944964108,NA,NA
"8116",8116,NA,NA,16571.2463772059,16148.9944964108,NA,NA
"8117",8117,NA,NA,16571.2463772059,16148.9944964108,NA,NA
"8118",8118,NA,NA,16412.2363259664,16013.2900563724,NA,NA
"8119",8119,NA,NA,16412.2363259664,16013.2900563724,NA,NA
"8120",8120,NA,NA,16412.2363259664,16013.2900563724,NA,NA
"8121",8121,NA,NA,16412.2363259664,16013.2900563724,NA,NA
"8122",8122,NA,NA,15976.4342184703,15594.094838322,NA,NA
"8123",8123,NA,NA,15976.4342184703,15594.094838322,NA,NA
"8124",8124,NA,NA,15332.2277852265,14939.5014480541,NA,NA
"8125",8125,NA,NA,14769.5285767514,14272.1925196795,NA,NA
"8126",8126,NA,NA,14769.5285767514,14272.1925196795,NA,NA
"8127",8127,NA,NA,15277.1532121278,14785.0865146623,NA,NA
"8128",8128,NA,NA,15277.1532121278,14785.0865146623,NA,NA
"8129",8129,NA,NA,15609.0205843885,15280.205390849,NA,NA
"8130",8130,NA,NA,15609.0205843885,15280.205390849,NA,NA
"8131",8131,"Sand","Back Reef Slope",0,0,NA,NA
"8132",8132,"Sand","Back Reef Slope",0,0,NA,NA
"8133",8133,"Coral/Algae","Reef Slope",0,0,NA,NA
"8134",8134,"Coral/Algae","Reef Slope",0,0,NA,NA
"8135",8135,"Rock","Back Reef Slope",0,0,NA,NA
"8136",8136,"Rock","Back Reef Slope",0,0,NA,NA
"8137",8137,"Coral/Algae","Outer Reef Flat",0,0,NA,NA
"8138",8138,"Coral/Algae","Outer Reef Flat",0,0,NA,NA
"8139",8139,NA,"Deep",487.210928232668,88.2498097738657,NA,"Deep"
"8140",8140,NA,"Deep",487.210928232668,88.2498097738657,NA,"Deep"
"8141",8141,NA,"Back Reef Slope",181.460700809919,89.9047853796695,NA,"Back Reef Slope"
"8142",8142,"Coral/Algae","Outer Reef Flat",0,0,NA,NA
"8143",8143,"Rock","Reef Slope",62.980892743671,0,"Rock",NA
"8144",8144,"Coral/Algae","Back Reef Slope",35.3984329288957,0,"Coral/Algae",NA
"8145",8145,"Rock","Outer Reef Flat",0,0,NA,NA
"8146",8146,"Coral/Algae","Outer Reef Flat",0,0,NA,NA
"8147",8147,"Rock","Reef Crest",0,0,NA,NA
"8148",8148,"Rock","Deep",28.8759943161236,0,"Rock",NA
"8149",8149,"Rock","Reef Crest",0,0,NA,NA
"8150",8150,"Rock","Reef Crest",0,0,NA,NA
"8151",8151,"Coral/Algae","Back Reef Slope",45.9623123534025,0,"Coral/Algae",NA
"8152",8152,"Rock","Reef Slope",0,0,NA,NA
"8153",8153,"Rock","Reef Slope",0,0,NA,NA
"8154",8154,"Rock","Reef Slope",66.0637652164714,0,"Rock",NA
"8155",8155,"Rock","Reef Slope",65.8935389695569,0,"Rock",NA
"8156",8156,NA,"Reef Slope",2213.71671335109,0,NA,NA
"8157",8157,"Rock","Sheltered Reef Slope",0,0,NA,NA
"8158",8158,"Coral/Algae","Sheltered Reef Slope",0,0,NA,NA
"8159",8159,"Rock","Sheltered Reef Slope",72.4512743074208,0,"Rock",NA
"8160",8160,"Coral/Algae","Sheltered Reef Slope",0,0,NA,NA
"8161",8161,"Rubble","Sheltered Reef Slope",0,0,NA,NA
"8162",8162,"Sand","Sheltered Reef Slope",36.7552654609735,0,"Sand",NA
"8163",8163,"Rock","Sheltered Reef Slope",32.0459703672675,0,"Rock",NA
"8164",8164,"Rock","Sheltered Reef Slope",0,0,NA,NA
"8165",8165,"Sand","Sheltered Reef Slope",0,0,NA,NA
"8166",8166,"Rock","Outer Reef Flat",0,0,NA,NA
"8167",8167,"Coral/Algae","Reef Slope",61.9408944310106,0,"Coral/Algae",NA
"8168",8168,"Coral/Algae","Reef Slope",37.8954614878036,0,"Coral/Algae",NA
"8169",8169,"Rock","Reef Slope",66.3983731652674,0,"Rock",NA
"8170",8170,"Rock","Outer Reef Flat",0,0,NA,NA
"8171",8171,"Rock","Reef Slope",33.1685264865457,0,"Rock",NA
"8172",8172,"Rock","Reef Slope",0,0,NA,NA
"8173",8173,"Coral/Algae","Inner Reef Flat",0,0,NA,NA
"8174",8174,"Coral/Algae","Outer Reef Flat",0,0,NA,NA
"8175",8175,"Coral/Algae","Sheltered Reef Slope",0,0,NA,NA
"8176",8176,"Rock","Inner Reef Flat",0,0,NA,NA
"8177",8177,"Coral/Algae","Reef Slope",34.4878033997754,0,"Coral/Algae",NA
"8178",8178,"Coral/Algae","Sheltered Reef Slope",52.3882685238163,0,"Coral/Algae",NA
"8179",8179,"Sand","Sheltered Reef Slope",0,0,NA,NA
"8180",8180,"Rubble","Inner Reef Flat",0,0,NA,NA
"8181",8181,"Rubble","Sheltered Reef Slope",0,0,NA,NA
"8182",8182,"Sand","Outer Reef Flat",0,0,NA,NA
"8183",8183,"Rock","Reef Crest",0,0,NA,NA
"8184",8184,"Sand","Outer Reef Flat",0,0,NA,NA
"8185",8185,"Rock","Reef Crest",0,0,NA,NA
"8186",8186,"Coral/Algae","Reef Crest",0,0,NA,NA
"8187",8187,"Coral/Algae","Reef Crest",0,0,NA,NA
"8188",8188,"Rock","Reef Slope",0,0,NA,NA
"8189",8189,"Rock","Reef Crest",0,0,NA,NA
"8190",8190,"Rock","Reef Crest",0,0,NA,NA
"8191",8191,"Rock","Reef Crest",0,0,NA,NA
"8192",8192,"Rock","Reef Crest",0,0,NA,NA
"8193",8193,"Rock","Reef Crest",0,0,NA,NA
"8194",8194,"Rock","Reef Crest",0,0,NA,NA
"8195",8195,"Rock","Reef Crest",0,0,NA,NA
"8196",8196,"Rock","Reef Crest",0,0,NA,NA
"8197",8197,"Rock","Reef Crest",0,0,NA,NA
"8198",8198,"Rock","Reef Crest",0,0,NA,NA
"8199",8199,"Rock","Reef Slope",0,0,NA,NA
"8200",8200,"Rock","Reef Slope",0,0,NA,NA
"8201",8201,"Rubble","Reef Slope",0,0,NA,NA
"8202",8202,"Sand","Back Reef Slope",0,0,NA,NA
"8203",8203,"Sand","Deep Lagoon",60.4694701184322,0,"Sand",NA
"8204",8204,"Rock","Sheltered Reef Slope",0,0,NA,NA
"8205",8205,"Rock","Outer Reef Flat",0,0,NA,NA
"8206",8206,"Rock","Outer Reef Flat",0,0,NA,NA
"8207",8207,"Rock","Inner Reef Flat",0,0,NA,NA
"8208",8208,"Rock","Outer Reef Flat",0,0,NA,NA
"8209",8209,"Rock","Outer Reef Flat",0,0,NA,NA
"8210",8210,"Sand","Deep Lagoon",67.8102494797902,0,"Sand",NA
"8211",8211,"Rock","Reef Slope",45.70282284888,0,"Rock",NA
"8212",8212,"Rock","Reef Slope",31.2923789598757,0,"Rock",NA
"8213",8213,"Coral/Algae","Reef Slope",28.3226699924348,0,"Coral/Algae",NA
"8214",8214,"Rock","Reef Slope",76.4143104435869,27.2725131330842,"Rock","Reef Slope"
"8215",8215,"Rock","Reef Slope",36.7831927594798,0,"Rock",NA
"8216",8216,"Rock","Reef Slope",53.9183689425935,0,"Rock",NA
"8217",8217,"Rock","Reef Slope",41.9108140821982,0,"Rock",NA
"8218",8218,"Rock","Reef Slope",50.3382579141263,0,"Rock",NA
"8219",8219,"Rock","Reef Slope",71.4349871783497,0,"Rock",NA
"8220",8220,"Rock","Sheltered Reef Slope",0,0,NA,NA
"8221",8221,"Sand","Sheltered Reef Slope",0,0,NA,NA
"8222",8222,"Coral/Algae","Sheltered Reef Slope",0,0,NA,NA
"8223",8223,"Coral/Algae","Sheltered Reef Slope",0,0,NA,NA
"8224",8224,"Coral/Algae","Sheltered Reef Slope",62.6200599802822,0,"Coral/Algae",NA
"8225",8225,"Rock","Sheltered Reef Slope",0,0,NA,NA
"8226",8226,"Coral/Algae","Sheltered Reef Slope",0,0,NA,NA
"8227",8227,"Coral/Algae","Sheltered Reef Slope",0,0,NA,NA
"8228",8228,"Coral/Algae","Sheltered Reef Slope",0,0,NA,NA
"8229",8229,"Rock","Sheltered Reef Slope",0,0,NA,NA
"8230",8230,"Rock","Reef Slope",0,0,NA,NA
"8231",8231,"Coral/Algae","Back Reef Slope",0,0,NA,NA
"8232",8232,"Coral/Algae","Sheltered Reef Slope",52.0714026360496,0,"Coral/Algae",NA
"8233",8233,"Rock","Inner Reef Flat",0,0,NA,NA
"8234",8234,"Coral/Algae","Sheltered Reef Slope",35.7774871026234,0,"Coral/Algae",NA
"8235",8235,"Coral/Algae","Sheltered Reef Slope",35.7774871026234,0,"Coral/Algae",NA
"8236",8236,"Rock","Reef Slope",51.5297495276584,0,"Rock",NA
"8237",8237,"Rock","Reef Slope",51.5297495276584,0,"Rock",NA
"8238",8238,"Rock","Outer Reef Flat",0,0,NA,NA
"8239",8239,"Rock","Reef Slope",33.2831189332088,0,"Rock",NA
"8240",8240,"Rock","Sheltered Reef Slope",40.6200783764656,0,"Rock",NA
"8241",8241,"Rock","Sheltered Reef Slope",0,0,NA,NA
"8242",8242,"Coral/Algae","Sheltered Reef Slope",35.9555877062973,0,"Coral/Algae",NA
"8243",8243,"Coral/Algae","Sheltered Reef Slope",43.9533582579646,0,"Coral/Algae",NA
"8244",8244,"Coral/Algae","Sheltered Reef Slope",43.9533582579646,0,"Coral/Algae",NA
"8245",8245,"Rock","Sheltered Reef Slope",0,0,NA,NA
"8246",8246,"Rock","Sheltered Reef Slope",0,0,NA,NA
"8247",8247,"Rock","Sheltered Reef Slope",0,0,NA,NA
"8248",8248,"Rock","Sheltered Reef Slope",26.8240764044916,0,"Rock",NA
"8249",8249,"Rock","Reef Slope",0,0,NA,NA
"8250",8250,"Rock","Reef Slope",0,0,NA,NA
"8251",8251,"Rock","Sheltered Reef Slope",27.0130754382919,0,"Rock",NA
"8252",8252,"Rock","Reef Slope",37.2866710652865,0,"Rock",NA
"8253",8253,"Rock","Reef Slope",38.5190508475688,0,"Rock",NA
"8254",8254,"Rock","Reef Slope",38.5190508475688,0,"Rock",NA
"8255",8255,"Rock","Reef Slope",64.5898794966321,0,"Rock",NA
"8256",8256,"Sand","Sheltered Reef Slope",36.7261562202455,0,"Sand",NA
"8257",8257,"Rock","Reef Crest",0,0,NA,NA
"8258",8258,"Coral/Algae","Reef Crest",0,0,NA,NA
"8259",8259,"Coral/Algae","Outer Reef Flat",0,0,NA,NA
"8260",8260,"Rock","Outer Reef Flat",0,0,NA,NA
"8261",8261,"Sand","Inner Reef Flat",0,0,NA,NA
"8262",8262,"Coral/Algae","Outer Reef Flat",0,0,NA,NA
"8263",8263,"Coral/Algae","Back Reef Slope",0,0,NA,NA
"8264",8264,"Coral/Algae","Back Reef Slope",0,0,NA,NA
"8265",8265,"Coral/Algae","Outer Reef Flat",0,0,NA,NA
"8266",8266,"Coral/Algae","Outer Reef Flat",0,0,NA,NA
"8267",8267,"Coral/Algae","Outer Reef Flat",0,0,NA,NA
"8268",8268,"Coral/Algae","Outer Reef Flat",0,0,NA,NA
"8269",8269,"Coral/Algae","Outer Reef Flat",0,0,NA,NA
"8270",8270,"Coral/Algae","Outer Reef Flat",0,0,NA,NA
"8271",8271,"Coral/Algae","Outer Reef Flat",0,0,NA,NA
"8272",8272,"Coral/Algae","Outer Reef Flat",0,0,NA,NA
"8273",8273,"Sand","Inner Reef Flat",0,0,NA,NA
"8274",8274,"Sand","Inner Reef Flat",0,0,NA,NA
"8275",8275,"Coral/Algae","Outer Reef Flat",0,0,NA,NA
"8276",8276,"Coral/Algae","Inner Reef Flat",0,0,NA,NA
"8277",8277,"Coral/Algae","Inner Reef Flat",0,0,NA,NA
"8278",8278,"Coral/Algae","Inner Reef Flat",0,0,NA,NA
"8279",8279,"Coral/Algae","Inner Reef Flat",0,0,NA,NA
"8280",8280,"Sand","Sheltered Reef Slope",0,0,NA,NA
"8281",8281,"Sand","Inner Reef Flat",0,0,NA,NA
"8282",8282,"Coral/Algae","Inner Reef Flat",0,0,NA,NA
"8283",8283,"Coral/Algae","Inner Reef Flat",0,0,NA,NA
"8284",8284,"Rock","Outer Reef Flat",0,0,NA,NA
"8285",8285,"Rock","Outer Reef Flat",0,0,NA,NA
"8286",8286,"Rock","Reef Slope",65.7112051650773,0,"Rock",NA
"8287",8287,"Rock","Reef Slope",0,0,NA,NA
"8288",8288,"Rock","Reef Slope",30.954369743985,0,"Rock",NA
"8289",8289,"Rock","Reef Crest",0,0,NA,NA
"8290",8290,"Rock","Reef Slope",36.085098221224,0,"Rock",NA
"8291",8291,"Rock","Outer Reef Flat",0,0,NA,NA
"8292",8292,NA,"Sheltered Reef Slope",154.016639707277,0,NA,NA
"8293",8293,NA,"Sheltered Reef Slope",193.227334765367,0,NA,NA
"8294",8294,"Coral/Algae","Outer Reef Flat",0,0,NA,NA
"8295",8295,"Rock","Outer Reef Flat",0,0,NA,NA
"8296",8296,"Rock","Outer Reef Flat",0,0,NA,NA
"8297",8297,"Rock","Outer Reef Flat",0,0,NA,NA
"8298",8298,"Rock","Outer Reef Flat",0,0,NA,NA
"8299",8299,"Rock","Outer Reef Flat",0,0,NA,NA
"8300",8300,"Coral/Algae","Inner Reef Flat",0,0,NA,NA
"8301",8301,"Coral/Algae","Sheltered Reef Slope",0,0,NA,NA
"8302",8302,"Sand","Inner Reef Flat",0,0,NA,NA
"8303",8303,"Sand","Deep Lagoon",0,0,NA,NA
"8304",8304,"Sand","Inner Reef Flat",0,0,NA,NA
"8305",8305,"Rock","Reef Slope",0,0,NA,NA
"8306",8306,"Rock","Outer Reef Flat",0,0,NA,NA
"8307",8307,"Rock","Reef Slope",59.0496994599492,0,"Rock",NA
"8308",8308,"Rock","Reef Slope",0,0,NA,NA
"8309",8309,"Coral/Algae","Reef Slope",0,0,NA,NA
"8310",8310,"Coral/Algae","Deep",47.8602321686427,0,"Coral/Algae",NA
"8311",8311,"Rock","Reef Slope",0,0,NA,NA
"8312",8312,"Coral/Algae","Reef Slope",53.7348769268933,0,"Coral/Algae",NA
"8313",8313,"Rock","Reef Slope",35.5655913292337,0,"Rock",NA
"8314",8314,"Rock","Reef Slope",86.7237529366758,0,"Rock",NA
"8315",8315,"Sand","Sheltered Reef Slope",0,0,NA,NA
"8316",8316,"Rubble","Sheltered Reef Slope",0,0,NA,NA
"8317",8317,"Rock","Reef Slope",64.3150325604579,0,"Rock",NA
"8318",8318,"Rubble","Back Reef Slope",76.651140873337,0,"Rubble",NA
"8319",8319,"Sand","Deep Lagoon",40.5234177740127,0,"Sand",NA
"8320",8320,"Sand","Deep Lagoon",40.5234177740127,0,"Sand",NA
"8321",8321,"Sand","Deep Lagoon",0,0,NA,NA
"8322",8322,"Rubble","Deep Lagoon",77.5391903108312,0,"Rubble",NA
"8323",8323,"Rubble","Sheltered Reef Slope",86.3247429985019,0,"Rubble",NA
"8324",8324,"Sand","Back Reef Slope",0,0,NA,NA
"8325",8325,"Coral/Algae","Sheltered Reef Slope",60.6559288441595,0,"Coral/Algae",NA
"8326",8326,"Rock","Reef Slope",48.9569331156365,0,"Rock",NA
"8327",8327,"Sand","Sheltered Reef Slope",34.8347502899888,0,"Sand",NA
"8328",8328,"Rock","Back Reef Slope",39.490560876461,0,"Rock",NA
"8329",8329,"Rock","Back Reef Slope",70.5213788161456,0,"Rock",NA
"8330",8330,"Rock","Reef Slope",55.504568568778,0,"Rock",NA
"8331",8331,"Rock","Reef Slope",56.6449069828732,0,"Rock",NA
"8332",8332,"Rock","Reef Slope",63.992698100174,0,"Rock",NA
"8333",8333,"Rock","Reef Slope",0,0,NA,NA
"8334",8334,"Rock","Deep",34.0777830664879,0,"Rock",NA
"8335",8335,"Rock","Sheltered Reef Slope",43.6851857391445,0,"Rock",NA
"8336",8336,"Sand","Deep Lagoon",0,0,NA,NA
"8337",8337,"Rock","Reef Slope",0,0,NA,NA
"8338",8338,"Rock","Reef Slope",0,0,NA,NA
"8339",8339,"Rock","Reef Slope",0,0,NA,NA
"8340",8340,NA,"Reef Slope",103.210550296803,43.7757828289312,NA,"Reef Slope"
"8341",8341,NA,"Reef Slope",103.210550296803,43.7757828289312,NA,"Reef Slope"
"8342",8342,NA,"Reef Slope",103.210550296803,43.7757828289312,NA,"Reef Slope"
"8343",8343,"Rock","Reef Slope",46.2857950357587,31.0490866786295,"Rock","Reef Slope"
"8344",8344,"Rock","Reef Slope",46.2857950357587,31.0490866786295,"Rock","Reef Slope"
"8345",8345,"Rock","Reef Slope",46.2857950357587,31.0490866786295,"Rock","Reef Slope"
"8346",8346,"Coral/Algae","Reef Slope",39.2052442546641,34.2720700333697,"Coral/Algae","Reef Slope"
"8347",8347,"Coral/Algae","Reef Slope",39.2052442546641,34.2720700333697,"Coral/Algae","Reef Slope"
"8348",8348,"Coral/Algae","Reef Slope",39.2052442546641,34.2720700333697,"Coral/Algae","Reef Slope"
"8349",8349,"Rock","Reef Slope",0,0,NA,NA
"8350",8350,"Rock","Reef Slope",0,0,NA,NA
"8351",8351,"Rock","Reef Slope",0,0,NA,NA
"8352",8352,"Rock","Reef Slope",36.5442748946624,36.5442748946624,"Rock","Reef Slope"
"8353",8353,"Rock","Reef Slope",36.5442748946624,36.5442748946624,"Rock","Reef Slope"
"8354",8354,NA,"Back Reef Slope",111.752523731261,48.2976572964685,NA,"Back Reef Slope"
"8355",8355,NA,"Back Reef Slope",111.752523731261,48.2976572964685,NA,"Back Reef Slope"
"8356",8356,NA,"Back Reef Slope",111.752523731261,48.2976572964685,NA,"Back Reef Slope"
"8357",8357,"Rock","Reef Slope",65.2211373809519,0,"Rock",NA
"8358",8358,"Rock","Reef Slope",65.2211373809519,0,"Rock",NA
"8359",8359,"Rock","Reef Slope",65.2211373809519,0,"Rock",NA
"8360",8360,"Rock","Reef Slope",65.2211373809519,0,"Rock",NA
"8361",8361,"Rock","Reef Slope",0,0,NA,NA
"8362",8362,"Rock","Reef Slope",0,0,NA,NA
"8363",8363,"Rock","Back Reef Slope",36.2556402783379,0,"Rock",NA
"8364",8364,"Rock","Back Reef Slope",36.2556402783379,0,"Rock",NA
"8365",8365,"Rock","Reef Slope",54.0853851638911,0,"Rock",NA
"8366",8366,"Rock","Reef Crest",0,0,NA,NA
"8367",8367,"Rock","Reef Slope",0,0,NA,NA
"8368",8368,"Coral/Algae","Reef Slope",0,0,NA,NA
"8369",8369,"Rock","Reef Crest",0,0,NA,NA
"8370",8370,"Rock","Reef Crest",0,0,NA,NA
"8371",8371,"Rock","Reef Crest",0,0,NA,NA
"8372",8372,"Rock","Reef Crest",0,0,NA,NA
"8373",8373,"Rock","Reef Slope",43.1527964586927,31.3706857693612,"Rock","Reef Slope"
"8374",8374,"Coral/Algae","Reef Slope",34.2394167709378,34.2394167709378,"Coral/Algae","Reef Slope"
"8375",8375,"Coral/Algae","Reef Slope",34.2394167709378,34.2394167709378,"Coral/Algae","Reef Slope"
"8376",8376,"Coral/Algae","Reef Slope",34.2394167709378,34.2394167709378,"Coral/Algae","Reef Slope"
"8377",8377,"Rock","Reef Slope",77.6500237565131,30.6645678517015,"Rock","Reef Slope"
"8378",8378,"Rock","Reef Slope",77.6500237565131,30.6645678517015,"Rock","Reef Slope"
"8379",8379,"Rock","Reef Slope",77.6500237565131,30.6645678517015,"Rock","Reef Slope"
"8380",8380,"Rock","Reef Slope",50.7399794099167,0,"Rock",NA
"8381",8381,"Rock","Reef Slope",50.7399794099167,0,"Rock",NA
"8382",8382,"Rock","Reef Slope",50.7399794099167,0,"Rock",NA
"8383",8383,"Coral/Algae","Reef Slope",0,0,NA,NA
"8384",8384,"Coral/Algae","Reef Slope",0,0,NA,NA
"8385",8385,"Coral/Algae","Reef Slope",0,0,NA,NA
"8386",8386,"Rubble","Reef Slope",62.5997438569473,0,"Rubble",NA
"8387",8387,"Coral/Algae","Reef Slope",0,0,NA,NA
"8388",8388,"Coral/Algae","Reef Slope",0,0,NA,NA
"8389",8389,"Coral/Algae","Reef Slope",0,0,NA,NA
"8390",8390,"Coral/Algae","Reef Slope",0,0,NA,NA
"8391",8391,"Coral/Algae","Reef Slope",44.1381286015641,0,"Coral/Algae",NA
"8392",8392,"Coral/Algae","Reef Slope",44.1381286015641,0,"Coral/Algae",NA
"8393",8393,"Rock","Reef Slope",37.3284780974915,0,"Rock",NA
"8394",8394,"Rock","Reef Slope",37.3284780974915,0,"Rock",NA
"8395",8395,"Rock","Reef Crest",0,0,NA,NA
"8396",8396,"Coral/Algae","Reef Crest",0,0,NA,NA
"8397",8397,"Rock","Reef Slope",0,0,NA,NA
"8398",8398,NA,"Reef Slope",105.654606796079,0,NA,NA
"8399",8399,NA,"Reef Slope",105.654606796079,0,NA,NA
"8400",8400,"Sand","Sheltered Reef Slope",85.0139365094948,35.8846300298858,"Sand","Sheltered Reef Slope"
"8401",8401,"Sand","Sheltered Reef Slope",85.0139365094948,35.8846300298858,"Sand","Sheltered Reef Slope"
"8402",8402,"Rubble","Reef Slope",0,0,NA,NA
"8403",8403,"Coral/Algae","Back Reef Slope",0,0,NA,NA
"8404",8404,"Coral/Algae","Back Reef Slope",0,0,NA,NA
"8405",8405,"Rock","Reef Slope",0,0,NA,NA
"8406",8406,"Rock","Reef Slope",0,0,NA,NA
"8407",8407,"Rock","Reef Slope",0,0,NA,NA
"8408",8408,"Coral/Algae","Sheltered Reef Slope",0,0,NA,NA
"8409",8409,"Coral/Algae","Sheltered Reef Slope",0,0,NA,NA
"8410",8410,"Coral/Algae","Sheltered Reef Slope",0,0,NA,NA
"8411",8411,"Sand","Sheltered Reef Slope",86.3123167272615,0,"Sand",NA
"8412",8412,"Sand","Sheltered Reef Slope",86.3123167272615,0,"Sand",NA
"8413",8413,"Rock","Inner Reef Flat",0,0,NA,NA
"8414",8414,"Rock","Inner Reef Flat",0,0,NA,NA
"8415",8415,"Sand","Inner Reef Flat",0,0,NA,NA
"8416",8416,"Rubble","Inner Reef Flat",0,0,NA,NA
"8417",8417,"Sand","Inner Reef Flat",0,0,NA,NA
"8418",8418,"Coral/Algae","Sheltered Reef Slope",80.1632549295149,30.8310735745243,"Coral/Algae","Sheltered Reef Slope"
"8419",8419,"Coral/Algae","Sheltered Reef Slope",80.1632549295149,30.8310735745243,"Coral/Algae","Sheltered Reef Slope"
"8420",8420,"Rock","Reef Slope",46.7223744031222,0,"Rock",NA
"8421",8421,"Rock","Reef Slope",46.7223744031222,0,"Rock",NA
"8422",8422,"Sand","Sheltered Reef Slope",54.5714537695343,0,"Sand",NA
"8423",8423,"Coral/Algae","Inner Reef Flat",0,0,NA,NA
"8424",8424,"Coral/Algae","Inner Reef Flat",0,0,NA,NA
"8425",8425,"Sand","Deep Lagoon",0,0,NA,NA
"8426",8426,"Sand","Deep Lagoon",34.8099487923516,0,"Sand",NA
"8427",8427,"Sand","Deep Lagoon",34.8099487923516,0,"Sand",NA
"8428",8428,"Rock","Sheltered Reef Slope",53.4810759544467,0,"Rock",NA
"8429",8429,"Rock","Sheltered Reef Slope",53.4810759544467,0,"Rock",NA
"8430",8430,"Rock","Sheltered Reef Slope",53.4810759544467,0,"Rock",NA
"8431",8431,"Rock","Sheltered Reef Slope",53.4810759544467,0,"Rock",NA
"8432",8432,"Sand","Deep Lagoon",42.7594591054804,0,"Sand",NA
"8433",8433,"Sand","Back Reef Slope",0,0,NA,NA
"8434",8434,"Sand","Inner Reef Flat",0,0,NA,NA
"8435",8435,"Rubble","Deep Lagoon",0,0,NA,NA
"8436",8436,"Rock","Sheltered Reef Slope",47.7562340656181,43.4622863158871,"Rock","Sheltered Reef Slope"
"8437",8437,"Sand","Deep Lagoon",0,0,NA,NA
"8438",8438,"Coral/Algae","Sheltered Reef Slope",0,0,NA,NA
"8439",8439,"Sand","Sheltered Reef Slope",0,0,NA,NA
"8440",8440,"Sand","Sheltered Reef Slope",0,0,NA,NA
"8441",8441,"Rock","Inner Reef Flat",0,0,NA,NA
"8442",8442,"Sand","Inner Reef Flat",0,0,NA,NA
"8443",8443,"Sand","Deep Lagoon",0,0,NA,NA
"8444",8444,"Rubble","Deep Lagoon",0,0,NA,NA
"8445",8445,"Coral/Algae","Deep Lagoon",83.0483409499566,0,"Coral/Algae",NA
"8446",8446,"Rock","Sheltered Reef Slope",77.2405482972583,42.6371134142174,"Rock","Sheltered Reef Slope"
"8447",8447,"Rock","Sheltered Reef Slope",77.2405482972583,42.6371134142174,"Rock","Sheltered Reef Slope"
"8448",8448,"Rock","Sheltered Reef Slope",0,0,NA,NA
"8449",8449,"Sand","Deep Lagoon",0,0,NA,NA
"8450",8450,"Coral/Algae","Inner Reef Flat",0,0,NA,NA
"8451",8451,"Rock","Sheltered Reef Slope",44.1989375981102,0,"Rock",NA
"8452",8452,"Rock","Sheltered Reef Slope",44.1989375981102,0,"Rock",NA
"8453",8453,"Rock","Reef Slope",48.3023898086586,48.3023898086586,"Rock","Reef Slope"
"8454",8454,"Rock","Reef Slope",48.3023898086586,48.3023898086586,"Rock","Reef Slope"
"8455",8455,"Rock","Reef Slope",48.3023898086586,48.3023898086586,"Rock","Reef Slope"
"8456",8456,"Coral/Algae","Sheltered Reef Slope",0,0,NA,NA
"8457",8457,"Coral/Algae","Sheltered Reef Slope",0,0,NA,NA
"8458",8458,"Sand","Back Reef Slope",0,0,NA,NA
"8459",8459,"Rock","Outer Reef Flat",0,0,NA,NA
"8460",8460,"Sand","Sheltered Reef Slope",75.5349486651203,0,"Sand",NA
"8461",8461,"Sand","Sheltered Reef Slope",75.5349486651203,0,"Sand",NA
"8462",8462,"Rock","Sheltered Reef Slope",33.7797706163602,0,"Rock",NA
"8463",8463,"Rock","Sheltered Reef Slope",33.7797706163602,0,"Rock",NA
"8464",8464,"Rock","Sheltered Reef Slope",0,0,NA,NA
"8465",8465,"Coral/Algae","Outer Reef Flat",0,0,NA,NA
"8466",8466,"Rock","Reef Slope",0,0,NA,NA
"8467",8467,"Sand","Sheltered Reef Slope",0,0,NA,NA
"8468",8468,"Coral/Algae","Reef Crest",0,0,NA,NA
"8469",8469,"Rock","Reef Crest",0,0,NA,NA
"8470",8470,"Coral/Algae","Reef Crest",0,0,NA,NA
"8471",8471,"Rock","Outer Reef Flat",0,0,NA,NA
"8472",8472,"Rock","Outer Reef Flat",0,0,NA,NA
"8473",8473,"Rock","Reef Crest",0,0,NA,NA
"8474",8474,"Rock","Reef Crest",0,0,NA,NA
"8475",8475,"Rock","Sheltered Reef Slope",31.5463038244122,0,"Rock",NA
"8476",8476,"Rock","Sheltered Reef Slope",52.021408576546,0,"Rock",NA
"8477",8477,"Rock","Sheltered Reef Slope",52.021408576546,0,"Rock",NA
"8478",8478,"Sand","Sheltered Reef Slope",0,0,NA,NA
"8479",8479,"Sand","Sheltered Reef Slope",0,0,NA,NA
"8480",8480,"Coral/Algae","Sheltered Reef Slope",0,0,NA,NA
"8481",8481,"Coral/Algae","Sheltered Reef Slope",0,0,NA,NA
"8482",8482,"Coral/Algae","Sheltered Reef Slope",0,0,NA,NA
"8483",8483,"Coral/Algae","Back Reef Slope",0,0,NA,NA
"8484",8484,"Coral/Algae","Back Reef Slope",0,0,NA,NA
"8485",8485,"Sand","Inner Reef Flat",0,0,NA,NA
"8486",8486,"Sand","Inner Reef Flat",0,0,NA,NA
"8487",8487,"Coral/Algae","Back Reef Slope",75.3414864759658,0,"Coral/Algae",NA
"8488",8488,"Coral/Algae","Back Reef Slope",75.3414864759658,0,"Coral/Algae",NA
"8489",8489,"Coral/Algae","Back Reef Slope",69.246617063955,0,"Coral/Algae",NA
"8490",8490,"Coral/Algae","Back Reef Slope",0,0,NA,NA
"8491",8491,"Coral/Algae","Back Reef Slope",0,0,NA,NA
"8492",8492,"Rock","Sheltered Reef Slope",0,0,NA,NA
"8493",8493,"Sand","Inner Reef Flat",0,0,NA,NA
"8494",8494,"Sand","Back Reef Slope",0,0,NA,NA
"8495",8495,"Coral/Algae","Back Reef Slope",30.5209120307075,0,"Coral/Algae",NA
"8496",8496,"Coral/Algae","Back Reef Slope",30.5209120307075,0,"Coral/Algae",NA
"8497",8497,"Rock","Reef Slope",39.3398068870094,0,"Rock",NA
"8498",8498,"Coral/Algae","Reef Slope",89.3239104817044,36.4756063681215,"Coral/Algae","Reef Slope"
"8499",8499,"Coral/Algae","Reef Slope",0,0,NA,NA
"8500",8500,"Coral/Algae","Outer Reef Flat",0,0,NA,NA
"8501",8501,"Coral/Algae","Outer Reef Flat",0,0,NA,NA
"8502",8502,"Coral/Algae","Outer Reef Flat",0,0,NA,NA
"8503",8503,"Rock","Deep Lagoon",0,0,NA,NA
"8504",8504,"Rock","Deep Lagoon",0,0,NA,NA
"8505",8505,"Rock","Deep Lagoon",0,0,NA,NA
"8506",8506,"Rock","Deep Lagoon",0,0,NA,NA
"8507",8507,"Coral/Algae","Deep Lagoon",0,0,NA,NA
"8508",8508,"Coral/Algae","Deep Lagoon",0,0,NA,NA
"8509",8509,"Coral/Algae","Deep Lagoon",0,0,NA,NA
"8510",8510,"Rubble","Inner Reef Flat",0,0,NA,NA
"8511",8511,"Rubble","Inner Reef Flat",0,0,NA,NA
"8512",8512,"Rubble","Inner Reef Flat",0,0,NA,NA
"8513",8513,"Sand","Inner Reef Flat",0,0,NA,NA
"8514",8514,"Sand","Inner Reef Flat",0,0,NA,NA
"8515",8515,"Sand","Inner Reef Flat",0,0,NA,NA
"8516",8516,"Coral/Algae","Outer Reef Flat",0,0,NA,NA
"8517",8517,"Coral/Algae","Outer Reef Flat",0,0,NA,NA
"8518",8518,"Coral/Algae","Sheltered Reef Slope",0,0,NA,NA
"8519",8519,"Coral/Algae","Sheltered Reef Slope",0,0,NA,NA
"8520",8520,"Rock","Reef Crest",0,0,NA,NA
"8521",8521,"Rock","Reef Crest",0,0,NA,NA
"8522",8522,"Sand","Sheltered Reef Slope",49.3941065088042,0,"Sand",NA
"8523",8523,"Sand","Sheltered Reef Slope",49.3941065088042,0,"Sand",NA
"8524",8524,"Sand","Deep Lagoon",31.5974875183807,0,"Sand",NA
"8525",8525,"Sand","Shallow Lagoon",0,0,NA,NA
"8526",8526,"Sand","Shallow Lagoon",0,0,NA,NA
"8527",8527,"Sand","Deep Lagoon",0,0,NA,NA
"8528",8528,"Rock","Reef Crest",0,0,NA,NA
"8529",8529,"Coral/Algae","Inner Reef Flat",0,0,NA,NA
"8530",8530,"Coral/Algae","Inner Reef Flat",46.0465308630075,46.0465308630075,"Coral/Algae","Inner Reef Flat"
"8531",8531,"Coral/Algae","Inner Reef Flat",0,0,NA,NA
"8532",8532,"Coral/Algae","Inner Reef Flat",0,0,NA,NA
"8533",8533,"Coral/Algae","Inner Reef Flat",0,0,NA,NA
"8534",8534,"Coral/Algae","Outer Reef Flat",0,0,NA,NA
"8535",8535,"Coral/Algae","Sheltered Reef Slope",39.0633679785802,0,"Coral/Algae",NA
"8536",8536,"Sand","Sheltered Reef Slope",0,0,NA,NA
"8537",8537,"Rock","Sheltered Reef Slope",0,0,NA,NA
"8538",8538,"Rubble","Sheltered Reef Slope",87.115933484894,46.710781994044,"Rubble","Sheltered Reef Slope"
"8539",8539,"Coral/Algae","Sheltered Reef Slope",0,0,NA,NA
"8540",8540,"Coral/Algae","Sheltered Reef Slope",0,0,NA,NA
"8541",8541,"Coral/Algae","Back Reef Slope",0,0,NA,NA
"8542",8542,"Rock","Sheltered Reef Slope",0,0,NA,NA
"8543",8543,"Rock","Sheltered Reef Slope",0,0,NA,NA
"8544",8544,"Coral/Algae","Sheltered Reef Slope",68.7158399221651,0,"Coral/Algae",NA
"8545",8545,"Coral/Algae","Deep Lagoon",0,0,NA,NA
"8546",8546,"Coral/Algae","Deep Lagoon",0,0,NA,NA
"8547",8547,"Coral/Algae","Back Reef Slope",94.0317120217568,44.0329335052565,"Coral/Algae","Back Reef Slope"
"8548",8548,"Rock","Sheltered Reef Slope",72.0203299825457,0,"Rock",NA
"8549",8549,"Rock","Sheltered Reef Slope",38.2267928429756,38.2267928429756,"Rock","Sheltered Reef Slope"
"8550",8550,"Rock","Reef Slope",50.061382833555,0,"Rock",NA
"8551",8551,"Coral/Algae","Sheltered Reef Slope",0,0,NA,NA
"8552",8552,"Coral/Algae","Sheltered Reef Slope",0,0,NA,NA
"8553",8553,"Sand","Outer Reef Flat",0,0,NA,NA
"8554",8554,"Coral/Algae","Outer Reef Flat",0,0,NA,NA
"8555",8555,"Rock","Sheltered Reef Slope",0,0,NA,NA
"8556",8556,"Coral/Algae","Reef Crest",0,0,NA,NA
"8557",8557,"Coral/Algae","Reef Crest",0,0,NA,NA
"8558",8558,"Sand","Inner Reef Flat",0,0,NA,NA
"8559",8559,"Coral/Algae","Sheltered Reef Slope",74.666961273611,0,"Coral/Algae",NA
"8560",8560,NA,"Reef Slope",106.448522774435,0,NA,NA
"8561",8561,"Rock","Reef Slope",0,0,NA,NA
"8562",8562,"Coral/Algae","Sheltered Reef Slope",64.4385218291064,0,"Coral/Algae",NA
"8563",8563,"Rock","Reef Crest",0,0,NA,NA
"8564",8564,"Coral/Algae","Reef Crest",0,0,NA,NA
"8565",8565,"Rock","Reef Crest",0,0,NA,NA
"8566",8566,"Coral/Algae","Sheltered Reef Slope",65.5300251379894,0,"Coral/Algae",NA
"8567",8567,"Coral/Algae","Sheltered Reef Slope",65.5300251379894,0,"Coral/Algae",NA
"8568",8568,"Rock","Reef Slope",0,0,NA,NA
"8569",8569,"Rock","Reef Slope",0,0,NA,NA
"8570",8570,"Rock","Reef Slope",0,0,NA,NA
"8571",8571,"Rock","Reef Slope",37.8541357212028,0,"Rock",NA
"8572",8572,"Rock","Reef Slope",33.1421262668789,0,"Rock",NA
"8573",8573,"Coral/Algae","Reef Slope",40.5851781076966,0,"Coral/Algae",NA
"8574",8574,"Coral/Algae","Inner Reef Flat",0,0,NA,NA
"8575",8575,"Sand","Sheltered Reef Slope",60.7412216302575,0,"Sand",NA
"8576",8576,"Coral/Algae","Sheltered Reef Slope",52.9674045922891,0,"Coral/Algae",NA
"8577",8577,"Rock","Sheltered Reef Slope",0,0,NA,NA
"8578",8578,"Sand","Shallow Lagoon",0,0,NA,NA
"8579",8579,"Rock","Reef Slope",45.1936150962175,0,"Rock",NA
"8580",8580,"Rock","Reef Slope",74.5060028697009,0,"Rock",NA
"8581",8581,"Rock","Reef Slope",36.4488597723619,0,"Rock",NA
"8582",8582,"Rock","Reef Slope",52.1395050499606,0,"Rock",NA
"8583",8583,"Rock","Reef Slope",67.6835612414788,0,"Rock",NA
"8584",8584,"Rock","Reef Slope",63.9728431379116,0,"Rock",NA
"8585",8585,"Rock","Reef Slope",67.2476020918002,0,"Rock",NA
"8586",8586,"Rock","Reef Slope",42.9319726754205,0,"Rock",NA
"8587",8587,"Coral/Algae","Reef Slope",56.920770933437,0,"Coral/Algae",NA
"8588",8588,"Rock","Sheltered Reef Slope",37.4214344990576,0,"Rock",NA
"8589",8589,"Rock","Sheltered Reef Slope",64.0378615221456,0,"Rock",NA
"8590",8590,"Rock","Sheltered Reef Slope",64.0378615221456,0,"Rock",NA
"8591",8591,"Rubble","Sheltered Reef Slope",82.6326692291553,37.2090459811308,"Rubble","Sheltered Reef Slope"
"8592",8592,"Coral/Algae","Outer Reef Flat",0,0,NA,NA
"8593",8593,"Coral/Algae","Outer Reef Flat",0,0,NA,NA
"8594",8594,"Coral/Algae","Outer Reef Flat",0,0,NA,NA
"8595",8595,"Rubble","Reef Slope",50.8882191836832,0,"Rubble",NA
"8596",8596,"Coral/Algae","Reef Slope",67.951494164977,0,"Coral/Algae",NA
"8597",8597,"Coral/Algae","Reef Slope",67.951494164977,0,"Coral/Algae",NA
"8598",8598,"Coral/Algae","Reef Slope",39.7262713179516,0,"Coral/Algae",NA
"8599",8599,"Coral/Algae","Reef Slope",39.7262713179516,0,"Coral/Algae",NA
"8600",8600,"Sand","Reef Slope",60.5775148819601,0,"Sand",NA
"8601",8601,"Sand","Sheltered Reef Slope",39.5621639074865,0,"Sand",NA
"8602",8602,"Sand","Sheltered Reef Slope",59.1974856576082,0,"Sand",NA
"8603",8603,"Sand","Sheltered Reef Slope",59.1974856576082,0,"Sand",NA
"8604",8604,"Sand","Reef Slope",0,0,NA,NA
"8605",8605,"Sand","Reef Slope",0,0,NA,NA
"8606",8606,"Sand","Reef Slope",0,0,NA,NA
"8607",8607,"Sand","Reef Slope",0,0,NA,NA
"8608",8608,"Coral/Algae","Reef Crest",0,0,NA,NA
"8609",8609,"Coral/Algae","Reef Crest",0,0,NA,NA
"8610",8610,"Coral/Algae","Reef Crest",0,0,NA,NA
"8611",8611,"Coral/Algae","Reef Crest",0,0,NA,NA
"8612",8612,"Rock","Reef Crest",0,0,NA,NA
"8613",8613,"Rock","Reef Crest",0,0,NA,NA
"8614",8614,"Rock","Reef Crest",0,0,NA,NA
"8615",8615,"Rock","Reef Crest",0,0,NA,NA
"8616",8616,"Rock","Reef Crest",0,0,NA,NA
"8617",8617,"Rock","Reef Crest",0,0,NA,NA
"8618",8618,"Rock","Reef Crest",0,0,NA,NA
"8619",8619,"Rock","Reef Crest",0,0,NA,NA
"8620",8620,"Rock","Reef Crest",0,0,NA,NA
"8621",8621,"Rock","Reef Crest",0,0,NA,NA
"8622",8622,"Rock","Reef Crest",0,0,NA,NA
"8623",8623,"Rock","Reef Crest",0,0,NA,NA
"8624",8624,"Rock","Reef Crest",0,0,NA,NA
"8625",8625,"Rock","Reef Crest",0,0,NA,NA
"8626",8626,"Rock","Reef Crest",0,0,NA,NA
"8627",8627,"Rock","Reef Crest",0,0,NA,NA
"8628",8628,"Rock","Reef Crest",0,0,NA,NA
"8629",8629,"Rock","Reef Crest",0,0,NA,NA
"8630",8630,"Rock","Reef Crest",0,0,NA,NA
"8631",8631,"Rock","Reef Crest",0,0,NA,NA
"8632",8632,"Rock","Reef Crest",0,0,NA,NA
"8633",8633,"Rock","Reef Crest",0,0,NA,NA
"8634",8634,"Rock","Reef Crest",0,0,NA,NA
"8635",8635,"Rock","Reef Crest",0,0,NA,NA
"8636",8636,"Rock","Reef Crest",0,0,NA,NA
"8637",8637,"Rock","Reef Crest",0,0,NA,NA
"8638",8638,"Rock","Reef Crest",0,0,NA,NA
"8639",8639,"Rock","Reef Crest",0,0,NA,NA
"8640",8640,"Sand","Sheltered Reef Slope",0,0,NA,NA
"8641",8641,"Sand","Sheltered Reef Slope",0,0,NA,NA
"8642",8642,"Sand","Sheltered Reef Slope",0,0,NA,NA
"8643",8643,"Coral/Algae","Reef Crest",0,0,NA,NA
"8644",8644,"Coral/Algae","Reef Crest",0,0,NA,NA
"8645",8645,"Coral/Algae","Reef Crest",0,0,NA,NA
"8646",8646,"Coral/Algae","Reef Crest",0,0,NA,NA
"8647",8647,"Coral/Algae","Reef Crest",0,0,NA,NA
"8648",8648,"Coral/Algae","Reef Crest",0,0,NA,NA
"8649",8649,"Coral/Algae","Reef Crest",0,0,NA,NA
"8650",8650,"Coral/Algae","Reef Crest",0,0,NA,NA
"8651",8651,"Rock","Reef Crest",0,0,NA,NA
"8652",8652,"Rock","Reef Crest",0,0,NA,NA
"8653",8653,"Rock","Reef Crest",0,0,NA,NA
"8654",8654,"Rock","Reef Crest",0,0,NA,NA
"8655",8655,"Rock","Reef Crest",0,0,NA,NA
"8656",8656,"Rock","Reef Crest",0,0,NA,NA
"8657",8657,"Rock","Reef Crest",0,0,NA,NA
"8658",8658,"Rock","Reef Crest",0,0,NA,NA
"8659",8659,"Rock","Reef Crest",0,0,NA,NA
"8660",8660,"Rock","Reef Crest",0,0,NA,NA
"8661",8661,"Rock","Reef Crest",0,0,NA,NA
"8662",8662,"Rock","Reef Crest",0,0,NA,NA
"8663",8663,"Rock","Reef Crest",0,0,NA,NA
"8664",8664,"Rock","Reef Crest",0,0,NA,NA
"8665",8665,"Rock","Reef Crest",0,0,NA,NA
"8666",8666,"Rock","Reef Crest",0,0,NA,NA
"8667",8667,"Rock","Sheltered Reef Slope",0,0,NA,NA
"8668",8668,"Rock","Sheltered Reef Slope",0,0,NA,NA
"8669",8669,"Rock","Sheltered Reef Slope",0,0,NA,NA
"8670",8670,"Rock","Sheltered Reef Slope",0,0,NA,NA
"8671",8671,"Rock","Sheltered Reef Slope",0,0,NA,NA
"8672",8672,"Coral/Algae","Reef Slope",81.0906590865983,0,"Coral/Algae",NA
"8673",8673,"Coral/Algae","Reef Slope",81.0906590865983,0,"Coral/Algae",NA
"8674",8674,"Coral/Algae","Reef Slope",81.0906590865983,0,"Coral/Algae",NA
"8675",8675,"Coral/Algae","Reef Slope",81.0906590865983,0,"Coral/Algae",NA
"8676",8676,"Coral/Algae","Sheltered Reef Slope",0,0,NA,NA
"8677",8677,"Coral/Algae","Sheltered Reef Slope",0,0,NA,NA
"8678",8678,"Coral/Algae","Sheltered Reef Slope",0,0,NA,NA
"8679",8679,"Rubble","Sheltered Reef Slope",0,0,NA,NA
"8680",8680,"Rubble","Sheltered Reef Slope",0,0,NA,NA
"8681",8681,"Rubble","Sheltered Reef Slope",0,0,NA,NA
"8682",8682,"Rubble","Sheltered Reef Slope",0,0,NA,NA
"8683",8683,"Coral/Algae","Reef Slope",0,0,NA,NA
"8684",8684,"Coral/Algae","Reef Slope",0,0,NA,NA
"8685",8685,"Coral/Algae","Reef Slope",0,0,NA,NA
"8686",8686,"Rubble","Sheltered Reef Slope",0,0,NA,NA
"8687",8687,"Rubble","Sheltered Reef Slope",0,0,NA,NA
"8688",8688,"Rubble","Sheltered Reef Slope",0,0,NA,NA
"8689",8689,"Sand","Sheltered Reef Slope",0,0,NA,NA
"8690",8690,"Sand","Sheltered Reef Slope",0,0,NA,NA
"8691",8691,"Sand","Sheltered Reef Slope",0,0,NA,NA
"8692",8692,"Rock","Sheltered Reef Slope",0,0,NA,NA
"8693",8693,"Rock","Sheltered Reef Slope",0,0,NA,NA
"8694",8694,"Rock","Sheltered Reef Slope",0,0,NA,NA
"8695",8695,"Rock","Sheltered Reef Slope",0,0,NA,NA
"8696",8696,"Rock","Sheltered Reef Slope",0,0,NA,NA
"8697",8697,"Rock","Patch Reef",0,0,NA,NA
"8698",8698,"Rock","Patch Reef",0,0,NA,NA
"8699",8699,"Rock","Patch Reef",0,0,NA,NA
"8700",8700,"Rock","Patch Reef",0,0,NA,NA
"8701",8701,"Rock","Patch Reef",0,0,NA,NA
"8702",8702,"Sand","Deep Lagoon",0,0,NA,NA
"8703",8703,"Rock","Reef Slope",35.8105031426445,0,"Rock",NA
"8704",8704,"Sand","Deep Lagoon",0,0,NA,NA
"8705",8705,"Sand","Back Reef Slope",0,0,NA,NA
"8706",8706,"Rubble","Inner Reef Flat",0,0,NA,NA
"8707",8707,"Sand","Sheltered Reef Slope",0,0,NA,NA
"8708",8708,"Sand","Outer Reef Flat",0,0,NA,NA
"8709",8709,"Sand","Outer Reef Flat",0,0,NA,NA
"8710",8710,"Sand","Outer Reef Flat",0,0,NA,NA
"8711",8711,"Sand","Outer Reef Flat",0,0,NA,NA
"8712",8712,"Sand","Deep Lagoon",0,0,NA,NA
"8713",8713,"Sand","Deep Lagoon",0,0,NA,NA
"8714",8714,"Sand","Deep Lagoon",60.2922706338885,0,"Sand",NA
"8715",8715,"Sand","Deep Lagoon",60.2922706338885,0,"Sand",NA
"8716",8716,"Sand","Sheltered Reef Slope",83.7820833364267,0,"Sand",NA
"8717",8717,"Coral/Algae","Inner Reef Flat",0,0,NA,NA
"8718",8718,"Coral/Algae","Inner Reef Flat",0,0,NA,NA
"8719",8719,"Coral/Algae","Inner Reef Flat",0,0,NA,NA
"8720",8720,"Coral/Algae","Inner Reef Flat",0,0,NA,NA
"8721",8721,"Sand","Sheltered Reef Slope",0,0,NA,NA
"8722",8722,"Sand","Sheltered Reef Slope",0,0,NA,NA
"8723",8723,"Sand","Deep Lagoon",0,0,NA,NA
"8724",8724,"Sand","Deep Lagoon",0,0,NA,NA
"8725",8725,"Sand","Sheltered Reef Slope",0,0,NA,NA
"8726",8726,"Rubble","Sheltered Reef Slope",0,0,NA,NA
"8727",8727,"Rubble","Sheltered Reef Slope",0,0,NA,NA
"8728",8728,"Coral/Algae","Inner Reef Flat",0,0,NA,NA
"8729",8729,"Coral/Algae","Inner Reef Flat",0,0,NA,NA
"8730",8730,"Coral/Algae","Inner Reef Flat",0,0,NA,NA
"8731",8731,"Coral/Algae","Reef Slope",0,0,NA,NA
"8732",8732,"Coral/Algae","Reef Slope",0,0,NA,NA
"8733",8733,"Rock","Outer Reef Flat",0,0,NA,NA
"8734",8734,"Rock","Outer Reef Flat",0,0,NA,NA
"8735",8735,"Rock","Outer Reef Flat",0,0,NA,NA
"8736",8736,"Coral/Algae","Sheltered Reef Slope",30.2455763913568,0,"Coral/Algae",NA
"8737",8737,"Rubble","Sheltered Reef Slope",0,0,NA,NA
"8738",8738,"Rubble","Sheltered Reef Slope",0,0,NA,NA
"8739",8739,"Rock","Sheltered Reef Slope",35.3955193473394,0,"Rock",NA
"8740",8740,"Rock","Sheltered Reef Slope",35.3955193473394,0,"Rock",NA
"8741",8741,"Rock","Sheltered Reef Slope",35.3955193473394,0,"Rock",NA
"8742",8742,"Rock","Sheltered Reef Slope",28.6202148824457,0,"Rock",NA
"8743",8743,"Rock","Sheltered Reef Slope",28.6202148824457,0,"Rock",NA
"8744",8744,"Sand","Deep Lagoon",0,0,NA,NA
"8745",8745,"Coral/Algae","Reef Slope",63.1268285280493,36.2836623489173,"Coral/Algae","Reef Slope"
"8746",8746,"Coral/Algae","Reef Slope",63.1268285280493,36.2836623489173,"Coral/Algae","Reef Slope"
"8747",8747,"Coral/Algae","Reef Slope",64.2014963462971,0,"Coral/Algae",NA
"8748",8748,"Coral/Algae","Reef Slope",64.2014963462971,0,"Coral/Algae",NA
"8749",8749,"Rock","Reef Slope",57.6578384952101,0,"Rock",NA
"8750",8750,"Rock","Reef Slope",57.6578384952101,0,"Rock",NA
"8751",8751,"Rock","Reef Slope",57.6578384952101,0,"Rock",NA
"8752",8752,"Coral/Algae","Reef Slope",63.0895398681382,0,"Coral/Algae",NA
"8753",8753,"Coral/Algae","Reef Slope",36.0025088463398,0,"Coral/Algae",NA
"8754",8754,"Coral/Algae","Reef Slope",36.0025088463398,0,"Coral/Algae",NA
"8755",8755,"Rock","Reef Slope",0,0,NA,NA
"8756",8756,"Rock","Reef Slope",0,0,NA,NA
"8757",8757,"Rock","Reef Slope",0,0,NA,NA
"8758",8758,"Coral/Algae","Reef Slope",0,0,NA,NA
"8759",8759,"Coral/Algae","Reef Slope",0,0,NA,NA
"8760",8760,"Rock","Sheltered Reef Slope",78.093400193565,42.5035980990302,"Rock","Sheltered Reef Slope"
"8761",8761,"Rock","Sheltered Reef Slope",78.093400193565,42.5035980990302,"Rock","Sheltered Reef Slope"
"8762",8762,"Coral/Algae","Deep Lagoon",51.355650908717,0,"Coral/Algae",NA
"8763",8763,"Coral/Algae","Sheltered Reef Slope",0,0,NA,NA
"8764",8764,"Rock","Inner Reef Flat",0,0,NA,NA
"8765",8765,"Rock","Inner Reef Flat",0,0,NA,NA
"8766",8766,"Rock","Inner Reef Flat",0,0,NA,NA
"8767",8767,"Rock","Inner Reef Flat",0,0,NA,NA
"8768",8768,"Sand","Deep Lagoon",72.9753992814578,0,"Sand",NA
"8769",8769,"Sand","Deep Lagoon",72.9753992814578,0,"Sand",NA
"8770",8770,"Rubble","Deep Lagoon",54.1174816717887,0,"Rubble",NA
"8771",8771,"Rubble","Deep Lagoon",54.1174816717887,0,"Rubble",NA
"8772",8772,"Rubble","Deep Lagoon",76.4257973896519,0,"Rubble",NA
"8773",8773,"Rubble","Deep Lagoon",76.4257973896519,0,"Rubble",NA
"8774",8774,"Sand","Deep Lagoon",36.789424772379,0,"Sand",NA
"8775",8775,"Sand","Inner Reef Flat",0,0,NA,NA
"8776",8776,"Sand","Inner Reef Flat",0,0,NA,NA
"8777",8777,"Sand","Inner Reef Flat",0,0,NA,NA
"8778",8778,"Coral/Algae","Inner Reef Flat",0,0,NA,NA
"8779",8779,"Coral/Algae","Inner Reef Flat",0,0,NA,NA
"8780",8780,"Sand","Sheltered Reef Slope",73.3455539603881,0,"Sand",NA
"8781",8781,"Rock","Reef Slope",36.6477449879658,0,"Rock",NA
"8782",8782,"Rock","Reef Slope",36.6477449879658,0,"Rock",NA
"8783",8783,"Rock","Reef Slope",62.4317397916799,34.4676948417487,"Rock","Reef Slope"
"8784",8784,"Rock","Reef Slope",62.4317397916799,34.4676948417487,"Rock","Reef Slope"
"8785",8785,"Coral/Algae","Reef Slope",27.2671490488505,0,"Coral/Algae",NA
"8786",8786,"Coral/Algae","Reef Slope",27.2671490488505,0,"Coral/Algae",NA
"8787",8787,"Rock","Reef Slope",50.1586078226675,40.9302162087666,"Rock","Reef Slope"
"8788",8788,"Rock","Reef Slope",50.1586078226675,40.9302162087666,"Rock","Reef Slope"
"8789",8789,"Coral/Algae","Reef Slope",52.9555395674794,32.1035414358022,"Coral/Algae","Reef Slope"
"8790",8790,"Coral/Algae","Reef Slope",52.9555395674794,32.1035414358022,"Coral/Algae","Reef Slope"
"8791",8791,"Rock","Reef Crest",0,0,NA,NA
"8792",8792,"Rock","Reef Crest",0,0,NA,NA
"8793",8793,"Rock","Reef Slope",0,0,NA,NA
"8794",8794,"Rock","Reef Slope",0,0,NA,NA
"8795",8795,"Rock","Reef Crest",0,0,NA,NA
"8796",8796,"Rock","Reef Crest",0,0,NA,NA
"8797",8797,"Rubble","Reef Slope",92.7987731269145,0,"Rubble",NA
"8798",8798,"Rubble","Reef Slope",92.7987731269145,0,"Rubble",NA
"8799",8799,"Rock","Reef Crest",0,0,NA,NA
"8800",8800,"Rock","Reef Crest",0,0,NA,NA
"8801",8801,"Rock","Outer Reef Flat",0,0,NA,NA
"8802",8802,"Rock","Outer Reef Flat",0,0,NA,NA
"8803",8803,"Coral/Algae","Back Reef Slope",36.2695116379814,0,"Coral/Algae",NA
"8804",8804,"Rubble","Sheltered Reef Slope",35.1866784529115,0,"Rubble",NA
"8805",8805,"Rock","Reef Crest",0,0,NA,NA
"8806",8806,"Rock","Reef Crest",0,0,NA,NA
"8807",8807,"Sand","Inner Reef Flat",0,0,NA,NA
"8808",8808,"Coral/Algae","Inner Reef Flat",0,0,NA,NA
"8809",8809,"Rock","Reef Slope",0,0,NA,NA
"8810",8810,"Rock","Reef Crest",0,0,NA,NA
"8811",8811,"Sand","Deep Lagoon",41.9183567200737,0,"Sand",NA
"8812",8812,"Sand","Deep Lagoon",41.9183567200737,0,"Sand",NA
"8813",8813,"Sand","Deep Lagoon",0,0,NA,NA
"8814",8814,"Sand","Deep Lagoon",0,0,NA,NA
"8815",8815,"Rock","Deep Lagoon",47.7760097602676,0,"Rock",NA
"8816",8816,"Sand","Deep Lagoon",0,0,NA,NA
"8817",8817,"Sand","Deep Lagoon",0,0,NA,NA
"8818",8818,"Sand","Deep Lagoon",0,0,NA,NA
"8819",8819,"Sand","Deep Lagoon",0,0,NA,NA
"8820",8820,"Sand","Deep Lagoon",0,0,NA,NA
"8821",8821,"Sand","Deep Lagoon",0,0,NA,NA
"8822",8822,"Coral/Algae","Inner Reef Flat",0,0,NA,NA
"8823",8823,"Sand","Deep Lagoon",0,0,NA,NA
"8824",8824,"Rock","Outer Reef Flat",0,0,NA,NA
"8825",8825,"Coral/Algae","Inner Reef Flat",0,0,NA,NA
"8826",8826,"Sand","Deep Lagoon",0,0,NA,NA
"8827",8827,"Rock","Reef Crest",0,0,NA,NA
"8828",8828,"Rock","Reef Slope",0,0,NA,NA
"8829",8829,"Rock","Reef Crest",0,0,NA,NA
"8830",8830,"Rock","Reef Slope",0,0,NA,NA
"8831",8831,"Coral/Algae","Back Reef Slope",0,0,NA,NA
"8832",8832,"Rock","Sheltered Reef Slope",32.7115369971411,0,"Rock",NA
"8833",8833,"Rock","Sheltered Reef Slope",32.7115369971411,0,"Rock",NA
"8834",8834,"Coral/Algae","Reef Crest",0,0,NA,NA
"8835",8835,"Coral/Algae","Reef Crest",0,0,NA,NA
"8836",8836,"Rock","Reef Crest",0,0,NA,NA
"8837",8837,"Rock","Reef Crest",0,0,NA,NA
"8838",8838,"Coral/Algae","Sheltered Reef Slope",65.2025762514065,0,"Coral/Algae",NA
"8839",8839,"Coral/Algae","Sheltered Reef Slope",65.2025762514065,0,"Coral/Algae",NA
"8840",8840,"Rock","Reef Slope",63.9440985591772,26.5640489623947,"Rock","Reef Slope"
"8841",8841,"Rock","Reef Slope",63.9440985591772,26.5640489623947,"Rock","Reef Slope"
"8842",8842,"Coral/Algae","Reef Crest",0,0,NA,NA
"8843",8843,"Coral/Algae","Reef Crest",0,0,NA,NA
"8844",8844,"Coral/Algae","Inner Reef Flat",0,0,NA,NA
"8845",8845,"Coral/Algae","Inner Reef Flat",0,0,NA,NA
"8846",8846,"Sand","Deep Lagoon",41.1314660678667,0,"Sand",NA
"8847",8847,"Sand","Deep Lagoon",41.1314660678667,0,"Sand",NA
"8848",8848,"Sand","Outer Reef Flat",0,0,NA,NA
"8849",8849,"Rock","Reef Slope",85.4899618562278,51.4443911455937,"Rock","Reef Slope"
"8850",8850,"Rock","Reef Crest",0,0,NA,NA
"8851",8851,"Rock","Inner Reef Flat",0,0,NA,NA
"8852",8852,"Sand","Back Reef Slope",42.4831000308195,0,"Sand",NA
"8853",8853,"Rock","Back Reef Slope",78.7345902135076,0,"Rock",NA
"8854",8854,"Sand","Sheltered Reef Slope",0,0,NA,NA
"8855",8855,"Coral/Algae","Sheltered Reef Slope",0,0,NA,NA
"8856",8856,"Coral/Algae","Outer Reef Flat",0,0,NA,NA
"8857",8857,"Rock","Reef Slope",0,0,NA,NA
"8858",8858,"Rock","Reef Slope",39.3274574412105,0,"Rock",NA
"8859",8859,"Rock","Reef Slope",75.8141663242456,0,"Rock",NA
"8860",8860,"Rock","Reef Slope",76.4087486142162,27.6751156327399,"Rock","Reef Slope"
"8861",8861,"Rock","Reef Slope",61.4147708471238,31.4151182637562,"Rock","Reef Slope"
"8862",8862,"Coral/Algae","Sheltered Reef Slope",0,0,NA,NA
"8863",8863,"Sand","Sheltered Reef Slope",0,0,NA,NA
"8864",8864,"Rock","Back Reef Slope",0,0,NA,NA
"8865",8865,"Rock","Reef Slope",0,0,NA,NA
"8866",8866,"Rock","Reef Slope",32.0315181155789,0,"Rock",NA
"8867",8867,"Rock","Reef Slope",32.0315181155789,0,"Rock",NA
"8868",8868,"Coral/Algae","Reef Crest",0,0,NA,NA
"8869",8869,"Coral/Algae","Reef Crest",0,0,NA,NA
"8870",8870,"Rock","Reef Crest",0,0,NA,NA
"8871",8871,"Rock","Reef Crest",0,0,NA,NA
"8872",8872,"Rock","Reef Crest",0,0,NA,NA
"8873",8873,"Rock","Reef Crest",0,0,NA,NA
"8874",8874,"Rock","Reef Crest",0,0,NA,NA
"8875",8875,"Rock","Reef Crest",0,0,NA,NA
"8876",8876,"Rock","Reef Crest",0,0,NA,NA
"8877",8877,"Rock","Reef Crest",0,0,NA,NA
"8878",8878,"Rock","Reef Crest",0,0,NA,NA
"8879",8879,"Rock","Reef Crest",0,0,NA,NA
"8880",8880,"Rock","Reef Crest",0,0,NA,NA
"8881",8881,"Rock","Reef Crest",0,0,NA,NA
"8882",8882,"Rock","Reef Crest",0,0,NA,NA
"8883",8883,"Coral/Algae","Reef Crest",0,0,NA,NA
"8884",8884,"Coral/Algae","Reef Crest",0,0,NA,NA
"8885",8885,"Rock","Reef Slope",0,0,NA,NA
"8886",8886,"Rock","Reef Slope",0,0,NA,NA
"8887",8887,"Rock","Reef Crest",0,0,NA,NA
"8888",8888,"Rock","Reef Crest",0,0,NA,NA
"8889",8889,"Rock","Reef Slope",69.2463865790616,49.6845131449612,"Rock","Reef Slope"
"8890",8890,NA,NA,157.781083292554,157.781083292554,NA,NA
"8891",8891,"Sand","Reef Slope",0,0,NA,NA
"8892",8892,"Coral/Algae","Sheltered Reef Slope",41.5676115246662,0,"Coral/Algae",NA
"8893",8893,"Sand","Back Reef Slope",34.5353033448162,0,"Sand",NA
"8894",8894,"Sand","Back Reef Slope",34.5353033448162,0,"Sand",NA
"8895",8895,"Coral/Algae","Reef Crest",0,0,NA,NA
"8896",8896,"Coral/Algae","Reef Crest",0,0,NA,NA
"8897",8897,"Sand","Back Reef Slope",0,0,NA,NA
"8898",8898,"Sand","Inner Reef Flat",0,0,NA,NA
"8899",8899,"Sand","Back Reef Slope",0,0,NA,NA
"8900",8900,"Sand","Back Reef Slope",0,0,NA,NA
"8901",8901,"Sand","Back Reef Slope",35.8945678340401,0,"Sand",NA
"8902",8902,"Sand","Back Reef Slope",35.8945678340401,0,"Sand",NA
"8903",8903,"Sand","Inner Reef Flat",0,0,NA,NA
"8904",8904,"Sand","Inner Reef Flat",0,0,NA,NA
"8905",8905,"Sand","Back Reef Slope",0,0,NA,NA
"8906",8906,"Sand","Deep Lagoon",0,0,NA,NA
"8907",8907,"Sand","Back Reef Slope",30.0559088224937,0,"Sand",NA
"8908",8908,"Coral/Algae","Deep Lagoon",48.3518360364273,0,"Coral/Algae",NA
"8909",8909,"Coral/Algae","Deep Lagoon",48.3518360364273,0,"Coral/Algae",NA
"8910",8910,"Rock","Reef Crest",0,0,NA,NA
"8911",8911,"Rock","Reef Crest",0,0,NA,NA
"8912",8912,"Rock","Reef Slope",0,0,NA,NA
"8913",8913,"Sand","Reef Slope",0,0,NA,NA
"8914",8914,"Rock","Back Reef Slope",0,0,NA,NA
"8915",8915,"Rock","Back Reef Slope",0,0,NA,NA
"8916",8916,"Rock","Back Reef Slope",28.1273290194121,0,"Rock",NA
"8917",8917,"Rock","Back Reef Slope",28.1273290194121,0,"Rock",NA
"8918",8918,NA,"Sheltered Reef Slope",128.480817149857,0,NA,NA
"8919",8919,NA,"Sheltered Reef Slope",128.480817149857,0,NA,NA
"8920",8920,"Sand","Back Reef Slope",37.2239348107118,0,"Sand",NA
"8921",8921,"Sand","Back Reef Slope",37.2239348107118,0,"Sand",NA
"8922",8922,"Sand","Back Reef Slope",0,0,NA,NA
"8923",8923,"Sand","Back Reef Slope",0,0,NA,NA
"8924",8924,"Rubble","Back Reef Slope",0,0,NA,NA
"8925",8925,"Rubble","Back Reef Slope",0,0,NA,NA
"8926",8926,"Rock","Reef Crest",0,0,NA,NA
"8927",8927,"Rubble","Back Reef Slope",0,0,NA,NA
"8928",8928,"Rubble","Back Reef Slope",0,0,NA,NA
"8929",8929,"Rubble","Back Reef Slope",75.6504217013944,0,"Rubble",NA
"8930",8930,"Rubble","Back Reef Slope",75.6504217013944,0,"Rubble",NA
"8931",8931,NA,"Back Reef Slope",172.440334996811,0,NA,NA
"8932",8932,NA,"Back Reef Slope",172.440334996811,0,NA,NA
"8933",8933,"Rock","Sheltered Reef Slope",0,0,NA,NA
"8934",8934,"Sand","Deep Lagoon",72.3172602976213,0,"Sand",NA
"8935",8935,"Rock","Reef Crest",0,0,NA,NA
"8936",8936,"Rock","Reef Crest",0,0,NA,NA
"8937",8937,"Rock","Reef Crest",0,0,NA,NA
"8938",8938,"Rock","Reef Crest",0,0,NA,NA
"8939",8939,"Rock","Reef Crest",0,0,NA,NA
"8940",8940,"Rock","Reef Crest",0,0,NA,NA
"8941",8941,"Rock","Reef Crest",0,0,NA,NA
"8942",8942,"Rock","Reef Crest",0,0,NA,NA
"8943",8943,"Rock","Reef Crest",0,0,NA,NA
"8944",8944,"Rock","Sheltered Reef Slope",36.8460143529028,0,"Rock",NA
"8945",8945,"Rock","Reef Slope",0,0,NA,NA
"8946",8946,"Rock","Reef Slope",0,0,NA,NA
"8947",8947,NA,"Sheltered Reef Slope",115.80804024032,0,NA,NA
"8948",8948,NA,"Sheltered Reef Slope",115.80804024032,0,NA,NA
"8949",8949,"Rock","Reef Slope",0,0,NA,NA
"8950",8950,"Rock","Reef Slope",0,0,NA,NA
"8951",8951,"Rock","Reef Slope",0,0,NA,NA
"8952",8952,"Rock","Reef Slope",0,0,NA,NA
"8953",8953,"Rock","Sheltered Reef Slope",38.7413513710203,0,"Rock",NA
"8954",8954,"Rock","Sheltered Reef Slope",0,0,NA,NA
"8955",8955,"Rock","Sheltered Reef Slope",0,0,NA,NA
"8956",8956,"Coral/Algae","Sheltered Reef Slope",33.5070690379735,0,"Coral/Algae",NA
"8957",8957,"Coral/Algae","Sheltered Reef Slope",33.5070690379735,0,"Coral/Algae",NA
"8958",8958,"Coral/Algae","Back Reef Slope",0,0,NA,NA
"8959",8959,"Coral/Algae","Back Reef Slope",0,0,NA,NA
"8960",8960,"Coral/Algae","Back Reef Slope",0,0,NA,NA
"8961",8961,"Rubble","Back Reef Slope",0,0,NA,NA
"8962",8962,"Rock","Back Reef Slope",0,0,NA,NA
"8963",8963,"Rock","Back Reef Slope",0,0,NA,NA
"8964",8964,"Rock","Back Reef Slope",0,0,NA,NA
"8965",8965,"Rock","Back Reef Slope",0,0,NA,NA
"8966",8966,"Rubble","Reef Slope",0,0,NA,NA
"8967",8967,"Rock","Sheltered Reef Slope",0,0,NA,NA
"8968",8968,"Rock","Back Reef Slope",0,0,NA,NA
"8969",8969,NA,"Back Reef Slope",133.007853459449,0,NA,NA
"8970",8970,NA,"Back Reef Slope",133.007853459449,0,NA,NA
"8971",8971,NA,"Back Reef Slope",133.007853459449,0,NA,NA
"8972",8972,NA,"Back Reef Slope",133.007853459449,0,NA,NA
"8973",8973,NA,"Back Reef Slope",133.007853459449,0,NA,NA
"8974",8974,NA,"Back Reef Slope",133.007853459449,0,NA,NA
"8975",8975,"Rock","Back Reef Slope",35.8124418275529,0,"Rock",NA
"8976",8976,"Rock","Back Reef Slope",35.8124418275529,0,"Rock",NA
"8977",8977,"Rock","Back Reef Slope",35.8124418275529,0,"Rock",NA
"8978",8978,"Rock","Back Reef Slope",35.8124418275529,0,"Rock",NA
"8979",8979,NA,"Sheltered Reef Slope",118.945866407184,0,NA,NA
"8980",8980,NA,"Sheltered Reef Slope",118.945866407184,0,NA,NA
"8981",8981,NA,"Sheltered Reef Slope",118.945866407184,0,NA,NA
"8982",8982,NA,"Sheltered Reef Slope",118.945866407184,0,NA,NA
"8983",8983,NA,"Sheltered Reef Slope",118.945866407184,0,NA,NA
"8984",8984,NA,"Sheltered Reef Slope",118.945866407184,0,NA,NA
"8985",8985,"Sand","Back Reef Slope",0,0,NA,NA
"8986",8986,"Sand","Back Reef Slope",0,0,NA,NA
"8987",8987,"Sand","Back Reef Slope",0,0,NA,NA
"8988",8988,"Sand","Back Reef Slope",0,0,NA,NA
"8989",8989,"Sand","Deep Lagoon",0,0,NA,NA
"8990",8990,"Sand","Sheltered Reef Slope",0,0,NA,NA
"8991",8991,"Sand","Inner Reef Flat",0,0,NA,NA
"8992",8992,"Sand","Inner Reef Flat",0,0,NA,NA
"8993",8993,"Sand","Deep Lagoon",0,0,NA,NA
"8994",8994,"Sand","Deep Lagoon",0,0,NA,NA
"8995",8995,"Sand","Deep Lagoon",0,0,NA,NA
"8996",8996,"Sand","Deep Lagoon",0,0,NA,NA
"8997",8997,"Sand","Deep Lagoon",0,0,NA,NA
"8998",8998,"Coral/Algae","Deep Lagoon",0,0,NA,NA
"8999",8999,"Rock","Sheltered Reef Slope",0,0,NA,NA
"9000",9000,"Rock","Sheltered Reef Slope",0,0,NA,NA
"9001",9001,"Rock","Sheltered Reef Slope",0,0,NA,NA
"9002",9002,"Rock","Sheltered Reef Slope",0,0,NA,NA
"9003",9003,"Rubble","Sheltered Reef Slope",0,0,NA,NA
"9004",9004,"Rubble","Back Reef Slope",68.4745386984282,0,"Rubble",NA
"9005",9005,"Sand","Sheltered Reef Slope",0,0,NA,NA
"9006",9006,"Coral/Algae","Sheltered Reef Slope",0,0,NA,NA
"9007",9007,"Rock","Reef Crest",0,0,NA,NA
"9008",9008,NA,"Back Reef Slope",130.488996186411,0,NA,NA
"9009",9009,"Rock","Back Reef Slope",33.2971386821574,0,"Rock",NA
"9010",9010,"Rock","Back Reef Slope",33.2971386821574,0,"Rock",NA
"9011",9011,"Sand","Deep Lagoon",0,0,NA,NA
"9012",9012,"Rock","Back Reef Slope",42.0780821201339,0,"Rock",NA
"9013",9013,"Rock","Back Reef Slope",42.0780821201339,0,"Rock",NA
"9014",9014,NA,"Reef Slope",371.47072538669,0,NA,NA
"9015",9015,NA,"Reef Slope",371.47072538669,0,NA,NA
"9016",9016,"Rock","Back Reef Slope",0,0,NA,NA
"9017",9017,"Rock","Back Reef Slope",0,0,NA,NA
"9018",9018,"Rock","Reef Slope",0,0,NA,NA
"9019",9019,"Rock","Reef Slope",0,0,NA,NA
"9020",9020,"Rock","Reef Slope",0,0,NA,NA
"9021",9021,"Rock","Reef Slope",0,0,NA,NA
"9022",9022,"Rock","Reef Slope",0,0,NA,NA
"9023",9023,"Rock","Reef Slope",0,0,NA,NA
"9024",9024,"Rock","Reef Slope",0,0,NA,NA
"9025",9025,"Rock","Reef Slope",0,0,NA,NA
"9026",9026,"Rock","Reef Slope",0,0,NA,NA
"9027",9027,"Rock","Reef Crest",0,0,NA,NA
"9028",9028,"Sand","Deep Lagoon",0,0,NA,NA
"9029",9029,"Sand","Deep Lagoon",0,0,NA,NA
"9030",9030,"Sand","Deep Lagoon",0,0,NA,NA
"9031",9031,"Sand","Deep Lagoon",0,0,NA,NA
"9032",9032,"Sand","Deep Lagoon",0,0,NA,NA
"9033",9033,"Sand","Deep Lagoon",0,0,NA,NA
"9034",9034,"Sand","Deep Lagoon",0,0,NA,NA
"9035",9035,"Sand","Deep Lagoon",0,0,NA,NA
"9036",9036,"Sand","Deep Lagoon",0,0,NA,NA
"9037",9037,"Sand","Deep Lagoon",0,0,NA,NA
"9038",9038,"Sand","Deep Lagoon",0,0,NA,NA
"9039",9039,"Sand","Reef Slope",0,0,NA,NA
"9040",9040,"Sand","Reef Slope",0,0,NA,NA
"9041",9041,"Sand","Reef Slope",0,0,NA,NA
"9042",9042,"Rock","Back Reef Slope",42.4074562794717,0,"Rock",NA
"9043",9043,"Rock","Back Reef Slope",42.4074562794717,0,"Rock",NA
"9044",9044,"Rock","Back Reef Slope",42.4074562794717,0,"Rock",NA
"9045",9045,"Rock","Back Reef Slope",42.4074562794717,0,"Rock",NA
"9046",9046,"Rock","Back Reef Slope",42.4074562794717,0,"Rock",NA
"9047",9047,"Rock","Back Reef Slope",42.4074562794717,0,"Rock",NA
"9048",9048,"Sand","Back Reef Slope",0,0,NA,NA
"9049",9049,"Sand","Back Reef Slope",0,0,NA,NA
"9050",9050,"Sand","Back Reef Slope",0,0,NA,NA
"9051",9051,"Sand","Back Reef Slope",0,0,NA,NA
"9052",9052,"Coral/Algae","Deep Lagoon",0,0,NA,NA
"9053",9053,"Sand","Sheltered Reef Slope",0,0,NA,NA
"9054",9054,"Sand","Back Reef Slope",0,0,NA,NA
"9055",9055,"Rock","Reef Slope",0,0,NA,NA
"9056",9056,"Rock","Back Reef Slope",0,0,NA,NA
"9057",9057,"Coral/Algae","Outer Reef Flat",0,0,NA,NA
"9058",9058,"Rock","Reef Slope",61.4043241544815,0,"Rock",NA
"9059",9059,"Rock","Reef Slope",61.4043241544815,0,"Rock",NA
"9060",9060,"Rock","Reef Slope",51.1194530974842,0,"Rock",NA
"9061",9061,NA,"Back Reef Slope",104.809607793779,0,NA,NA
"9062",9062,NA,"Back Reef Slope",104.809607793779,0,NA,NA
"9063",9063,"Rubble","Reef Slope",0,0,NA,NA
"9064",9064,"Rubble","Reef Slope",0,0,NA,NA
"9065",9065,"Rubble","Reef Slope",0,0,NA,NA
"9066",9066,NA,"Reef Slope",103.84157000513,0,NA,NA
"9067",9067,"Rock","Reef Slope",40.230376654925,0,"Rock",NA
"9068",9068,"Rock","Reef Slope",40.230376654925,0,"Rock",NA
"9069",9069,"Rock","Sheltered Reef Slope",0,0,NA,NA
"9070",9070,"Rock","Sheltered Reef Slope",0,0,NA,NA
"9071",9071,"Rock","Reef Slope",0,0,NA,NA
"9072",9072,"Rock","Back Reef Slope",0,0,NA,NA
"9073",9073,"Rock","Back Reef Slope",0,0,NA,NA
"9074",9074,"Coral/Algae","Reef Slope",0,0,NA,NA
"9075",9075,"Coral/Algae","Reef Slope",0,0,NA,NA
"9076",9076,"Rock","Back Reef Slope",0,0,NA,NA
"9077",9077,"Rock","Back Reef Slope",0,0,NA,NA
"9078",9078,"Rock","Outer Reef Flat",0,0,NA,NA
"9079",9079,"Rock","Outer Reef Flat",0,0,NA,NA
"9080",9080,NA,"Deep",141.588747709413,0,NA,NA
"9081",9081,NA,"Deep",141.588747709413,0,NA,NA
"9082",9082,"Rock","Reef Slope",69.0914024277086,45.5966475952052,"Rock","Reef Slope"
"9083",9083,NA,"Deep",113.556322268321,0,NA,NA
"9084",9084,NA,"Deep",113.556322268321,0,NA,NA
"9085",9085,NA,"Deep",113.556322268321,0,NA,NA
"9086",9086,NA,"Deep",113.556322268321,0,NA,NA
"9087",9087,"Rock","Reef Slope",62.4374170029997,0,"Rock",NA
"9088",9088,"Rock","Reef Slope",62.4374170029997,0,"Rock",NA
"9089",9089,"Rock","Reef Slope",62.4374170029997,0,"Rock",NA
"9090",9090,"Rock","Reef Slope",44.9423576875215,0,"Rock",NA
"9091",9091,"Rock","Reef Slope",44.9423576875215,0,"Rock",NA
"9092",9092,"Rock","Reef Slope",44.9423576875215,0,"Rock",NA
"9093",9093,"Rock","Reef Slope",44.9423576875215,0,"Rock",NA
"9094",9094,"Rock","Deep",40.5059472708564,0,"Rock",NA
"9095",9095,"Rock","Deep",40.5059472708564,0,"Rock",NA
"9096",9096,"Rock","Deep",40.5059472708564,0,"Rock",NA
"9097",9097,"Rock","Deep",66.337363383823,0,"Rock",NA
"9098",9098,"Rock","Deep",66.337363383823,0,"Rock",NA
"9099",9099,"Rock","Deep",66.337363383823,0,"Rock",NA
"9100",9100,"Rock","Reef Slope",84.2510214398009,44.5250076554836,"Rock","Reef Slope"
"9101",9101,"Rock","Reef Slope",84.2510214398009,44.5250076554836,"Rock","Reef Slope"
"9102",9102,"Rock","Reef Slope",84.2510214398009,44.5250076554836,"Rock","Reef Slope"
"9103",9103,"Rock","Reef Slope",84.2510214398009,44.5250076554836,"Rock","Reef Slope"
"9104",9104,"Rock","Reef Slope",84.2510214398009,44.5250076554836,"Rock","Reef Slope"
"9105",9105,"Rock","Reef Slope",0,0,NA,NA
"9106",9106,"Rock","Reef Slope",0,0,NA,NA
"9107",9107,"Rock","Reef Slope",0,0,NA,NA
"9108",9108,"Rock","Reef Slope",0,0,NA,NA
"9109",9109,"Rock","Reef Slope",0,0,NA,NA
"9110",9110,"Rock","Reef Slope",0,0,NA,NA
"9111",9111,"Rubble","Deep",97.3917864293132,0,"Rubble",NA
"9112",9112,"Rubble","Deep",97.3917864293132,0,"Rubble",NA
"9113",9113,"Rubble","Deep",97.3917864293132,0,"Rubble",NA
"9114",9114,"Rubble","Deep",97.3917864293132,0,"Rubble",NA
"9115",9115,"Rubble","Deep",97.3917864293132,0,"Rubble",NA
"9116",9116,"Rubble","Deep",97.3917864293132,0,"Rubble",NA
"9117",9117,"Sand","Deep",97.980572858449,0,"Sand",NA
"9118",9118,"Sand","Deep",97.980572858449,0,"Sand",NA
"9119",9119,"Sand","Deep",97.980572858449,0,"Sand",NA
"9120",9120,"Sand","Deep",97.980572858449,0,"Sand",NA
"9121",9121,"Coral/Algae","Outer Reef Flat",0,0,NA,NA
"9122",9122,"Coral/Algae","Outer Reef Flat",0,0,NA,NA
"9123",9123,"Coral/Algae","Outer Reef Flat",0,0,NA,NA
"9124",9124,"Sand","Reef Slope",0,0,NA,NA
"9125",9125,"Sand","Reef Slope",0,0,NA,NA
"9126",9126,"Sand","Reef Slope",0,0,NA,NA
"9127",9127,"Rock","Reef Slope",0,0,NA,NA
"9128",9128,NA,"Reef Slope",148.855236856434,54.8770610933803,NA,"Reef Slope"
"9129",9129,NA,"Reef Slope",128.241028597144,0,NA,NA
"9130",9130,NA,"Plateau",109.575098392946,0,NA,NA
"9131",9131,NA,"Plateau",175.980658796893,0,NA,NA
"9132",9132,NA,"Plateau",175.980658796893,0,NA,NA
"9133",9133,"Rock","Back Reef Slope",29.4246181636037,0,"Rock",NA
"9134",9134,"Rock","Back Reef Slope",29.4246181636037,0,"Rock",NA
"9135",9135,"Rock","Back Reef Slope",0,0,NA,NA
"9136",9136,"Rock","Back Reef Slope",0,0,NA,NA
"9137",9137,"Rock","Back Reef Slope",0,0,NA,NA
"9138",9138,"Rock","Reef Slope",0,0,NA,NA
"9139",9139,"Rock","Reef Slope",0,0,NA,NA
"9140",9140,"Rock","Reef Slope",0,0,NA,NA
"9141",9141,"Rock","Reef Crest",0,0,NA,NA
"9142",9142,"Rock","Reef Crest",0,0,NA,NA
"9143",9143,"Rock","Reef Crest",0,0,NA,NA
"9144",9144,"Rock","Reef Slope",0,0,NA,NA
"9145",9145,"Rock","Reef Slope",0,0,NA,NA
"9146",9146,"Rubble","Reef Slope",0,0,NA,NA
"9147",9147,"Rubble","Reef Slope",0,0,NA,NA
"9148",9148,"Rubble","Reef Slope",0,0,NA,NA
"9149",9149,"Rubble","Reef Slope",0,0,NA,NA
"9150",9150,"Coral/Algae","Back Reef Slope",0,0,NA,NA
"9151",9151,"Coral/Algae","Back Reef Slope",0,0,NA,NA
"9152",9152,"Coral/Algae","Back Reef Slope",0,0,NA,NA
"9153",9153,"Coral/Algae","Back Reef Slope",0,0,NA,NA
"9154",9154,"Coral/Algae","Back Reef Slope",0,0,NA,NA
"9155",9155,"Rubble","Back Reef Slope",0,0,NA,NA
"9156",9156,"Rubble","Back Reef Slope",0,0,NA,NA
"9157",9157,"Rubble","Back Reef Slope",0,0,NA,NA
"9158",9158,"Rock","Plateau",82.2598669799804,0,"Rock",NA
"9159",9159,"Rock","Reef Slope",68.8937206319501,0,"Rock",NA
"9160",9160,"Rock","Reef Slope",68.8937206319501,0,"Rock",NA
"9161",9161,"Rock","Reef Crest",0,0,NA,NA
"9162",9162,"Rock","Reef Crest",0,0,NA,NA
"9163",9163,"Rock","Reef Slope",91.3071436115144,0,"Rock",NA
"9164",9164,"Coral/Algae","Reef Slope",0,0,NA,NA
"9165",9165,"Coral/Algae","Sheltered Reef Slope",0,0,NA,NA
"9166",9166,"Sand","Inner Reef Flat",0,0,NA,NA
"9167",9167,"Rubble","Outer Reef Flat",0,0,NA,NA
"9168",9168,"Sand","Deep Lagoon",0,0,NA,NA
"9169",9169,"Coral/Algae","Reef Crest",0,0,NA,NA
"9170",9170,"Rock","Outer Reef Flat",0,0,NA,NA
"9171",9171,"Rock","Outer Reef Flat",0,0,NA,NA
"9172",9172,"Rock","Reef Crest",0,0,NA,NA
"9173",9173,"Coral/Algae","Reef Crest",0,0,NA,NA
"9174",9174,"Coral/Algae","Reef Crest",0,0,NA,NA
"9175",9175,"Rock","Reef Crest",0,0,NA,NA
"9176",9176,"Rock","Reef Crest",0,0,NA,NA
"9177",9177,"Coral/Algae","Reef Crest",0,0,NA,NA
"9178",9178,"Coral/Algae","Reef Crest",0,0,NA,NA
"9179",9179,"Coral/Algae","Reef Crest",0,0,NA,NA
"9180",9180,"Coral/Algae","Reef Crest",0,0,NA,NA
"9181",9181,"Coral/Algae","Reef Crest",0,0,NA,NA
"9182",9182,"Coral/Algae","Reef Crest",0,0,NA,NA
"9183",9183,"Rock","Reef Crest",0,0,NA,NA
"9184",9184,"Rock","Reef Crest",0,0,NA,NA
"9185",9185,"Coral/Algae","Reef Crest",0,0,NA,NA
"9186",9186,"Coral/Algae","Reef Crest",0,0,NA,NA
"9187",9187,"Coral/Algae","Reef Crest",0,0,NA,NA
"9188",9188,"Coral/Algae","Reef Crest",0,0,NA,NA
"9189",9189,"Coral/Algae","Reef Crest",0,0,NA,NA
"9190",9190,"Rock","Back Reef Slope",0,0,NA,NA
"9191",9191,"Rubble","Back Reef Slope",0,0,NA,NA
"9192",9192,"Rubble","Sheltered Reef Slope",0,0,NA,NA
"9193",9193,"Rubble","Sheltered Reef Slope",0,0,NA,NA
"9194",9194,"Rock","Reef Crest",0,0,NA,NA
"9195",9195,"Rock","Reef Crest",0,0,NA,NA
"9196",9196,"Rock","Outer Reef Flat",0,0,NA,NA
"9197",9197,"Rock","Reef Slope",0,0,NA,NA
"9198",9198,"Rock","Reef Slope",0,0,NA,NA
"9199",9199,"Rock","Reef Crest",0,0,NA,NA
"9200",9200,"Coral/Algae","Outer Reef Flat",0,0,NA,NA
"9201",9201,"Coral/Algae","Outer Reef Flat",0,0,NA,NA
"9202",9202,"Coral/Algae","Outer Reef Flat",0,0,NA,NA
"9203",9203,"Rubble","Reef Slope",0,0,NA,NA
"9204",9204,"Rubble","Reef Slope",0,0,NA,NA
"9205",9205,"Sand","Reef Slope",0,0,NA,NA
"9206",9206,"Sand","Reef Slope",0,0,NA,NA
"9207",9207,"Rock","Inner Reef Flat",0,0,NA,NA
"9208",9208,"Rock","Reef Slope",0,0,NA,NA
